date,game_id,team,before_rank,before,after,change,opponent,opponent_before,result,my_score,opponent_score,tournament,importance,expected
2022-06-03 10:00:00,99086,Colombia,11,1440.0,1438.41,-1.59,Panama,1408.0,L,2,15,V Panamericano Sub-15 de Beisbol - V U-15 Pan American Baseball Championship 2022,2.0,0.5307
2022-06-03 10:00:00,99086,Panama,13,1408.0,1409.59,1.59,Colombia,1440.0,W,15,2,V Panamericano Sub-15 de Beisbol - V U-15 Pan American Baseball Championship 2022,2.0,0.4693
2022-06-04 09:00:00,99088,Cuba,9,1472.0,1472.98,0.98,Colombia,1438.41,W,8,7,V Panamericano Sub-15 de Beisbol - V U-15 Pan American Baseball Championship 2022,2.0,0.5322
2022-06-04 09:00:00,99088,Colombia,11,1438.41,1437.43,-0.98,Cuba,1472.0,L,7,8,V Panamericano Sub-15 de Beisbol - V U-15 Pan American Baseball Championship 2022,2.0,0.4678
2022-06-04 13:00:00,99089,Panama,13,1409.59,1411.24,1.65,Venezuela,1504.0,W,9,1,V Panamericano Sub-15 de Beisbol - V U-15 Pan American Baseball Championship 2022,2.0,0.4104
2022-06-04 13:00:00,99089,Venezuela,7,1504.0,1502.35,-1.65,Panama,1409.59,L,1,9,V Panamericano Sub-15 de Beisbol - V U-15 Pan American Baseball Championship 2022,2.0,0.5896
2022-06-05 09:00:00,99099,Puerto Rico,16,1360.0,1361.33,1.33,Cuba,1472.98,W,4,2,V Panamericano Sub-15 de Beisbol - V U-15 Pan American Baseball Championship 2022,2.0,0.3933
2022-06-05 09:00:00,99099,Cuba,9,1472.98,1471.65,-1.33,Puerto Rico,1360.0,L,2,4,V Panamericano Sub-15 de Beisbol - V U-15 Pan American Baseball Championship 2022,2.0,0.6067
2022-06-05 13:00:00,99098,Venezuela,7,1502.35,1503.59,1.24,Dominican Republic,1520.0,W,8,4,V Panamericano Sub-15 de Beisbol - V U-15 Pan American Baseball Championship 2022,2.0,0.4831
2022-06-05 13:00:00,99098,Dominican Republic,6,1520.0,1518.76,-1.24,Venezuela,1502.35,L,4,8,V Panamericano Sub-15 de Beisbol - V U-15 Pan American Baseball Championship 2022,2.0,0.5169
2022-06-06 09:00:00,99100,Dominican Republic,6,1518.76,1517.32,-1.44,Panama,1411.24,L,3,7,V Panamericano Sub-15 de Beisbol - V U-15 Pan American Baseball Championship 2022,2.0,0.6017
2022-06-06 09:00:00,99100,Panama,13,1411.24,1412.69,1.44,Dominican Republic,1518.76,W,7,3,V Panamericano Sub-15 de Beisbol - V U-15 Pan American Baseball Championship 2022,2.0,0.3983
2022-06-06 13:00:00,99097,Colombia,11,1437.43,1435.88,-1.55,Puerto Rico,1361.33,L,2,9,V Panamericano Sub-15 de Beisbol - V U-15 Pan American Baseball Championship 2022,2.0,0.5725
2022-06-06 13:00:00,99097,Puerto Rico,16,1361.33,1362.88,1.55,Colombia,1437.43,W,9,2,V Panamericano Sub-15 de Beisbol - V U-15 Pan American Baseball Championship 2022,2.0,0.4275
2022-06-06 17:30:00,99094,Cuba,9,1471.65,1472.81,1.17,Venezuela,1503.59,W,6,4,V Panamericano Sub-15 de Beisbol - V U-15 Pan American Baseball Championship 2022,2.0,0.4694
2022-06-06 17:30:00,99094,Venezuela,7,1503.59,1502.42,-1.17,Cuba,1471.65,L,4,6,V Panamericano Sub-15 de Beisbol - V U-15 Pan American Baseball Championship 2022,2.0,0.5306
2022-06-07 09:00:00,99092,Panama,13,1412.69,1411.21,-1.48,Puerto Rico,1362.88,L,4,11,V Panamericano Sub-15 de Beisbol - V U-15 Pan American Baseball Championship 2022,2.0,0.5476
2022-06-07 09:00:00,99092,Puerto Rico,16,1362.88,1364.36,1.48,Panama,1412.69,W,11,4,V Panamericano Sub-15 de Beisbol - V U-15 Pan American Baseball Championship 2022,2.0,0.4524
2022-06-07 13:00:00,99248,Dominican Republic,6,1517.32,1515.69,-1.63,Cuba,1472.81,L,2,12,V Panamericano Sub-15 de Beisbol - V U-15 Pan American Baseball Championship 2022,2.0,0.5426
2022-06-07 13:00:00,99248,Cuba,9,1472.81,1474.44,1.63,Dominican Republic,1517.32,W,12,2,V Panamericano Sub-15 de Beisbol - V U-15 Pan American Baseball Championship 2022,2.0,0.4574
2022-06-08 09:00:00,99095,Cuba,9,1474.44,1475.37,0.92,Panama,1411.21,W,13,12,V Panamericano Sub-15 de Beisbol - V U-15 Pan American Baseball Championship 2022,2.0,0.5604
2022-06-08 09:00:00,99095,Panama,13,1411.21,1410.29,-0.92,Cuba,1474.44,L,12,13,V Panamericano Sub-15 de Beisbol - V U-15 Pan American Baseball Championship 2022,2.0,0.4396
2022-06-08 10:00:00,99093,Dominican Republic,6,1515.69,1514.31,-1.38,Colombia,1435.88,L,8,12,V Panamericano Sub-15 de Beisbol - V U-15 Pan American Baseball Championship 2022,2.0,0.576
2022-06-08 10:00:00,99093,Colombia,11,1435.88,1437.26,1.38,Dominican Republic,1515.69,W,12,8,V Panamericano Sub-15 de Beisbol - V U-15 Pan American Baseball Championship 2022,2.0,0.424
2022-06-08 13:00:00,99087,Venezuela,7,1502.42,1503.2,0.78,Puerto Rico,1364.36,W,9,8,V Panamericano Sub-15 de Beisbol - V U-15 Pan American Baseball Championship 2022,2.0,0.6294
2022-06-08 13:00:00,99087,Puerto Rico,16,1364.36,1363.58,-0.78,Venezuela,1502.42,L,8,9,V Panamericano Sub-15 de Beisbol - V U-15 Pan American Baseball Championship 2022,2.0,0.3706
2022-06-09 10:00:00,99090,Puerto Rico,16,1363.58,1362.68,-0.9,Dominican Republic,1514.31,L,5,10,V Panamericano Sub-15 de Beisbol - V U-15 Pan American Baseball Championship 2022,2.0,0.3593
2022-06-09 10:00:00,99090,Dominican Republic,6,1514.31,1515.2,0.9,Puerto Rico,1363.58,W,10,5,V Panamericano Sub-15 de Beisbol - V U-15 Pan American Baseball Championship 2022,2.0,0.6407
2022-06-09 15:00:00,99096,Venezuela,7,1503.2,1504.47,1.27,Colombia,1437.26,W,11,2,V Panamericano Sub-15 de Beisbol - V U-15 Pan American Baseball Championship 2022,2.0,0.5629
2022-06-09 15:00:00,99096,Colombia,11,1437.26,1435.99,-1.27,Venezuela,1503.2,L,2,11,V Panamericano Sub-15 de Beisbol - V U-15 Pan American Baseball Championship 2022,2.0,0.4371
2022-06-10 10:00:00,99102,Puerto Rico,16,1362.68,1361.73,-0.95,Panama,1410.29,L,11,12,V Panamericano Sub-15 de Beisbol - V U-15 Pan American Baseball Championship 2022,2.0,0.4545
2022-06-10 10:00:00,99102,Panama,13,1410.29,1411.24,0.95,Puerto Rico,1362.68,W,12,11,V Panamericano Sub-15 de Beisbol - V U-15 Pan American Baseball Championship 2022,2.0,0.5455
2022-06-10 10:00:00,99570,Puerto Rico,16,1361.73,1362.51,0.78,Guatemala,800.0,W,11,0,U-23 Men´s Baseball World Cup Americas Qualifier 2022,5.0,0.8962
2022-06-10 10:00:00,99570,Guatemala,60,800.0,799.22,-0.78,Puerto Rico,1361.73,L,0,11,U-23 Men´s Baseball World Cup Americas Qualifier 2022,5.0,0.1038
2022-06-10 12:00:00,99572,Cuba,9,1475.37,1477.21,1.85,Argentina,1184.0,W,11,0,U-23 Men´s Baseball World Cup Americas Qualifier 2022,5.0,0.7536
2022-06-10 12:00:00,99572,Argentina,27,1184.0,1182.15,-1.85,Cuba,1475.37,L,0,11,U-23 Men´s Baseball World Cup Americas Qualifier 2022,5.0,0.2464
2022-06-10 13:00:00,99101,Cuba,9,1477.21,1475.93,-1.28,Venezuela,1504.47,L,0,7,V Panamericano Sub-15 de Beisbol - V U-15 Pan American Baseball Championship 2022,2.0,0.4739
2022-06-10 13:00:00,99101,Venezuela,7,1504.47,1505.75,1.28,Cuba,1477.21,W,7,0,V Panamericano Sub-15 de Beisbol - V U-15 Pan American Baseball Championship 2022,2.0,0.5261
2022-06-10 13:30:00,99571,Nicaragua,15,1376.0,1373.47,-2.53,Mexico,1552.0,L,0,11,U-23 Men´s Baseball World Cup Americas Qualifier 2022,5.0,0.3373
2022-06-10 13:30:00,99571,Mexico,4,1552.0,1554.53,2.53,Nicaragua,1376.0,W,11,0,U-23 Men´s Baseball World Cup Americas Qualifier 2022,5.0,0.6627
2022-06-11 10:00:00,99103,Colombia,11,1435.99,1437.2,1.21,Dominican Republic,1515.2,W,10,9,V Panamericano Sub-15 de Beisbol - V U-15 Pan American Baseball Championship 2022,2.0,0.4246
2022-06-11 10:00:00,99103,Dominican Republic,6,1515.2,1514.0,-1.21,Colombia,1435.99,L,9,10,V Panamericano Sub-15 de Beisbol - V U-15 Pan American Baseball Championship 2022,2.0,0.5754
2022-06-11 10:00:00,99573,Cuba,9,1475.93,1478.84,2.91,Venezuela,1505.75,W,3,1,U-23 Men´s Baseball World Cup Americas Qualifier 2022,5.0,0.4714
2022-06-11 10:00:00,99573,Venezuela,7,1505.75,1502.84,-2.91,Cuba,1475.93,L,1,3,U-23 Men´s Baseball World Cup Americas Qualifier 2022,5.0,0.5286
2022-06-11 12:00:00,99606,Guatemala,96,799.22,798.48,-0.75,Nicaragua,1373.47,L,0,15,U-23 Men´s Baseball World Cup Americas Qualifier 2022,5.0,0.0994
2022-06-11 12:00:00,99606,Nicaragua,15,1373.47,1374.22,0.75,Guatemala,799.22,W,15,0,U-23 Men´s Baseball World Cup Americas Qualifier 2022,5.0,0.9006
2022-06-11 13:00:00,99104,Cuba,9,1478.84,1480.01,1.17,Puerto Rico,1362.51,W,11,1,V Panamericano Sub-15 de Beisbol - V U-15 Pan American Baseball Championship 2022,2.0,0.6098
2022-06-11 13:00:00,99104,Puerto Rico,16,1362.51,1361.34,-1.17,Cuba,1478.84,L,1,11,V Panamericano Sub-15 de Beisbol - V U-15 Pan American Baseball Championship 2022,2.0,0.3902
2022-06-11 13:00:00,99574,Argentina,27,1182.15,1180.7,-1.45,Mexico,1554.53,L,3,18,U-23 Men´s Baseball World Cup Americas Qualifier 2022,5.0,0.1932
2022-06-11 13:00:00,99574,Mexico,4,1554.53,1555.98,1.45,Argentina,1182.15,W,18,3,U-23 Men´s Baseball World Cup Americas Qualifier 2022,5.0,0.8068
2022-06-12 10:00:00,99613,Puerto Rico,16,1361.34,1359.01,-2.33,Cuba,1480.01,L,2,6,U-23 Men´s Baseball World Cup Americas Qualifier 2022,5.0,0.3881
2022-06-12 10:00:00,99613,Cuba,9,1480.01,1482.34,2.33,Puerto Rico,1361.34,W,6,2,U-23 Men´s Baseball World Cup Americas Qualifier 2022,5.0,0.6119
2022-06-12 12:00:00,99615,Venezuela,7,1502.84,1504.3,1.46,Argentina,1180.7,W,12,6,U-23 Men´s Baseball World Cup Americas Qualifier 2022,5.0,0.7749
2022-06-12 12:00:00,99615,Argentina,27,1180.7,1179.24,-1.46,Venezuela,1502.84,L,6,12,U-23 Men´s Baseball World Cup Americas Qualifier 2022,5.0,0.2251
2022-06-12 13:00:00,99105,Panama,13,1411.24,1410.29,-0.95,Venezuela,1504.3,L,2,5,V Panamericano Sub-15 de Beisbol - V U-15 Pan American Baseball Championship 2022,2.0,0.4117
2022-06-12 13:00:00,99105,Venezuela,7,1504.3,1505.25,0.95,Panama,1411.24,W,5,2,V Panamericano Sub-15 de Beisbol - V U-15 Pan American Baseball Championship 2022,2.0,0.5883
2022-06-12 13:30:00,99614,Mexico,4,1555.98,1556.37,0.39,Guatemala,798.48,W,21,1,U-23 Men´s Baseball World Cup Americas Qualifier 2022,5.0,0.9482
2022-06-12 13:30:00,99614,Guatemala,96,798.48,798.09,-0.39,Mexico,1555.98,L,1,21,U-23 Men´s Baseball World Cup Americas Qualifier 2022,5.0,0.0518
2022-06-13 11:00:00,99616,Venezuela,7,1505.25,1501.87,-3.38,Mexico,1556.37,L,0,14,U-23 Men´s Baseball World Cup Americas Qualifier 2022,5.0,0.4511
2022-06-13 11:00:00,99616,Mexico,4,1556.37,1559.75,3.38,Venezuela,1505.25,W,14,0,U-23 Men´s Baseball World Cup Americas Qualifier 2022,5.0,0.5489
2022-06-13 12:00:00,99617,Argentina,27,1179.24,1176.73,-2.51,Puerto Rico,1359.01,L,1,12,U-23 Men´s Baseball World Cup Americas Qualifier 2022,5.0,0.3341
2022-06-13 12:00:00,99617,Puerto Rico,16,1359.01,1361.51,2.51,Argentina,1179.24,W,12,1,U-23 Men´s Baseball World Cup Americas Qualifier 2022,5.0,0.6659
2022-06-13 14:30:00,99618,Cuba,9,1482.34,1479.03,-3.31,Nicaragua,1374.22,L,1,3,U-23 Men´s Baseball World Cup Americas Qualifier 2022,5.0,0.6023
2022-06-13 14:30:00,99618,Nicaragua,15,1374.22,1377.53,3.31,Cuba,1482.34,W,3,1,U-23 Men´s Baseball World Cup Americas Qualifier 2022,5.0,0.3977
2022-06-14 09:00:00,99619,Nicaragua,15,1377.53,1379.51,1.98,Argentina,1176.73,W,5,0,U-23 Men´s Baseball World Cup Americas Qualifier 2022,5.0,0.6836
2022-06-14 09:00:00,99619,Argentina,27,1176.73,1174.76,-1.98,Nicaragua,1377.53,L,0,5,U-23 Men´s Baseball World Cup Americas Qualifier 2022,5.0,0.3164
2022-06-14 12:00:00,99620,Guatemala,96,798.09,797.61,-0.48,Cuba,1479.03,L,2,10,U-23 Men´s Baseball World Cup Americas Qualifier 2022,5.0,0.0683
2022-06-14 12:00:00,99620,Cuba,9,1479.03,1479.51,0.48,Guatemala,798.09,W,10,2,U-23 Men´s Baseball World Cup Americas Qualifier 2022,5.0,0.9317
2022-06-14 12:30:00,99621,Puerto Rico,16,1361.51,1359.39,-2.12,Venezuela,1501.87,L,3,6,U-23 Men´s Baseball World Cup Americas Qualifier 2022,5.0,0.3685
2022-06-14 12:30:00,99621,Venezuela,7,1501.87,1503.99,2.12,Puerto Rico,1361.51,W,6,3,U-23 Men´s Baseball World Cup Americas Qualifier 2022,5.0,0.6315
2022-06-15 09:00:00,99622,Venezuela,7,1503.99,1500.75,-3.24,Nicaragua,1379.51,L,0,1,U-23 Men´s Baseball World Cup Americas Qualifier 2022,5.0,0.6172
2022-06-15 09:00:00,99622,Nicaragua,15,1379.51,1382.75,3.24,Venezuela,1503.99,W,1,0,U-23 Men´s Baseball World Cup Americas Qualifier 2022,5.0,0.3828
2022-06-15 12:00:00,99623,Argentina,27,1174.76,1176.19,1.43,Guatemala,797.61,W,17,3,U-23 Men´s Baseball World Cup Americas Qualifier 2022,5.0,0.8096
2022-06-15 12:00:00,99623,Guatemala,96,797.61,796.18,-1.43,Argentina,1174.76,L,3,17,U-23 Men´s Baseball World Cup Americas Qualifier 2022,5.0,0.1904
2022-06-15 12:30:00,99661,Mexico,4,1559.75,1561.41,1.66,Puerto Rico,1359.39,W,2,1,U-23 Men´s Baseball World Cup Americas Qualifier 2022,5.0,0.6833
2022-06-15 12:30:00,99661,Puerto Rico,16,1359.39,1357.73,-1.66,Mexico,1559.75,L,1,2,U-23 Men´s Baseball World Cup Americas Qualifier 2022,5.0,0.3167
2022-06-16 09:00:00,99662,Guatemala,96,796.18,795.77,-0.41,Venezuela,1500.75,L,0,6,U-23 Men´s Baseball World Cup Americas Qualifier 2022,5.0,0.0627
2022-06-16 09:00:00,99662,Venezuela,7,1500.75,1501.15,0.41,Guatemala,796.18,W,6,0,U-23 Men´s Baseball World Cup Americas Qualifier 2022,5.0,0.9373
2022-06-16 12:00:00,99663,Nicaragua,15,1382.75,1379.08,-3.67,Puerto Rico,1357.73,L,2,10,U-23 Men´s Baseball World Cup Americas Qualifier 2022,5.0,0.524
2022-06-16 12:00:00,99663,Puerto Rico,16,1357.73,1361.4,3.67,Nicaragua,1382.75,W,10,2,U-23 Men´s Baseball World Cup Americas Qualifier 2022,5.0,0.476
2022-06-16 12:30:00,99664,Mexico,4,1561.41,1563.84,2.43,Cuba,1479.51,W,3,0,U-23 Men´s Baseball World Cup Americas Qualifier 2022,5.0,0.5779
2022-06-16 12:30:00,99664,Cuba,9,1479.51,1477.08,-2.43,Mexico,1561.41,L,0,3,U-23 Men´s Baseball World Cup Americas Qualifier 2022,5.0,0.4221
2022-06-18 10:00:00,99665,Nicaragua,15,1379.08,1376.94,-2.14,Cuba,1477.08,L,5,6,U-23 Men´s Baseball World Cup Americas Qualifier 2022,5.0,0.4071
2022-06-18 10:00:00,99665,Cuba,9,1477.08,1479.22,2.14,Nicaragua,1379.08,W,6,5,U-23 Men´s Baseball World Cup Americas Qualifier 2022,5.0,0.5929
2022-06-18 10:00:00,99667,Puerto Rico,16,1361.4,1363.62,2.22,Argentina,1176.19,W,7,0,U-23 Men´s Baseball World Cup Americas Qualifier 2022,5.0,0.6706
2022-06-18 10:00:00,99667,Argentina,27,1176.19,1173.96,-2.22,Puerto Rico,1361.4,L,0,7,U-23 Men´s Baseball World Cup Americas Qualifier 2022,5.0,0.3294
2022-06-18 13:30:00,99666,Mexico,4,1563.84,1566.59,2.75,Venezuela,1501.15,W,5,0,U-23 Men´s Baseball World Cup Americas Qualifier 2022,5.0,0.5599
2022-06-18 13:30:00,99666,Venezuela,7,1501.15,1498.4,-2.75,Mexico,1563.84,L,0,5,U-23 Men´s Baseball World Cup Americas Qualifier 2022,5.0,0.4401
2022-06-19 10:00:00,99668,Venezuela,7,1498.4,1495.18,-3.23,Nicaragua,1376.94,L,3,4,U-23 Men´s Baseball World Cup Americas Qualifier 2022,5.0,0.6145
2022-06-19 10:00:00,99668,Nicaragua,15,1376.94,1380.17,3.23,Venezuela,1498.4,W,4,3,U-23 Men´s Baseball World Cup Americas Qualifier 2022,5.0,0.3855
2022-06-19 13:30:00,99669,Cuba,9,1479.22,1476.71,-2.5,Mexico,1566.59,L,0,4,U-23 Men´s Baseball World Cup Americas Qualifier 2022,5.0,0.4169
2022-06-19 13:30:00,99669,Mexico,4,1566.59,1569.09,2.5,Cuba,1479.22,W,4,0,U-23 Men´s Baseball World Cup Americas Qualifier 2022,5.0,0.5831
2022-06-29 19:00:00,100191,Peru,42,944.0,942.69,-1.31,Dominican Republic,1514.0,L,0,6,XIX Juegos Bolivarianos - Beisbol | XIX Bolivarian Games - Baseball 2022,10.0,0.1009
2022-06-29 19:00:00,100191,Dominican Republic,6,1514.0,1515.31,1.31,Peru,944.0,W,6,0,XIX Juegos Bolivarianos - Beisbol | XIX Bolivarian Games - Baseball 2022,10.0,0.8991
2022-06-30 14:00:00,100192,Dominican Republic,6,1515.31,1508.3,-7.01,Venezuela,1495.18,L,2,9,XIX Juegos Bolivarianos - Beisbol | XIX Bolivarian Games - Baseball 2022,10.0,0.5193
2022-06-30 14:00:00,100192,Venezuela,7,1495.18,1502.19,7.01,Dominican Republic,1515.31,W,9,2,XIX Juegos Bolivarianos - Beisbol | XIX Bolivarian Games - Baseball 2022,10.0,0.4807
2022-06-30 19:00:00,100188,Colombia,11,1437.2,1439.03,1.83,Peru,942.69,W,8,0,XIX Juegos Bolivarianos - Beisbol | XIX Bolivarian Games - Baseball 2022,10.0,0.8696
2022-06-30 19:00:00,100188,Peru,42,942.69,940.86,-1.83,Colombia,1437.2,L,0,8,XIX Juegos Bolivarianos - Beisbol | XIX Bolivarian Games - Baseball 2022,10.0,0.1304
2022-07-01 14:00:00,100189,Peru,42,940.86,950.27,9.41,Venezuela,1502.19,W,5,4,XIX Juegos Bolivarianos - Beisbol | XIX Bolivarian Games - Baseball 2022,10.0,0.1039
2022-07-01 14:00:00,100189,Venezuela,7,1502.19,1492.78,-9.41,Peru,940.86,L,4,5,XIX Juegos Bolivarianos - Beisbol | XIX Bolivarian Games - Baseball 2022,10.0,0.8961
2022-07-01 19:00:00,100190,Colombia,11,1439.03,1433.17,-5.86,Dominican Republic,1508.3,L,4,11,XIX Juegos Bolivarianos - Beisbol | XIX Bolivarian Games - Baseball 2022,10.0,0.4339
2022-07-01 19:00:00,100190,Dominican Republic,6,1508.3,1514.15,5.86,Colombia,1439.03,W,11,4,XIX Juegos Bolivarianos - Beisbol | XIX Bolivarian Games - Baseball 2022,10.0,0.5661
2022-07-02 14:00:00,100193,Dominican Republic,6,1514.15,1515.49,1.34,Peru,950.27,W,7,1,XIX Juegos Bolivarianos - Beisbol | XIX Bolivarian Games - Baseball 2022,10.0,0.897
2022-07-02 14:00:00,100193,Peru,42,950.27,948.93,-1.34,Dominican Republic,1514.15,L,1,7,XIX Juegos Bolivarianos - Beisbol | XIX Bolivarian Games - Baseball 2022,10.0,0.103
2022-07-02 19:00:00,100194,Venezuela,7,1492.78,1484.42,-8.35,Colombia,1433.17,L,0,10,XIX Juegos Bolivarianos - Beisbol | XIX Bolivarian Games - Baseball 2022,10.0,0.5569
2022-07-02 19:00:00,100194,Colombia,11,1433.17,1441.52,8.35,Venezuela,1492.78,W,10,0,XIX Juegos Bolivarianos - Beisbol | XIX Bolivarian Games - Baseball 2022,10.0,0.4431
2022-07-03 14:00:00,100195,Venezuela,8,1484.42,1477.37,-7.05,Dominican Republic,1515.49,L,2,14,XIX Juegos Bolivarianos - Beisbol | XIX Bolivarian Games - Baseball 2022,10.0,0.4702
2022-07-03 14:00:00,100195,Dominican Republic,6,1515.49,1522.55,7.05,Venezuela,1484.42,W,14,2,XIX Juegos Bolivarianos - Beisbol | XIX Bolivarian Games - Baseball 2022,10.0,0.5298
2022-07-03 19:00:00,100196,Peru,42,948.93,947.1,-1.84,Colombia,1441.52,L,0,8,XIX Juegos Bolivarianos - Beisbol | XIX Bolivarian Games - Baseball 2022,10.0,0.1312
2022-07-03 19:00:00,100196,Colombia,11,1441.52,1443.36,1.84,Peru,948.93,W,8,0,XIX Juegos Bolivarianos - Beisbol | XIX Bolivarian Games - Baseball 2022,10.0,0.8688
2022-07-04 11:00:00,98593,Belgium,25,1216.0,1216.83,0.83,Croatia,1104.0,W,7,6,U-18 European Baseball Championship Qualifier 2022,2.0,0.6058
2022-07-04 11:00:00,98593,Croatia,32,1104.0,1103.17,-0.83,Belgium,1216.0,L,6,7,U-18 European Baseball Championship Qualifier 2022,2.0,0.3942
2022-07-04 14:00:00,100197,Venezuela,8,1477.37,1478.58,1.21,Peru,947.1,W,6,5,XIX Juegos Bolivarianos - Beisbol | XIX Bolivarian Games - Baseball 2022,10.0,0.8844
2022-07-04 14:00:00,100197,Peru,42,947.1,945.88,-1.21,Venezuela,1477.37,L,5,6,XIX Juegos Bolivarianos - Beisbol | XIX Bolivarian Games - Baseball 2022,10.0,0.1156
2022-07-04 16:00:00,98594,Romania,56,800.0,799.18,-0.82,Slovakia,1056.0,L,2,15,U-18 European Baseball Championship Qualifier 2022,2.0,0.2724
2022-07-04 16:00:00,98594,Slovakia,35,1056.0,1056.82,0.82,Romania,800.0,W,15,2,U-18 European Baseball Championship Qualifier 2022,2.0,0.7276
2022-07-04 19:00:00,100199,Dominican Republic,6,1522.55,1527.64,5.1,Colombia,1443.36,W,6,2,XIX Juegos Bolivarianos - Beisbol | XIX Bolivarian Games - Baseball 2022,10.0,0.5754
2022-07-04 19:00:00,100199,Colombia,11,1443.36,1438.27,-5.1,Dominican Republic,1522.55,L,2,6,XIX Juegos Bolivarianos - Beisbol | XIX Bolivarian Games - Baseball 2022,10.0,0.4246
2022-07-05 10:00:00,98583,Sweden,40,976.0,976.74,0.74,Poland,800.0,W,2,0,U-18 European Baseball Championship Qualifier 2022,2.0,0.6627
2022-07-05 10:00:00,98583,Poland,58,800.0,799.26,-0.74,Sweden,976.0,L,0,2,U-18 European Baseball Championship Qualifier 2022,2.0,0.3373
2022-07-05 10:00:00,98636,Great Britain,24,1232.0,1232.46,0.46,Finland,800.0,W,9,0,U-12 European Baseball Championship Qualifier 2022,2.0,0.84
2022-07-05 10:00:00,98636,Finland,56,800.0,799.54,-0.46,Great Britain,1232.0,L,0,9,U-12 European Baseball Championship Qualifier 2022,2.0,0.16
2022-07-05 10:30:00,99065,Netherlands,7,1488.0,1488.2,0.2,Hungary,800.0,W,15,0,U-12 European Baseball Championship 2022,2.0,0.9334
2022-07-05 10:30:00,99065,Hungary,52,800.0,799.8,-0.2,Netherlands,1488.0,L,0,15,U-12 European Baseball Championship 2022,2.0,0.0666
2022-07-05 13:30:00,99066,Italy,17,1344.0,1344.68,0.68,Lithuania,1024.0,W,12,2,U-12 European Baseball Championship 2022,2.0,0.7735
2022-07-05 13:30:00,99066,Lithuania,37,1024.0,1023.32,-0.68,Italy,1344.0,L,2,12,U-12 European Baseball Championship 2022,2.0,0.2265
2022-07-05 14:00:00,100200,Colombia,11,1438.27,1432.27,-6.0,Venezuela,1478.58,L,1,7,XIX Juegos Bolivarianos - Beisbol | XIX Bolivarian Games - Baseball 2022,10.0,0.4614
2022-07-05 14:00:00,100200,Venezuela,8,1478.58,1484.58,6.0,Colombia,1438.27,W,7,1,XIX Juegos Bolivarianos - Beisbol | XIX Bolivarian Games - Baseball 2022,10.0,0.5386
2022-07-05 14:00:00,98584,Great Britain,24,1232.46,1232.94,0.48,Türkiye,800.0,W,15,0,U-18 European Baseball Championship Qualifier 2022,2.0,0.8402
2022-07-05 14:00:00,98584,Türkiye,83,800.0,799.52,-0.48,Great Britain,1232.46,L,0,15,U-18 European Baseball Championship Qualifier 2022,2.0,0.1598
2022-07-05 14:00:00,99067,Germany,18,1328.0,1329.19,1.19,France,1264.0,W,12,5,U-12 European Baseball Championship 2022,2.0,0.5611
2022-07-05 14:00:00,99067,France,22,1264.0,1262.81,-1.19,Germany,1328.0,L,5,12,U-12 European Baseball Championship 2022,2.0,0.4389
2022-07-05 16:00:00,98596,Slovakia,35,1056.82,1055.76,-1.05,Belgium,1216.83,L,2,12,U-18 European Baseball Championship Qualifier 2022,2.0,0.3511
2022-07-05 16:00:00,98596,Belgium,25,1216.83,1217.88,1.05,Slovakia,1056.82,W,12,2,U-18 European Baseball Championship Qualifier 2022,2.0,0.6489
2022-07-05 18:00:00,98585,Switzerland,50,816.0,814.95,-1.05,Sweden,976.74,L,3,14,U-18 European Baseball Championship Qualifier 2022,2.0,0.3505
2022-07-05 18:00:00,98585,Sweden,40,976.74,977.79,1.05,Switzerland,816.0,W,14,3,U-18 European Baseball Championship Qualifier 2022,2.0,0.6495
2022-07-05 18:00:00,99068,Czechia,14,1392.0,1392.82,0.82,Austria,1136.0,W,15,0,U-12 European Baseball Championship 2022,2.0,0.7276
2022-07-05 18:00:00,99068,Austria,30,1136.0,1135.18,-0.82,Czechia,1392.0,L,0,15,U-12 European Baseball Championship 2022,2.0,0.2724
2022-07-05 18:00:00,98637,Ukraine,29,1152.0,1153.04,1.04,Croatia,1103.17,W,4,1,U-12 European Baseball Championship Qualifier 2022,2.0,0.5467
2022-07-05 18:00:00,98637,Croatia,32,1103.17,1102.13,-1.04,Ukraine,1152.0,L,1,4,U-12 European Baseball Championship Qualifier 2022,2.0,0.4533
2022-07-06 09:30:00,98595,Ukraine,29,1153.04,1153.59,0.55,Romania,799.18,W,7,0,U-18 European Baseball Championship Qualifier 2022,2.0,0.7954
2022-07-06 09:30:00,98595,Romania,95,799.18,798.63,-0.55,Ukraine,1153.04,L,0,7,U-18 European Baseball Championship Qualifier 2022,2.0,0.2046
2022-07-06 10:00:00,98582,Türkiye,93,799.52,798.06,-1.46,Switzerland,814.95,L,0,17,U-18 European Baseball Championship Qualifier 2022,2.0,0.4852
2022-07-06 10:00:00,98582,Switzerland,50,814.95,816.4,1.46,Türkiye,799.52,W,17,0,U-18 European Baseball Championship Qualifier 2022,2.0,0.5148
2022-07-06 10:00:00,99069,Hungary,91,799.8,799.47,-0.33,Italy,1344.68,L,0,20,U-12 European Baseball Championship 2022,2.0,0.11
2022-07-06 10:00:00,99069,Italy,17,1344.68,1345.01,0.33,Hungary,799.8,W,20,0,U-12 European Baseball Championship 2022,2.0,0.89
2022-07-06 11:00:00,98638,Finland,91,799.54,799.02,-0.51,Ukraine,1153.59,L,5,10,U-12 European Baseball Championship Qualifier 2022,2.0,0.2044
2022-07-06 11:00:00,98638,Ukraine,29,1153.59,1154.11,0.51,Finland,799.54,W,10,5,U-12 European Baseball Championship Qualifier 2022,2.0,0.7956
2022-07-06 13:00:00,98597,Croatia,32,1102.13,1102.72,0.59,Romania,798.63,W,7,2,U-18 European Baseball Championship Qualifier 2022,2.0,0.7622
2022-07-06 13:00:00,98597,Romania,94,798.63,798.04,-0.59,Croatia,1102.13,L,2,7,U-18 European Baseball Championship Qualifier 2022,2.0,0.2378
2022-07-06 14:00:00,98586,Switzerland,50,816.4,814.85,-1.55,Poland,799.26,L,5,17,U-18 European Baseball Championship Qualifier 2022,2.0,0.5164
2022-07-06 14:00:00,98586,Poland,92,799.26,800.81,1.55,Switzerland,816.4,W,17,5,U-18 European Baseball Championship Qualifier 2022,2.0,0.4836
2022-07-06 14:00:00,99070,France,22,1262.81,1262.02,-0.79,Czechia,1392.82,L,5,6,U-12 European Baseball Championship 2022,2.0,0.3778
2022-07-06 14:00:00,99070,Czechia,14,1392.82,1393.61,0.79,France,1262.81,W,6,5,U-12 European Baseball Championship 2022,2.0,0.6222
2022-07-06 15:00:00,98639,Croatia,32,1102.72,1101.59,-1.13,Great Britain,1232.94,L,1,13,U-12 European Baseball Championship Qualifier 2022,2.0,0.3776
2022-07-06 15:00:00,98639,Great Britain,24,1232.94,1234.08,1.13,Croatia,1102.72,W,13,1,U-12 European Baseball Championship Qualifier 2022,2.0,0.6224
2022-07-06 16:30:00,98598,Ukraine,29,1154.11,1155.12,1.02,Slovakia,1055.76,W,5,0,U-18 European Baseball Championship Qualifier 2022,2.0,0.5932
2022-07-06 16:30:00,98598,Slovakia,35,1055.76,1054.75,-1.02,Ukraine,1154.11,L,0,5,U-18 European Baseball Championship Qualifier 2022,2.0,0.4068
2022-07-06 18:00:00,98587,Sweden,40,977.79,979.83,2.04,Great Britain,1234.08,W,10,2,U-18 European Baseball Championship Qualifier 2022,2.0,0.2722
2022-07-06 18:00:00,98587,Great Britain,24,1234.08,1232.04,-2.04,Sweden,977.79,L,2,10,U-18 European Baseball Championship Qualifier 2022,2.0,0.7278
2022-07-06 18:00:00,99071,Lithuania,37,1023.32,1022.92,-0.4,Netherlands,1488.2,L,5,13,U-12 European Baseball Championship 2022,2.0,0.1438
2022-07-06 18:00:00,99071,Netherlands,7,1488.2,1488.6,0.4,Lithuania,1023.32,W,13,5,U-12 European Baseball Championship 2022,2.0,0.8562
2022-07-06 18:00:00,99072,Austria,30,1135.18,1134.22,-0.97,Germany,1329.19,L,6,22,U-12 European Baseball Championship 2022,2.0,0.322
2022-07-06 18:00:00,99072,Germany,18,1329.19,1330.15,0.97,Austria,1135.18,W,22,6,U-12 European Baseball Championship 2022,2.0,0.678
2022-07-07 10:00:00,99073,Hungary,92,799.47,798.84,-0.63,Lithuania,1022.92,L,3,4,U-12 European Baseball Championship 2022,2.0,0.2979
2022-07-07 10:00:00,99073,Lithuania,37,1022.92,1023.54,0.63,Hungary,799.47,W,4,3,U-12 European Baseball Championship 2022,2.0,0.7021
2022-07-07 11:00:00,98599,Romania,95,798.04,797.54,-0.5,Belgium,1217.88,L,2,12,U-18 European Baseball Championship Qualifier 2022,2.0,0.1664
2022-07-07 11:00:00,98599,Belgium,25,1217.88,1218.38,0.5,Romania,798.04,W,12,2,U-18 European Baseball Championship Qualifier 2022,2.0,0.8336
2022-07-07 11:00:00,98640,Great Britain,24,1232.04,1233.19,1.15,Ukraine,1155.12,W,8,1,U-12 European Baseball Championship Qualifier 2022,2.0,0.5733
2022-07-07 11:00:00,98640,Ukraine,29,1155.12,1153.97,-1.15,Great Britain,1232.04,L,1,8,U-12 European Baseball Championship Qualifier 2022,2.0,0.4267
2022-07-07 14:00:00,99074,Czechia,14,1393.61,1394.93,1.32,Germany,1330.15,W,16,3,U-12 European Baseball Championship 2022,2.0,0.5606
2022-07-07 14:00:00,99074,Germany,18,1330.15,1328.83,-1.32,Czechia,1393.61,L,3,16,U-12 European Baseball Championship 2022,2.0,0.4394
2022-07-07 15:00:00,99075,Italy,17,1345.01,1346.66,1.65,Netherlands,1488.6,W,8,2,U-12 European Baseball Championship 2022,2.0,0.3656
2022-07-07 15:00:00,99075,Netherlands,7,1488.6,1486.95,-1.65,Italy,1345.01,L,2,8,U-12 European Baseball Championship 2022,2.0,0.6344
2022-07-07 16:00:00,98600,Croatia,32,1101.59,1102.8,1.21,Ukraine,1153.97,W,6,4,U-18 European Baseball Championship Qualifier 2022,2.0,0.4499
2022-07-07 16:00:00,98600,Ukraine,29,1153.97,1152.76,-1.21,Croatia,1101.59,L,4,6,U-18 European Baseball Championship Qualifier 2022,2.0,0.5501
2022-07-07 17:00:00,98641,Croatia,32,1102.8,1100.97,-1.83,Finland,799.02,L,7,11,U-12 European Baseball Championship Qualifier 2022,2.0,0.7624
2022-07-07 17:00:00,98641,Finland,92,799.02,800.85,1.83,Croatia,1102.8,W,11,7,U-12 European Baseball Championship Qualifier 2022,2.0,0.2376
2022-07-07 18:00:00,99076,France,22,1262.02,1263.05,1.03,Austria,1134.22,W,8,1,U-12 European Baseball Championship 2022,2.0,0.6202
2022-07-07 18:00:00,99076,Austria,30,1134.22,1133.19,-1.03,France,1262.02,L,1,8,U-12 European Baseball Championship 2022,2.0,0.3798
2022-07-07 18:30:00,98589,Great Britain,24,1233.19,1233.69,0.5,Switzerland,814.85,W,14,3,U-18 European Baseball Championship Qualifier 2022,2.0,0.8328
2022-07-07 18:30:00,98589,Switzerland,50,814.85,814.35,-0.5,Great Britain,1233.19,L,3,14,U-18 European Baseball Championship Qualifier 2022,2.0,0.1672
2022-07-08 10:30:00,98590,Poland,52,800.81,800.33,-0.48,Great Britain,1233.69,L,3,13,U-18 European Baseball Championship Qualifier 2022,2.0,0.1596
2022-07-08 10:30:00,98590,Great Britain,24,1233.69,1234.17,0.48,Poland,800.81,W,13,3,U-18 European Baseball Championship Qualifier 2022,2.0,0.8404
2022-07-08 11:00:00,98601,Belgium,25,1218.38,1219.43,1.05,Ukraine,1152.76,W,9,5,U-18 European Baseball Championship Qualifier 2022,2.0,0.5626
2022-07-08 11:00:00,98601,Ukraine,29,1152.76,1151.71,-1.05,Belgium,1218.38,L,5,9,U-18 European Baseball Championship Qualifier 2022,2.0,0.4374
2022-07-08 11:00:00,98642,Finland,51,800.85,800.25,-0.6,Croatia,1100.97,L,5,10,U-12 European Baseball Championship Qualifier 2022,2.0,0.2402
2022-07-08 11:00:00,98642,Croatia,32,1100.97,1101.57,0.6,Finland,800.85,W,10,5,U-12 European Baseball Championship Qualifier 2022,2.0,0.7598
2022-07-08 14:00:00,99077,France,22,1263.05,1263.48,0.43,Hungary,798.84,W,13,1,U-12 European Baseball Championship 2022,2.0,0.8559
2022-07-08 14:00:00,99077,Hungary,93,798.84,798.41,-0.43,France,1263.05,L,1,13,U-12 European Baseball Championship 2022,2.0,0.1441
2022-07-08 15:00:00,99078,Italy,17,1346.66,1345.42,-1.24,Germany,1328.83,L,1,5,U-12 European Baseball Championship 2022,2.0,0.5171
2022-07-08 15:00:00,99078,Germany,18,1328.83,1330.07,1.24,Italy,1346.66,W,5,1,U-12 European Baseball Championship 2022,2.0,0.4829
2022-07-08 16:00:00,98588,Poland,51,800.33,799.17,-1.15,Türkiye,798.06,L,1,4,U-18 European Baseball Championship Qualifier 2022,2.0,0.5022
2022-07-08 16:00:00,98588,Türkiye,94,798.06,799.22,1.15,Poland,800.33,W,4,1,U-18 European Baseball Championship Qualifier 2022,2.0,0.4978
2022-07-08 16:00:00,98602,Slovakia,35,1054.75,1055.89,1.14,Croatia,1101.57,W,9,8,U-18 European Baseball Championship Qualifier 2022,2.0,0.4552
2022-07-08 16:00:00,98602,Croatia,32,1101.57,1100.43,-1.14,Slovakia,1054.75,L,8,9,U-18 European Baseball Championship Qualifier 2022,2.0,0.5448
2022-07-08 17:00:00,99079,Lithuania,37,1023.54,1022.35,-1.19,Austria,1133.19,L,3,22,U-12 European Baseball Championship 2022,2.0,0.3963
2022-07-08 17:00:00,99079,Austria,30,1133.19,1134.38,1.19,Lithuania,1023.54,W,22,3,U-12 European Baseball Championship 2022,2.0,0.6037
2022-07-08 18:00:00,99080,Czechia,14,1394.93,1396.4,1.47,Netherlands,1486.95,W,6,1,U-12 European Baseball Championship 2022,2.0,0.4126
2022-07-08 18:00:00,99080,Netherlands,7,1486.95,1485.48,-1.47,Czechia,1394.93,L,1,6,U-12 European Baseball Championship 2022,2.0,0.5874
2022-07-08 19:00:00,98591,Türkiye,92,799.22,798.22,-1.0,Sweden,979.83,L,0,18,U-18 European Baseball Championship Qualifier 2022,2.0,0.3333
2022-07-08 19:00:00,98591,Sweden,40,979.83,980.83,1.0,Türkiye,799.22,W,18,0,U-18 European Baseball Championship Qualifier 2022,2.0,0.6667
2022-07-09 10:00:00,99081,Austria,30,1134.38,1135.03,0.65,Hungary,798.41,W,17,2,U-12 European Baseball Championship 2022,2.0,0.784
2022-07-09 10:00:00,99081,Hungary,93,798.41,797.76,-0.65,Austria,1134.38,L,2,17,U-12 European Baseball Championship 2022,2.0,0.216
2022-07-09 11:00:00,99082,Lithuania,37,1022.35,1021.5,-0.85,France,1263.48,L,3,22,U-12 European Baseball Championship 2022,2.0,0.2839
2022-07-09 11:00:00,99082,France,22,1263.48,1264.33,0.85,Lithuania,1022.35,W,22,3,U-12 European Baseball Championship 2022,2.0,0.7161
2022-07-09 14:00:00,98592,Sweden,40,980.83,980.17,-0.66,Great Britain,1234.17,L,1,5,U-18 European Baseball Championship Qualifier 2022,2.0,0.2744
2022-07-09 14:00:00,98592,Great Britain,24,1234.17,1234.83,0.66,Sweden,980.83,W,5,1,U-18 European Baseball Championship Qualifier 2022,2.0,0.7256
2022-07-09 14:00:00,98603,Belgium,25,1219.43,1220.34,0.91,Ukraine,1151.71,W,6,5,U-18 European Baseball Championship Qualifier 2022,2.0,0.5646
2022-07-09 14:00:00,98603,Ukraine,29,1151.71,1150.8,-0.91,Belgium,1219.43,L,5,6,U-18 European Baseball Championship Qualifier 2022,2.0,0.4354
2022-07-09 14:00:00,98643,Great Britain,24,1234.83,1235.84,1.01,Ukraine,1150.8,W,9,5,U-12 European Baseball Championship Qualifier 2022,2.0,0.5799
2022-07-09 14:00:00,98643,Ukraine,29,1150.8,1149.79,-1.01,Great Britain,1234.83,L,5,9,U-12 European Baseball Championship Qualifier 2022,2.0,0.4201
2022-07-09 15:00:00,99083,Italy,17,1345.42,1344.42,-1.0,Netherlands,1485.48,L,5,12,U-12 European Baseball Championship 2022,2.0,0.3688
2022-07-09 15:00:00,99083,Netherlands,7,1485.48,1486.48,1.0,Italy,1345.42,W,12,5,U-12 European Baseball Championship 2022,2.0,0.6312
2022-07-09 18:00:00,99084,Germany,18,1330.07,1331.26,1.18,Czechia,1396.4,W,10,9,U-12 European Baseball Championship 2022,2.0,0.4367
2022-07-09 18:00:00,99084,Czechia,14,1396.4,1395.21,-1.18,Germany,1330.07,L,9,10,U-12 European Baseball Championship 2022,2.0,0.5633
2022-07-12 11:00:00,97593,Norway,83,800.0,791.83,-8.17,Slovakia,1055.89,L,4,17,European Baseball Championship Qualifier 2022,20.0,0.2725
2022-07-12 11:00:00,97593,Slovakia,35,1055.89,1064.07,8.17,Norway,800.0,W,17,4,European Baseball Championship Qualifier 2022,20.0,0.7275
2022-07-12 16:00:00,97594,Poland,91,799.17,784.2,-14.98,Serbia,800.0,L,5,18,European Baseball Championship Qualifier 2022,20.0,0.4992
2022-07-12 16:00:00,97594,Serbia,55,800.0,814.98,14.98,Poland,799.17,W,18,5,European Baseball Championship Qualifier 2022,20.0,0.5008
2022-07-13 11:00:00,97586,Switzerland,51,814.35,828.87,14.52,Romania,797.54,W,11,0,European Baseball Championship Qualifier 2022,20.0,0.5161
2022-07-13 11:00:00,97586,Romania,93,797.54,783.02,-14.52,Switzerland,814.35,L,0,11,European Baseball Championship Qualifier 2022,20.0,0.4839
2022-07-13 11:00:00,97595,Poland,95,784.2,770.4,-13.8,Norway,791.83,L,6,14,European Baseball Championship Qualifier 2022,20.0,0.4927
2022-07-13 11:00:00,97595,Norway,94,791.83,805.62,13.8,Poland,784.2,W,14,6,European Baseball Championship Qualifier 2022,20.0,0.5073
2022-07-13 11:00:00,97628,France,22,1264.33,1268.65,4.32,Slovenia,800.0,W,19,0,European Baseball Championship Qualifier 2022,20.0,0.8559
2022-07-13 11:00:00,97628,Slovenia,67,800.0,795.68,-4.32,France,1264.33,L,0,19,European Baseball Championship Qualifier 2022,20.0,0.1441
2022-07-13 16:00:00,97587,Lithuania,37,1021.5,1030.49,8.99,Finland,800.25,W,14,1,European Baseball Championship Qualifier 2022,20.0,0.7004
2022-07-13 16:00:00,97587,Finland,53,800.25,791.27,-8.99,Lithuania,1021.5,L,1,14,European Baseball Championship Qualifier 2022,20.0,0.2996
2022-07-13 16:00:00,97596,Serbia,51,814.98,803.61,-11.36,Hungary,797.76,L,6,8,European Baseball Championship Qualifier 2022,20.0,0.5165
2022-07-13 16:00:00,97596,Hungary,91,797.76,809.13,11.36,Serbia,814.98,W,8,6,European Baseball Championship Qualifier 2022,20.0,0.4835
2022-07-13 16:20:00,97629,Ireland,41,960.0,946.37,-13.63,Bulgaria,800.0,L,2,3,European Baseball Championship Qualifier 2022,20.0,0.6489
2022-07-13 16:20:00,97629,Bulgaria,65,800.0,813.63,13.63,Ireland,960.0,W,3,2,European Baseball Championship Qualifier 2022,20.0,0.3511
2022-07-14 11:00:00,97588,Finland,94,791.27,781.52,-9.74,Switzerland,828.87,L,9,10,European Baseball Championship Qualifier 2022,20.0,0.464
2022-07-14 11:00:00,97588,Switzerland,50,828.87,838.61,9.74,Finland,791.27,W,10,9,European Baseball Championship Qualifier 2022,20.0,0.536
2022-07-14 11:00:00,97597,Slovakia,35,1064.07,1071.41,7.34,Poland,770.4,W,17,2,European Baseball Championship Qualifier 2022,20.0,0.7553
2022-07-14 11:00:00,97597,Poland,96,770.4,763.06,-7.34,Slovakia,1064.07,L,2,17,European Baseball Championship Qualifier 2022,20.0,0.2447
2022-07-14 11:00:00,97630,Slovenia,93,795.68,810.41,14.74,Ireland,946.37,W,7,4,European Baseball Championship Qualifier 2022,20.0,0.3593
2022-07-14 11:00:00,97630,Ireland,41,946.37,931.64,-14.74,Slovenia,795.68,L,4,7,European Baseball Championship Qualifier 2022,20.0,0.6407
2022-07-14 16:00:00,97589,Romania,94,783.02,774.65,-8.37,Lithuania,1030.49,L,4,18,European Baseball Championship Qualifier 2022,20.0,0.2789
2022-07-14 16:00:00,97589,Lithuania,37,1030.49,1038.86,8.37,Romania,783.02,W,18,4,European Baseball Championship Qualifier 2022,20.0,0.7211
2022-07-14 16:00:00,97598,Norway,54,805.62,816.19,10.57,Hungary,809.13,W,11,10,European Baseball Championship Qualifier 2022,20.0,0.4966
2022-07-14 16:00:00,97598,Hungary,53,809.13,798.56,-10.57,Norway,805.62,L,10,11,European Baseball Championship Qualifier 2022,20.0,0.5034
2022-07-14 16:00:00,97631,Bulgaria,52,813.63,809.17,-4.46,France,1268.65,L,2,18,European Baseball Championship Qualifier 2022,20.0,0.1485
2022-07-14 16:00:00,97631,France,22,1268.65,1273.11,4.46,Bulgaria,813.63,W,18,2,European Baseball Championship Qualifier 2022,20.0,0.8515
2022-07-15 11:00:00,97590,Romania,95,774.65,759.85,-14.8,Finland,781.52,L,5,18,European Baseball Championship Qualifier 2022,20.0,0.4934
2022-07-15 11:00:00,97590,Finland,94,781.52,796.32,14.8,Romania,774.65,W,18,5,European Baseball Championship Qualifier 2022,20.0,0.5066
2022-07-15 11:00:00,97623,Hungary,91,798.56,812.54,13.98,Poland,763.06,W,14,2,European Baseball Championship Qualifier 2022,20.0,0.534
2022-07-15 11:00:00,97623,Poland,95,763.06,749.08,-13.98,Hungary,798.56,L,2,14,European Baseball Championship Qualifier 2022,20.0,0.466
2022-07-15 11:00:00,97632,France,22,1273.11,1279.48,6.37,Ireland,931.64,W,15,2,European Baseball Championship Qualifier 2022,20.0,0.7876
2022-07-15 11:00:00,97632,Ireland,42,931.64,925.27,-6.37,France,1273.11,L,2,15,European Baseball Championship Qualifier 2022,20.0,0.2124
2022-07-15 16:00:00,97591,Lithuania,37,1038.86,1045.51,6.65,Switzerland,838.61,W,15,14,European Baseball Championship Qualifier 2022,20.0,0.6832
2022-07-15 16:00:00,97591,Switzerland,49,838.61,831.96,-6.65,Lithuania,1038.86,L,14,15,European Baseball Championship Qualifier 2022,20.0,0.3168
2022-07-15 16:00:00,97624,Slovakia,35,1071.41,1076.94,5.53,Serbia,803.61,W,10,9,European Baseball Championship Qualifier 2022,20.0,0.7365
2022-07-15 16:00:00,97624,Serbia,55,803.61,798.08,-5.53,Slovakia,1071.41,L,9,10,European Baseball Championship Qualifier 2022,20.0,0.2635
2022-07-15 16:00:00,97633,Bulgaria,54,809.17,820.2,11.03,Slovenia,810.41,W,13,11,European Baseball Championship Qualifier 2022,20.0,0.4988
2022-07-15 16:00:00,97633,Slovenia,53,810.41,799.39,-11.03,Bulgaria,809.17,L,11,13,European Baseball Championship Qualifier 2022,20.0,0.5012
2022-07-16 11:00:00,97625,Hungary,53,812.54,827.95,15.41,Slovakia,1076.94,W,9,8,European Baseball Championship Qualifier 2022,20.0,0.2661
2022-07-16 11:00:00,97625,Slovakia,34,1076.94,1061.53,-15.41,Hungary,812.54,L,8,9,European Baseball Championship Qualifier 2022,20.0,0.7339
2022-07-16 14:00:00,97592,Lithuania,36,1045.51,1030.24,-15.27,Switzerland,831.96,L,1,3,European Baseball Championship Qualifier 2022,20.0,0.6941
2022-07-16 14:00:00,97592,Switzerland,50,831.96,847.23,15.27,Lithuania,1045.51,W,3,1,European Baseball Championship Qualifier 2022,20.0,0.3059
2022-07-16 14:00:00,97634,France,22,1279.48,1283.44,3.95,Bulgaria,820.2,W,8,1,European Baseball Championship Qualifier 2022,20.0,0.8535
2022-07-16 14:00:00,97634,Bulgaria,52,820.2,816.24,-3.95,France,1279.48,L,1,8,European Baseball Championship Qualifier 2022,20.0,0.1465
2022-07-16 16:00:00,97626,Serbia,92,798.08,786.01,-12.07,Norway,816.19,L,2,7,European Baseball Championship Qualifier 2022,20.0,0.4826
2022-07-16 16:00:00,97626,Norway,53,816.19,828.26,12.07,Serbia,798.08,W,7,2,European Baseball Championship Qualifier 2022,20.0,0.5174
2022-07-17 14:00:00,97627,Slovakia,35,1061.53,1042.35,-19.18,Hungary,827.95,L,1,8,European Baseball Championship Qualifier 2022,20.0,0.7102
2022-07-17 14:00:00,97627,Hungary,52,827.95,847.13,19.18,Slovakia,1061.53,W,8,1,European Baseball Championship Qualifier 2022,20.0,0.2898
2022-07-18 10:30:00,98604,Israel,20,1296.0,1297.28,1.28,Belgium,1220.34,W,12,2,U-15 European Baseball Championship Qualifier 2022,2.0,0.5721
2022-07-18 10:30:00,98604,Belgium,25,1220.34,1219.06,-1.28,Israel,1296.0,L,2,12,U-15 European Baseball Championship Qualifier 2022,2.0,0.4279
2022-07-18 13:00:00,98620,Croatia,32,1100.43,1099.26,-1.17,Austria,1135.03,L,10,15,U-15 European Baseball Championship Qualifier 2022,2.0,0.4669
2022-07-18 13:00:00,98620,Austria,30,1135.03,1136.2,1.17,Croatia,1100.43,W,15,10,U-15 European Baseball Championship Qualifier 2022,2.0,0.5331
2022-07-18 14:30:00,98605,Great Britain,24,1235.84,1236.31,0.47,Türkiye,798.22,W,16,0,U-15 European Baseball Championship Qualifier 2022,2.0,0.8428
2022-07-18 14:30:00,98605,Türkiye,91,798.22,797.75,-0.47,Great Britain,1235.84,L,0,16,U-15 European Baseball Championship Qualifier 2022,2.0,0.1572
2022-07-18 17:00:00,98621,Lithuania,37,1030.24,1028.77,-1.47,Hungary,847.13,L,1,3,U-15 European Baseball Championship Qualifier 2022,2.0,0.6688
2022-07-18 17:00:00,98621,Hungary,50,847.13,848.6,1.47,Lithuania,1030.24,W,3,1,U-15 European Baseball Championship Qualifier 2022,2.0,0.3312
2022-07-18 18:30:00,98606,Spain,19,1312.0,1312.43,0.43,Switzerland,847.23,W,14,4,U-15 European Baseball Championship Qualifier 2022,2.0,0.8561
2022-07-18 18:30:00,98606,Switzerland,50,847.23,846.8,-0.43,Spain,1312.0,L,4,14,U-15 European Baseball Championship Qualifier 2022,2.0,0.1439
2022-07-19 10:30:00,98607,Belgium,25,1219.06,1217.66,-1.4,Great Britain,1236.31,L,2,11,U-15 European Baseball Championship Qualifier 2022,2.0,0.4835
2022-07-19 10:30:00,98607,Great Britain,24,1236.31,1237.71,1.4,Belgium,1219.06,W,11,2,U-15 European Baseball Championship Qualifier 2022,2.0,0.5165
2022-07-19 13:00:00,98622,Lithuania,37,1028.77,1029.96,1.19,Croatia,1099.26,W,8,7,U-15 European Baseball Championship Qualifier 2022,2.0,0.4328
2022-07-19 13:00:00,98622,Croatia,32,1099.26,1098.07,-1.19,Lithuania,1028.77,L,7,8,U-15 European Baseball Championship Qualifier 2022,2.0,0.5672
2022-07-19 14:30:00,98608,Switzerland,50,846.8,846.36,-0.44,Israel,1297.28,L,4,13,U-15 European Baseball Championship Qualifier 2022,2.0,0.1507
2022-07-19 14:30:00,98608,Israel,20,1297.28,1297.72,0.44,Switzerland,846.8,W,13,4,U-15 European Baseball Championship Qualifier 2022,2.0,0.8493
2022-07-19 17:00:00,98623,Hungary,48,848.6,850.88,2.28,Ukraine,1149.79,W,16,6,U-15 European Baseball Championship Qualifier 2022,2.0,0.2394
2022-07-19 17:00:00,98623,Ukraine,29,1149.79,1147.51,-2.28,Hungary,848.6,L,6,16,U-15 European Baseball Championship Qualifier 2022,2.0,0.7606
2022-07-19 18:30:00,98609,Türkiye,91,797.75,797.38,-0.37,Spain,1312.43,L,0,31,U-15 European Baseball Championship Qualifier 2022,2.0,0.1218
2022-07-19 18:30:00,98609,Spain,19,1312.43,1312.8,0.37,Türkiye,797.75,W,31,0,U-15 European Baseball Championship Qualifier 2022,2.0,0.8782
2022-07-20 10:30:00,98610,Great Britain,24,1237.71,1239.38,1.67,Israel,1297.72,W,11,1,U-15 European Baseball Championship Qualifier 2022,2.0,0.4427
2022-07-20 10:30:00,98610,Israel,20,1297.72,1296.05,-1.67,Great Britain,1237.71,L,1,11,U-15 European Baseball Championship Qualifier 2022,2.0,0.5573
2022-07-20 13:00:00,98624,Ukraine,29,1147.51,1148.67,1.17,Lithuania,1029.96,W,16,1,U-15 European Baseball Championship Qualifier 2022,2.0,0.6109
2022-07-20 13:00:00,98624,Lithuania,37,1029.96,1028.79,-1.17,Ukraine,1147.51,L,1,16,U-15 European Baseball Championship Qualifier 2022,2.0,0.3891
2022-07-20 14:30:00,98611,Switzerland,50,846.36,847.72,1.36,Türkiye,797.38,W,15,0,U-15 European Baseball Championship Qualifier 2022,2.0,0.5469
2022-07-20 14:30:00,98611,Türkiye,91,797.38,796.02,-1.36,Switzerland,846.36,L,0,15,U-15 European Baseball Championship Qualifier 2022,2.0,0.4531
2022-07-20 17:00:00,98625,Austria,30,1136.2,1133.95,-2.25,Hungary,850.88,L,3,15,U-15 European Baseball Championship Qualifier 2022,2.0,0.7493
2022-07-20 17:00:00,98625,Hungary,48,850.88,853.13,2.25,Austria,1136.2,W,15,3,U-15 European Baseball Championship Qualifier 2022,2.0,0.2507
2022-07-20 18:30:00,98612,Belgium,25,1217.66,1216.43,-1.23,Spain,1312.8,L,1,15,U-15 European Baseball Championship Qualifier 2022,2.0,0.4097
2022-07-20 18:30:00,98612,Spain,19,1312.8,1314.03,1.23,Belgium,1217.66,W,15,1,U-15 European Baseball Championship Qualifier 2022,2.0,0.5903
2022-07-21 10:30:00,98613,Switzerland,50,847.72,847.19,-0.53,Great Britain,1239.38,L,7,16,U-15 European Baseball Championship Qualifier 2022,2.0,0.182
2022-07-21 10:30:00,98613,Great Britain,24,1239.38,1239.91,0.53,Switzerland,847.72,W,16,7,U-15 European Baseball Championship Qualifier 2022,2.0,0.818
2022-07-21 13:00:00,98626,Austria,30,1133.95,1134.79,0.84,Lithuania,1028.79,W,10,9,U-15 European Baseball Championship Qualifier 2022,2.0,0.5995
2022-07-21 13:00:00,98626,Lithuania,37,1028.79,1027.95,-0.84,Austria,1133.95,L,9,10,U-15 European Baseball Championship Qualifier 2022,2.0,0.4005
2022-07-21 14:30:00,98614,Türkiye,92,796.02,795.53,-0.5,Belgium,1216.43,L,0,25,U-15 European Baseball Championship Qualifier 2022,2.0,0.1661
2022-07-21 14:30:00,98614,Belgium,25,1216.43,1216.93,0.5,Türkiye,796.02,W,25,0,U-15 European Baseball Championship Qualifier 2022,2.0,0.8339
2022-07-21 17:00:00,98627,Croatia,32,1098.07,1096.85,-1.22,Ukraine,1148.67,L,1,8,U-15 European Baseball Championship Qualifier 2022,2.0,0.4516
2022-07-21 17:00:00,98627,Ukraine,29,1148.67,1149.89,1.22,Croatia,1098.07,W,8,1,U-15 European Baseball Championship Qualifier 2022,2.0,0.5484
2022-07-21 18:30:00,98615,Spain,19,1314.03,1315.33,1.3,Israel,1296.05,W,9,2,U-15 European Baseball Championship Qualifier 2022,2.0,0.5172
2022-07-21 18:30:00,98615,Israel,20,1296.05,1294.75,-1.3,Spain,1314.03,L,2,9,U-15 European Baseball Championship Qualifier 2022,2.0,0.4828
2022-07-22 10:30:00,98616,Belgium,25,1216.93,1214.51,-2.42,Switzerland,847.19,L,1,11,U-15 European Baseball Championship Qualifier 2022,2.0,0.8052
2022-07-22 10:30:00,98616,Switzerland,50,847.19,849.61,2.42,Belgium,1216.93,W,11,1,U-15 European Baseball Championship Qualifier 2022,2.0,0.1948
2022-07-22 13:00:00,98628,Ukraine,29,1149.89,1148.5,-1.39,Austria,1134.79,L,5,12,U-15 European Baseball Championship Qualifier 2022,2.0,0.5145
2022-07-22 13:00:00,98628,Austria,30,1134.79,1136.18,1.39,Ukraine,1149.89,W,12,5,U-15 European Baseball Championship Qualifier 2022,2.0,0.4855
2022-07-22 14:30:00,98617,Israel,20,1294.75,1295.12,0.37,Türkiye,795.53,W,9,0,U-15 European Baseball Championship Qualifier 2022,2.0,0.8717
2022-07-22 14:30:00,98617,Türkiye,93,795.53,795.15,-0.37,Israel,1294.75,L,0,9,U-15 European Baseball Championship Qualifier 2022,2.0,0.1283
2022-07-22 17:00:00,98629,Hungary,48,853.13,855.28,2.15,Croatia,1096.85,W,15,4,U-15 European Baseball Championship Qualifier 2022,2.0,0.2818
2022-07-22 17:00:00,98629,Croatia,32,1096.85,1094.7,-2.15,Hungary,853.13,L,4,15,U-15 European Baseball Championship Qualifier 2022,2.0,0.7182
2022-07-22 18:30:00,98618,Great Britain,24,1239.91,1238.63,-1.28,Spain,1315.33,L,2,23,U-15 European Baseball Championship Qualifier 2022,2.0,0.4281
2022-07-22 18:30:00,98618,Spain,19,1315.33,1316.61,1.28,Great Britain,1239.91,W,23,2,U-15 European Baseball Championship Qualifier 2022,2.0,0.5719
2022-07-23 11:00:00,98619,Spain,19,1316.61,1317.89,1.28,Great Britain,1238.63,W,13,3,U-15 European Baseball Championship Qualifier 2022,2.0,0.5743
2022-07-23 11:00:00,98619,Great Britain,24,1238.63,1237.35,-1.28,Spain,1316.61,L,3,13,U-15 European Baseball Championship Qualifier 2022,2.0,0.4257
2022-07-23 13:30:00,98635,Hungary,48,855.28,856.92,1.64,Austria,1136.18,W,2,0,U-15 European Baseball Championship Qualifier 2022,2.0,0.2539
2022-07-23 13:30:00,98635,Austria,30,1136.18,1134.54,-1.64,Hungary,855.28,L,0,2,U-15 European Baseball Championship Qualifier 2022,2.0,0.7461
2022-07-24 13:00:00,100296,Argentina,27,1173.96,1179.73,5.77,Ecuador,800.0,W,10,0,Men's Baseball South American Championship 2022 - Campeonato Sudamericano de Mayores 2022,20.0,0.8077
2022-07-24 13:00:00,100296,Ecuador,84,800.0,794.23,-5.77,Argentina,1173.96,L,0,10,Men's Baseball South American Championship 2022 - Campeonato Sudamericano de Mayores 2022,20.0,0.1923
2022-07-24 18:00:00,100297,Bolivia,74,800.0,789.09,-10.91,Peru,945.88,L,0,16,Men's Baseball South American Championship 2022 - Campeonato Sudamericano de Mayores 2022,20.0,0.3636
2022-07-24 18:00:00,100297,Peru,41,945.88,956.79,10.91,Bolivia,800.0,W,16,0,Men's Baseball South American Championship 2022 - Campeonato Sudamericano de Mayores 2022,20.0,0.6364
2022-07-25 13:00:00,100298,Bolivia,93,789.09,784.69,-4.4,Brazil,1248.0,L,1,18,Men's Baseball South American Championship 2022 - Campeonato Sudamericano de Mayores 2022,20.0,0.1466
2022-07-25 13:00:00,100298,Brazil,23,1248.0,1252.4,4.4,Bolivia,789.09,W,18,1,Men's Baseball South American Championship 2022 - Campeonato Sudamericano de Mayores 2022,20.0,0.8534
2022-07-25 18:00:00,100299,Peru,41,956.79,943.12,-13.67,Ecuador,794.23,L,3,4,Men's Baseball South American Championship 2022 - Campeonato Sudamericano de Mayores 2022,20.0,0.6511
2022-07-25 18:00:00,100299,Ecuador,92,794.23,807.9,13.67,Peru,956.79,W,4,3,Men's Baseball South American Championship 2022 - Campeonato Sudamericano de Mayores 2022,20.0,0.3489
2022-07-26 13:20:00,100300,Ecuador,54,807.9,804.37,-3.54,Brazil,1252.4,L,4,7,Men's Baseball South American Championship 2022 - Campeonato Sudamericano de Mayores 2022,20.0,0.1537
2022-07-26 13:20:00,100300,Brazil,23,1252.4,1255.93,3.54,Ecuador,807.9,W,7,4,Men's Baseball South American Championship 2022 - Campeonato Sudamericano de Mayores 2022,20.0,0.8463
2022-07-26 18:00:00,100301,Peru,41,943.12,935.64,-7.47,Argentina,1179.73,L,4,10,Men's Baseball South American Championship 2022 - Campeonato Sudamericano de Mayores 2022,20.0,0.2874
2022-07-26 18:00:00,100301,Argentina,27,1179.73,1187.2,7.47,Peru,943.12,W,10,4,Men's Baseball South American Championship 2022 - Campeonato Sudamericano de Mayores 2022,20.0,0.7126
2022-07-27 13:00:00,100302,Argentina,27,1187.2,1192.48,5.28,Bolivia,784.69,W,10,0,Men's Baseball South American Championship 2022 - Campeonato Sudamericano de Mayores 2022,20.0,0.8241
2022-07-27 13:00:00,100302,Bolivia,94,784.69,779.42,-5.28,Argentina,1187.2,L,0,10,Men's Baseball South American Championship 2022 - Campeonato Sudamericano de Mayores 2022,20.0,0.1759
2022-07-27 18:00:00,100303,Brazil,23,1255.93,1261.59,5.66,Peru,935.64,W,12,7,Men's Baseball South American Championship 2022 - Campeonato Sudamericano de Mayores 2022,20.0,0.7737
2022-07-27 18:00:00,100303,Peru,41,935.64,929.99,-5.66,Brazil,1255.93,L,7,12,Men's Baseball South American Championship 2022 - Campeonato Sudamericano de Mayores 2022,20.0,0.2263
2022-07-28 13:00:00,100304,Ecuador,54,804.37,818.17,13.81,Bolivia,779.42,W,11,2,Men's Baseball South American Championship 2022 - Campeonato Sudamericano de Mayores 2022,20.0,0.5239
2022-07-28 13:00:00,100304,Bolivia,94,779.42,765.61,-13.81,Ecuador,804.37,L,2,11,Men's Baseball South American Championship 2022 - Campeonato Sudamericano de Mayores 2022,20.0,0.4761
2022-07-28 18:00:00,100305,Brazil,23,1261.59,1248.01,-13.58,Argentina,1192.48,L,5,9,Men's Baseball South American Championship 2022 - Campeonato Sudamericano de Mayores 2022,20.0,0.5659
2022-07-28 18:00:00,100305,Argentina,27,1192.48,1206.06,13.58,Brazil,1261.59,W,9,5,Men's Baseball South American Championship 2022 - Campeonato Sudamericano de Mayores 2022,20.0,0.4341
2022-07-29 10:30:00,99410,Mexico,3,1569.09,1570.56,1.46,South Africa,1200.0,W,15,0,VI U-12 Baseball World Cup 2021,5.0,0.8048
2022-07-29 10:30:00,99410,South Africa,27,1200.0,1198.54,-1.46,Mexico,1569.09,L,0,15,VI U-12 Baseball World Cup 2021,5.0,0.1952
2022-07-29 13:00:00,100307,Brazil,23,1248.01,1252.36,4.35,Ecuador,818.17,W,7,0,Men's Baseball South American Championship 2022 - Campeonato Sudamericano de Mayores 2022,20.0,0.8388
2022-07-29 13:00:00,100307,Ecuador,53,818.17,813.82,-4.35,Brazil,1248.01,L,0,7,Men's Baseball South American Championship 2022 - Campeonato Sudamericano de Mayores 2022,20.0,0.1612
2022-07-29 14:30:00,99412,United States of America,5,1536.0,1538.76,2.76,Czechia,1395.21,W,24,0,VI U-12 Baseball World Cup 2021,5.0,0.6319
2022-07-29 14:30:00,99412,Czechia,14,1395.21,1392.45,-2.76,United States of America,1536.0,L,0,24,VI U-12 Baseball World Cup 2021,5.0,0.3681
2022-07-29 14:30:00,99413,Venezuela,8,1484.58,1486.98,2.4,Italy,1344.42,W,6,0,VI U-12 Baseball World Cup 2021,5.0,0.6313
2022-07-29 14:30:00,99413,Italy,17,1344.42,1342.03,-2.4,Venezuela,1484.58,L,0,6,VI U-12 Baseball World Cup 2021,5.0,0.3687
2022-07-29 18:00:00,100306,Argentina,26,1206.06,1211.47,5.41,Peru,929.99,W,3,2,Men's Baseball South American Championship 2022 - Campeonato Sudamericano de Mayores 2022,20.0,0.7426
2022-07-29 18:00:00,100306,Peru,41,929.99,924.58,-5.41,Argentina,1206.06,L,2,3,Men's Baseball South American Championship 2022 - Campeonato Sudamericano de Mayores 2022,20.0,0.2574
2022-07-29 18:30:00,99414,Chinese Taipei,2,1584.0,1585.78,1.78,Panama,1410.29,W,4,3,VI U-12 Baseball World Cup 2021,5.0,0.6607
2022-07-29 18:30:00,99414,Panama,13,1410.29,1408.51,-1.78,Chinese Taipei,1584.0,L,3,4,VI U-12 Baseball World Cup 2021,5.0,0.3393
2022-07-30 10:30:00,99415,Republic of Korea,4,1568.0,1570.53,2.53,Czechia,1392.45,W,14,0,VI U-12 Baseball World Cup 2021,5.0,0.6623
2022-07-30 10:30:00,99415,Czechia,14,1392.45,1389.92,-2.53,Republic of Korea,1568.0,L,0,14,VI U-12 Baseball World Cup 2021,5.0,0.3377
2022-07-30 13:00:00,100308,Ecuador,54,813.82,827.13,13.3,Peru,924.58,W,7,5,Men's Baseball South American Championship 2022 - Campeonato Sudamericano de Mayores 2022,20.0,0.3953
2022-07-30 13:00:00,100308,Peru,43,924.58,911.28,-13.3,Ecuador,813.82,L,5,7,Men's Baseball South American Championship 2022 - Campeonato Sudamericano de Mayores 2022,20.0,0.6047
2022-07-30 14:30:00,99417,Japan,1,1600.0,1595.81,-4.19,United States of America,1538.76,L,6,21,VI U-12 Baseball World Cup 2021,5.0,0.5585
2022-07-30 14:30:00,99417,United States of America,5,1538.76,1542.95,4.19,Japan,1600.0,W,21,6,VI U-12 Baseball World Cup 2021,5.0,0.4415
2022-07-30 14:30:00,99418,Mexico,3,1570.56,1572.39,1.83,Panama,1408.51,W,2,1,VI U-12 Baseball World Cup 2021,5.0,0.6506
2022-07-30 14:30:00,99418,Panama,13,1408.51,1406.68,-1.83,Mexico,1570.56,L,1,2,VI U-12 Baseball World Cup 2021,5.0,0.3494
2022-07-30 18:00:00,100309,Argentina,26,1211.47,1201.33,-10.14,Brazil,1252.36,L,0,2,Men's Baseball South American Championship 2022 - Campeonato Sudamericano de Mayores 2022,20.0,0.4608
2022-07-30 18:00:00,100309,Brazil,23,1252.36,1262.5,10.14,Argentina,1211.47,W,2,0,Men's Baseball South American Championship 2022 - Campeonato Sudamericano de Mayores 2022,20.0,0.5392
2022-07-30 18:30:00,99416,Italy,17,1342.03,1344.77,2.74,South Africa,1198.54,W,15,0,VI U-12 Baseball World Cup 2021,5.0,0.6343
2022-07-30 18:30:00,99416,South Africa,27,1198.54,1195.79,-2.74,Italy,1342.03,L,0,15,VI U-12 Baseball World Cup 2021,5.0,0.3657
2022-07-30 18:30:00,99419,Chinese Taipei,2,1585.78,1582.52,-3.27,Venezuela,1486.98,L,8,10,VI U-12 Baseball World Cup 2021,5.0,0.5937
2022-07-30 18:30:00,99419,Venezuela,7,1486.98,1490.24,3.27,Chinese Taipei,1585.78,W,10,8,VI U-12 Baseball World Cup 2021,5.0,0.4063
2022-07-31 10:30:00,99420,United States of America,5,1542.95,1546.59,3.64,Dominican Republic,1527.64,W,10,0,VI U-12 Baseball World Cup 2021,5.0,0.5147
2022-07-31 10:30:00,99420,Dominican Republic,6,1527.64,1524.0,-3.64,United States of America,1542.95,L,0,10,VI U-12 Baseball World Cup 2021,5.0,0.4853
2022-07-31 10:30:00,99421,Panama,13,1406.68,1409.98,3.31,Italy,1344.77,W,10,0,VI U-12 Baseball World Cup 2021,5.0,0.5591
2022-07-31 10:30:00,99421,Italy,17,1344.77,1341.46,-3.31,Panama,1406.68,L,0,10,VI U-12 Baseball World Cup 2021,5.0,0.4409
2022-07-31 14:30:00,99422,Republic of Korea,4,1570.53,1573.42,2.88,Japan,1595.81,W,3,1,VI U-12 Baseball World Cup 2021,5.0,0.4758
2022-07-31 14:30:00,99422,Japan,1,1595.81,1592.93,-2.88,Republic of Korea,1570.53,L,1,3,VI U-12 Baseball World Cup 2021,5.0,0.5242
2022-07-31 14:30:00,99423,Venezuela,7,1490.24,1492.08,1.83,South Africa,1195.79,W,25,0,VI U-12 Baseball World Cup 2021,5.0,0.7558
2022-07-31 14:30:00,99423,South Africa,27,1195.79,1193.96,-1.83,Venezuela,1490.24,L,0,25,VI U-12 Baseball World Cup 2021,5.0,0.2442
2022-07-31 18:30:00,99424,Mexico,4,1572.39,1569.69,-2.7,Chinese Taipei,1582.52,L,1,3,VI U-12 Baseball World Cup 2021,5.0,0.4903
2022-07-31 18:30:00,99424,Chinese Taipei,2,1582.52,1585.21,2.7,Mexico,1572.39,W,3,1,VI U-12 Baseball World Cup 2021,5.0,0.5097
2022-08-01 10:30:00,99425,Dominican Republic,6,1524.0,1526.88,2.87,Republic of Korea,1573.42,W,5,4,VI U-12 Baseball World Cup 2021,5.0,0.4527
2022-08-01 10:30:00,99425,Republic of Korea,3,1573.42,1570.54,-2.87,Dominican Republic,1524.0,L,4,5,VI U-12 Baseball World Cup 2021,5.0,0.5473
2022-08-01 10:30:00,99426,Japan,1,1592.93,1595.29,2.36,Czechia,1389.92,W,15,0,VI U-12 Baseball World Cup 2021,5.0,0.6855
2022-08-01 10:30:00,99426,Czechia,14,1389.92,1387.56,-2.36,Japan,1592.93,L,0,15,VI U-12 Baseball World Cup 2021,5.0,0.3145
2022-08-01 14:30:00,99427,Panama,13,1409.98,1407.14,-2.85,Venezuela,1492.08,L,0,7,VI U-12 Baseball World Cup 2021,5.0,0.4219
2022-08-01 14:30:00,99427,Venezuela,7,1492.08,1494.92,2.85,Panama,1409.98,W,7,0,VI U-12 Baseball World Cup 2021,5.0,0.5781
2022-08-01 14:30:00,99428,Italy,17,1341.46,1339.26,-2.21,Mexico,1569.69,L,0,14,VI U-12 Baseball World Cup 2021,5.0,0.294
2022-08-01 14:30:00,99428,Mexico,4,1569.69,1571.9,2.21,Italy,1341.46,W,14,0,VI U-12 Baseball World Cup 2021,5.0,0.706
2022-08-01 18:30:00,99429,South Africa,27,1193.96,1192.6,-1.37,Chinese Taipei,1585.21,L,0,12,VI U-12 Baseball World Cup 2021,5.0,0.1822
2022-08-01 18:30:00,99429,Chinese Taipei,2,1585.21,1586.58,1.37,South Africa,1193.96,W,12,0,VI U-12 Baseball World Cup 2021,5.0,0.8178
2022-08-02 10:30:00,99430,Venezuela,7,1494.92,1492.15,-2.77,Mexico,1571.9,L,1,7,VI U-12 Baseball World Cup 2021,5.0,0.4267
2022-08-02 10:30:00,99430,Mexico,3,1571.9,1574.67,2.77,Venezuela,1494.92,W,7,1,VI U-12 Baseball World Cup 2021,5.0,0.5733
2022-08-02 10:30:00,99431,Czechia,14,1387.56,1384.79,-2.77,Dominican Republic,1526.88,L,2,17,VI U-12 Baseball World Cup 2021,5.0,0.3694
2022-08-02 10:30:00,99431,Dominican Republic,6,1526.88,1529.65,2.77,Czechia,1387.56,W,17,2,VI U-12 Baseball World Cup 2021,5.0,0.6306
2022-08-02 14:30:00,99432,United States of America,5,1546.59,1549.6,3.01,Republic of Korea,1570.54,W,8,5,VI U-12 Baseball World Cup 2021,5.0,0.477
2022-08-02 14:30:00,99432,Republic of Korea,4,1570.54,1567.54,-3.01,United States of America,1546.59,L,5,8,VI U-12 Baseball World Cup 2021,5.0,0.523
2022-08-02 14:30:00,99433,South Africa,27,1192.6,1190.31,-2.29,Panama,1407.14,L,0,27,VI U-12 Baseball World Cup 2021,5.0,0.3051
2022-08-02 14:30:00,99433,Panama,13,1407.14,1409.42,2.29,South Africa,1192.6,W,27,0,VI U-12 Baseball World Cup 2021,5.0,0.6949
2022-08-02 18:30:00,99434,Chinese Taipei,2,1586.58,1588.67,2.09,Italy,1339.26,W,15,0,VI U-12 Baseball World Cup 2021,5.0,0.7209
2022-08-02 18:30:00,99434,Italy,17,1339.26,1337.16,-2.09,Chinese Taipei,1586.58,L,0,15,VI U-12 Baseball World Cup 2021,5.0,0.2791
2022-08-03 14:30:00,99411,Dominican Republic,6,1529.65,1532.88,3.24,Japan,1595.29,W,5,2,VI U-12 Baseball World Cup 2021,5.0,0.4374
2022-08-03 14:30:00,99411,Japan,1,1595.29,1592.05,-3.24,Dominican Republic,1529.65,L,2,5,VI U-12 Baseball World Cup 2021,5.0,0.5626
2022-08-04 10:30:00,99440,United States of America,5,1549.6,1552.35,2.75,Mexico,1574.67,W,6,5,VI U-12 Baseball World Cup 2021,5.0,0.476
2022-08-04 10:30:00,99440,Mexico,3,1574.67,1571.92,-2.75,United States of America,1549.6,L,5,6,VI U-12 Baseball World Cup 2021,5.0,0.524
2022-08-04 10:30:00,99441,Panama,13,1409.42,1407.35,-2.07,Japan,1592.05,L,0,5,VI U-12 Baseball World Cup 2021,5.0,0.3316
2022-08-04 10:30:00,99441,Japan,1,1592.05,1594.12,2.07,Panama,1409.42,W,5,0,VI U-12 Baseball World Cup 2021,5.0,0.6684
2022-08-04 14:30:00,99442,Venezuela,7,1492.15,1495.44,3.29,Republic of Korea,1567.54,W,5,2,VI U-12 Baseball World Cup 2021,5.0,0.4282
2022-08-04 14:30:00,99442,Republic of Korea,4,1567.54,1564.25,-3.29,Venezuela,1492.15,L,2,5,VI U-12 Baseball World Cup 2021,5.0,0.5718
2022-08-04 14:30:00,99443,Italy,17,1337.16,1334.32,-2.84,Czechia,1384.79,L,6,11,VI U-12 Baseball World Cup 2021,5.0,0.4544
2022-08-04 14:30:00,99443,Czechia,14,1384.79,1387.63,2.84,Italy,1337.16,W,11,6,VI U-12 Baseball World Cup 2021,5.0,0.5456
2022-08-04 18:30:00,99444,Chinese Taipei,2,1588.67,1592.02,3.35,Dominican Republic,1532.88,W,16,1,VI U-12 Baseball World Cup 2021,5.0,0.5533
2022-08-04 18:30:00,99444,Dominican Republic,6,1532.88,1529.53,-3.35,Chinese Taipei,1588.67,L,1,16,VI U-12 Baseball World Cup 2021,5.0,0.4467
2022-08-05 10:30:00,99445,Mexico,3,1571.92,1569.0,-2.92,Republic of Korea,1564.25,L,1,4,VI U-12 Baseball World Cup 2021,5.0,0.5074
2022-08-05 10:30:00,99445,Republic of Korea,4,1564.25,1567.16,2.92,Mexico,1571.92,W,4,1,VI U-12 Baseball World Cup 2021,5.0,0.4926
2022-08-05 10:30:00,101061,Panama,13,1407.35,1410.0,2.65,Czechia,1387.63,W,4,2,VI U-12 Baseball World Cup 2021,5.0,0.5189
2022-08-05 10:30:00,101061,Czechia,14,1387.63,1384.99,-2.65,Panama,1407.35,L,2,4,VI U-12 Baseball World Cup 2021,5.0,0.4811
2022-08-05 14:30:00,99447,Dominican Republic,6,1529.53,1525.94,-3.6,Venezuela,1495.44,L,5,12,VI U-12 Baseball World Cup 2021,5.0,0.5327
2022-08-05 14:30:00,99447,Venezuela,7,1495.44,1499.03,3.6,Dominican Republic,1529.53,W,12,5,VI U-12 Baseball World Cup 2021,5.0,0.4673
2022-08-05 14:30:00,99448,Japan,1,1594.12,1595.44,1.31,South Africa,1190.31,W,14,0,VI U-12 Baseball World Cup 2021,5.0,0.8249
2022-08-05 14:30:00,99448,South Africa,27,1190.31,1188.99,-1.31,Japan,1594.12,L,0,14,VI U-12 Baseball World Cup 2021,5.0,0.1751
2022-08-05 18:30:00,99449,United States of America,5,1552.35,1555.31,2.96,Chinese Taipei,1592.02,W,8,6,VI U-12 Baseball World Cup 2021,5.0,0.462
2022-08-05 18:30:00,99449,Chinese Taipei,2,1592.02,1589.06,-2.96,United States of America,1552.35,L,6,8,VI U-12 Baseball World Cup 2021,5.0,0.538
2022-08-06 10:30:00,99450,Mexico,3,1569.0,1565.35,-3.65,Dominican Republic,1525.94,L,2,9,VI U-12 Baseball World Cup 2021,5.0,0.5412
2022-08-06 10:30:00,99450,Dominican Republic,6,1525.94,1529.59,3.65,Mexico,1569.0,W,9,2,VI U-12 Baseball World Cup 2021,5.0,0.4588
2022-08-06 10:30:00,99451,Japan,1,1595.44,1597.45,2.01,Italy,1334.32,W,18,0,VI U-12 Baseball World Cup 2021,5.0,0.7315
2022-08-06 10:30:00,99451,Italy,17,1334.32,1332.31,-2.01,Japan,1595.44,L,0,18,VI U-12 Baseball World Cup 2021,5.0,0.2685
2022-08-06 14:30:00,99452,United States of America,5,1555.31,1558.1,2.79,Venezuela,1499.03,W,12,7,VI U-12 Baseball World Cup 2021,5.0,0.5538
2022-08-06 14:30:00,99452,Venezuela,7,1499.03,1496.24,-2.79,United States of America,1555.31,L,7,12,VI U-12 Baseball World Cup 2021,5.0,0.4462
2022-08-06 14:30:00,99453,Czechia,14,1384.99,1387.07,2.08,South Africa,1188.99,W,6,0,VI U-12 Baseball World Cup 2021,5.0,0.6796
2022-08-06 14:30:00,99453,South Africa,27,1188.99,1186.91,-2.08,Czechia,1384.99,L,0,6,VI U-12 Baseball World Cup 2021,5.0,0.3204
2022-08-06 18:30:00,99454,Chinese Taipei,2,1589.06,1591.58,2.51,Republic of Korea,1567.16,W,3,2,VI U-12 Baseball World Cup 2021,5.0,0.521
2022-08-06 18:30:00,99454,Republic of Korea,3,1567.16,1564.65,-2.51,Chinese Taipei,1589.06,L,2,3,VI U-12 Baseball World Cup 2021,5.0,0.479
2022-08-07 13:00:00,99110,Switzerland,49,849.61,849.17,-0.44,Belgium,1214.51,L,4,6,U-23 European Baseball Championship Qualifier 2022 - Pool B (LTU),2.0,0.1978
2022-08-07 13:00:00,99110,Belgium,25,1214.51,1214.95,0.44,Switzerland,849.61,W,6,4,U-23 European Baseball Championship Qualifier 2022 - Pool B (LTU),2.0,0.8022
2022-08-07 14:00:00,99458,Chinese Taipei,2,1591.58,1594.22,2.64,Dominican Republic,1529.59,W,9,5,VI U-12 Baseball World Cup 2021,5.0,0.5592
2022-08-07 14:00:00,99458,Dominican Republic,6,1529.59,1526.94,-2.64,Chinese Taipei,1591.58,L,5,9,VI U-12 Baseball World Cup 2021,5.0,0.4408
2022-08-07 17:00:00,99111,Poland,96,749.08,751.09,2.01,Lithuania,1027.95,W,10,3,U-23 European Baseball Championship Qualifier 2022 - Pool B (LTU),2.0,0.2554
2022-08-07 17:00:00,99111,Lithuania,37,1027.95,1025.94,-2.01,Poland,749.08,L,3,10,U-23 European Baseball Championship Qualifier 2022 - Pool B (LTU),2.0,0.7446
2022-08-07 19:45:00,99459,United States of America,5,1558.1,1561.18,3.09,Venezuela,1496.24,W,10,2,VI U-12 Baseball World Cup 2021,5.0,0.5591
2022-08-07 19:45:00,99459,Venezuela,7,1496.24,1493.16,-3.09,United States of America,1558.1,L,2,10,VI U-12 Baseball World Cup 2021,5.0,0.4409
2022-08-08 10:00:00,97636,Austria,30,1134.54,1135.3,0.77,Hungary,856.92,W,10,0,U-23 European Baseball Championship Qualifier 2022 - Pool A (SLO),2.0,0.7437
2022-08-08 10:00:00,97636,Hungary,48,856.92,856.15,-0.77,Austria,1134.54,L,0,10,U-23 European Baseball Championship Qualifier 2022 - Pool A (SLO),2.0,0.2563
2022-08-08 13:00:00,99112,Belgium,25,1214.95,1213.97,-0.97,Israel,1295.12,L,0,3,U-23 European Baseball Championship Qualifier 2022 - Pool B (LTU),2.0,0.4237
2022-08-08 13:00:00,99112,Israel,20,1295.12,1296.09,0.97,Belgium,1214.95,W,3,0,U-23 European Baseball Championship Qualifier 2022 - Pool B (LTU),2.0,0.5763
2022-08-08 13:30:00,97637,Ukraine,29,1148.5,1149.38,0.88,Slovakia,1042.35,W,5,3,U-23 European Baseball Championship Qualifier 2022 - Pool A (SLO),2.0,0.6005
2022-08-08 13:30:00,97637,Slovakia,35,1042.35,1041.47,-0.88,Ukraine,1148.5,L,3,5,U-23 European Baseball Championship Qualifier 2022 - Pool A (SLO),2.0,0.3995
2022-08-08 17:00:00,99113,Lithuania,37,1025.94,1024.09,-1.86,Switzerland,849.17,L,4,12,U-23 European Baseball Championship Qualifier 2022 - Pool B (LTU),2.0,0.6634
2022-08-08 17:00:00,99113,Switzerland,49,849.17,851.03,1.86,Lithuania,1025.94,W,12,4,U-23 European Baseball Championship Qualifier 2022 - Pool B (LTU),2.0,0.3366
2022-08-08 17:00:00,97638,Croatia,32,1094.7,1092.88,-1.82,Slovenia,799.39,L,8,12,U-23 European Baseball Championship Qualifier 2022 - Pool A (SLO),2.0,0.7564
2022-08-08 17:00:00,97638,Slovenia,89,799.39,801.2,1.82,Croatia,1094.7,W,12,8,U-23 European Baseball Championship Qualifier 2022 - Pool A (SLO),2.0,0.2436
2022-08-09 10:00:00,97639,Croatia,32,1092.88,1091.1,-1.78,Hungary,856.15,L,8,13,U-23 European Baseball Championship Qualifier 2022 - Pool A (SLO),2.0,0.7127
2022-08-09 10:00:00,97639,Hungary,48,856.15,857.94,1.78,Croatia,1092.88,W,13,8,U-23 European Baseball Championship Qualifier 2022 - Pool A (SLO),2.0,0.2873
2022-08-09 13:00:00,99114,Poland,96,751.09,750.24,-0.85,Switzerland,851.03,L,0,1,U-23 European Baseball Championship Qualifier 2022 - Pool B (LTU),2.0,0.4053
2022-08-09 13:00:00,99114,Switzerland,49,851.03,851.88,0.85,Poland,751.09,W,1,0,U-23 European Baseball Championship Qualifier 2022 - Pool B (LTU),2.0,0.5947
2022-08-09 13:30:00,97640,Ukraine,29,1149.38,1150.5,1.12,Austria,1135.3,W,7,4,U-23 European Baseball Championship Qualifier 2022 - Pool A (SLO),2.0,0.5135
2022-08-09 13:30:00,97640,Austria,30,1135.3,1134.19,-1.12,Ukraine,1149.38,L,4,7,U-23 European Baseball Championship Qualifier 2022 - Pool A (SLO),2.0,0.4865
2022-08-09 17:00:00,99115,Israel,20,1296.09,1294.54,-1.55,Lithuania,1024.09,L,6,7,U-23 European Baseball Championship Qualifier 2022 - Pool B (LTU),2.0,0.7396
2022-08-09 17:00:00,99115,Lithuania,37,1024.09,1025.64,1.55,Israel,1296.09,W,7,6,U-23 European Baseball Championship Qualifier 2022 - Pool B (LTU),2.0,0.2604
2022-08-09 17:00:00,97641,Slovenia,55,801.2,802.71,1.5,Slovakia,1041.47,W,2,1,U-23 European Baseball Championship Qualifier 2022 - Pool A (SLO),2.0,0.2845
2022-08-09 17:00:00,97641,Slovakia,35,1041.47,1039.97,-1.5,Slovenia,801.2,L,1,2,U-23 European Baseball Championship Qualifier 2022 - Pool A (SLO),2.0,0.7155
2022-08-10 10:00:00,97642,Hungary,48,857.94,857.32,-0.61,Ukraine,1150.5,L,2,7,U-23 European Baseball Championship Qualifier 2022 - Pool A (SLO),2.0,0.2455
2022-08-10 10:00:00,97642,Ukraine,29,1150.5,1151.12,0.61,Hungary,857.94,W,7,2,U-23 European Baseball Championship Qualifier 2022 - Pool A (SLO),2.0,0.7545
2022-08-10 13:00:00,99116,Israel,20,1294.54,1294.83,0.29,Poland,750.24,W,12,6,U-23 European Baseball Championship Qualifier 2022 - Pool B (LTU),2.0,0.8898
2022-08-10 13:00:00,99116,Poland,96,750.24,749.95,-0.29,Israel,1294.54,L,6,12,U-23 European Baseball Championship Qualifier 2022 - Pool B (LTU),2.0,0.1102
2022-08-10 13:30:00,97643,Slovakia,36,1039.97,1041.45,1.48,Croatia,1091.1,W,7,0,U-23 European Baseball Championship Qualifier 2022 - Pool A (SLO),2.0,0.4511
2022-08-10 13:30:00,97643,Croatia,32,1091.1,1089.62,-1.48,Slovakia,1039.97,L,0,7,U-23 European Baseball Championship Qualifier 2022 - Pool A (SLO),2.0,0.5489
2022-08-10 17:00:00,99117,Lithuania,37,1025.64,1024.72,-0.91,Belgium,1213.97,L,7,15,U-23 European Baseball Championship Qualifier 2022 - Pool B (LTU),2.0,0.3268
2022-08-10 17:00:00,99117,Belgium,25,1213.97,1214.89,0.91,Lithuania,1025.64,W,15,7,U-23 European Baseball Championship Qualifier 2022 - Pool B (LTU),2.0,0.6732
2022-08-10 17:00:00,97644,Austria,30,1134.19,1134.84,0.66,Slovenia,802.71,W,12,2,U-23 European Baseball Championship Qualifier 2022 - Pool A (SLO),2.0,0.7811
2022-08-10 17:00:00,97644,Slovenia,55,802.71,802.05,-0.66,Austria,1134.19,L,2,12,U-23 European Baseball Championship Qualifier 2022 - Pool A (SLO),2.0,0.2189
2022-08-11 10:00:00,97645,Austria,30,1134.84,1135.83,0.99,Slovakia,1041.45,W,6,2,U-23 European Baseball Championship Qualifier 2022 - Pool A (SLO),2.0,0.5887
2022-08-11 10:00:00,97645,Slovakia,35,1041.45,1040.47,-0.99,Austria,1134.84,L,2,6,U-23 European Baseball Championship Qualifier 2022 - Pool A (SLO),2.0,0.4113
2022-08-11 13:00:00,99118,Switzerland,49,851.88,853.66,1.78,Israel,1294.83,W,4,3,U-23 European Baseball Championship Qualifier 2022 - Pool B (LTU),2.0,0.1545
2022-08-11 13:00:00,99118,Israel,20,1294.83,1293.05,-1.78,Switzerland,851.88,L,3,4,U-23 European Baseball Championship Qualifier 2022 - Pool B (LTU),2.0,0.8455
2022-08-11 13:30:00,97646,Ukraine,29,1151.12,1152.44,1.32,Croatia,1089.62,W,11,1,U-23 European Baseball Championship Qualifier 2022 - Pool A (SLO),2.0,0.5587
2022-08-11 13:30:00,97646,Croatia,32,1089.62,1088.29,-1.32,Ukraine,1151.12,L,1,11,U-23 European Baseball Championship Qualifier 2022 - Pool A (SLO),2.0,0.4413
2022-08-11 17:00:00,99119,Belgium,25,1214.89,1215.32,0.43,Poland,749.95,W,10,0,U-23 European Baseball Championship Qualifier 2022 - Pool B (LTU),2.0,0.8562
2022-08-11 17:00:00,99119,Poland,96,749.95,749.52,-0.43,Belgium,1214.89,L,0,10,U-23 European Baseball Championship Qualifier 2022 - Pool B (LTU),2.0,0.1438
2022-08-11 17:00:00,97647,Hungary,48,857.32,858.66,1.34,Slovenia,802.05,W,15,5,U-23 European Baseball Championship Qualifier 2022 - Pool A (SLO),2.0,0.5528
2022-08-11 17:00:00,97647,Slovenia,55,802.05,800.71,-1.34,Hungary,857.32,L,5,15,U-23 European Baseball Championship Qualifier 2022 - Pool A (SLO),2.0,0.4472
2022-08-12 10:00:00,97648,Croatia,32,1088.29,1087.02,-1.27,Austria,1135.83,L,0,8,U-23 European Baseball Championship Qualifier 2022 - Pool A (SLO),2.0,0.4545
2022-08-12 10:00:00,97648,Austria,30,1135.83,1137.1,1.27,Croatia,1088.29,W,8,0,U-23 European Baseball Championship Qualifier 2022 - Pool A (SLO),2.0,0.5455
2022-08-12 13:30:00,97649,Slovakia,35,1040.47,1038.93,-1.54,Hungary,858.66,L,6,9,U-23 European Baseball Championship Qualifier 2022 - Pool A (SLO),2.0,0.6677
2022-08-12 13:30:00,97649,Hungary,48,858.66,860.2,1.54,Slovakia,1040.47,W,9,6,U-23 European Baseball Championship Qualifier 2022 - Pool A (SLO),2.0,0.3323
2022-08-12 16:00:00,99120,Belgium,25,1215.32,1215.86,0.54,Switzerland,853.66,W,7,0,U-23 European Baseball Championship Qualifier 2022 - Pool B (LTU),2.0,0.8003
2022-08-12 16:00:00,99120,Switzerland,49,853.66,853.12,-0.54,Belgium,1215.32,L,0,7,U-23 European Baseball Championship Qualifier 2022 - Pool B (LTU),2.0,0.1997
2022-08-12 17:00:00,97650,Slovenia,55,800.71,800.09,-0.62,Ukraine,1152.44,L,1,12,U-23 European Baseball Championship Qualifier 2022 - Pool A (SLO),2.0,0.2059
2022-08-12 17:00:00,97650,Ukraine,29,1152.44,1153.06,0.62,Slovenia,800.71,W,12,1,U-23 European Baseball Championship Qualifier 2022 - Pool A (SLO),2.0,0.7941
2022-08-13 11:00:00,100339,Lithuania,37,1024.72,1024.29,-0.44,Netherlands,1486.48,L,0,20,U-18 European Baseball Championship 2022,2.0,0.1453
2022-08-13 11:00:00,100339,Netherlands,8,1486.48,1486.92,0.44,Lithuania,1024.72,W,20,0,U-18 European Baseball Championship 2022,2.0,0.8547
2022-08-13 11:00:00,100342,Ireland,42,925.27,924.75,-0.52,Italy,1332.31,L,0,15,U-18 European Baseball Championship 2022,2.0,0.1733
2022-08-13 11:00:00,100342,Italy,17,1332.31,1332.83,0.52,Ireland,925.27,W,15,0,U-18 European Baseball Championship 2022,2.0,0.8267
2022-08-13 13:30:00,97651,Ukraine,29,1153.06,1151.98,-1.08,Austria,1137.1,L,0,1,U-23 European Baseball Championship Qualifier 2022 - Pool A (SLO),2.0,0.5153
2022-08-13 13:30:00,97651,Austria,30,1137.1,1138.18,1.08,Ukraine,1153.06,W,1,0,U-23 European Baseball Championship Qualifier 2022 - Pool A (SLO),2.0,0.4847
2022-08-13 15:00:00,100340,Austria,30,1138.18,1137.18,-1.0,Spain,1317.89,L,0,12,U-18 European Baseball Championship 2022,2.0,0.3341
2022-08-13 15:00:00,100340,Spain,19,1317.89,1318.89,1.0,Austria,1138.18,W,12,0,U-18 European Baseball Championship 2022,2.0,0.6659
2022-08-13 15:00:00,100343,Czechia,14,1387.07,1388.09,1.02,Belgium,1215.86,W,15,5,U-18 European Baseball Championship 2022,2.0,0.6586
2022-08-13 15:00:00,100343,Belgium,25,1215.86,1214.83,-1.02,Czechia,1387.07,L,5,15,U-18 European Baseball Championship 2022,2.0,0.3414
2022-08-13 19:00:00,100341,France,21,1283.44,1284.8,1.37,Great Britain,1237.35,W,15,0,U-18 European Baseball Championship 2022,2.0,0.5441
2022-08-13 19:00:00,100341,Great Britain,24,1237.35,1235.98,-1.37,France,1283.44,L,0,15,U-18 European Baseball Championship 2022,2.0,0.4559
2022-08-14 10:00:00,100344,Israel,20,1293.05,1291.89,-1.16,Germany,1331.26,L,7,12,U-18 European Baseball Championship 2022,2.0,0.4634
2022-08-14 10:00:00,100344,Germany,18,1331.26,1332.42,1.16,Israel,1293.05,W,12,7,U-18 European Baseball Championship 2022,2.0,0.5366
2022-08-14 11:00:00,100345,Spain,19,1318.89,1319.43,0.54,Lithuania,1024.29,W,7,5,U-18 European Baseball Championship 2022,2.0,0.7559
2022-08-14 11:00:00,100345,Lithuania,37,1024.29,1023.75,-0.54,Spain,1318.89,L,5,7,U-18 European Baseball Championship 2022,2.0,0.2441
2022-08-14 13:00:00,100348,Belgium,25,1214.83,1213.77,-1.07,Israel,1291.89,L,1,6,U-18 European Baseball Championship 2022,2.0,0.4266
2022-08-14 13:00:00,100348,Israel,20,1291.89,1292.96,1.07,Belgium,1214.83,W,6,1,U-18 European Baseball Championship 2022,2.0,0.5734
2022-08-14 15:00:00,100346,Netherlands,8,1486.92,1487.67,0.76,France,1284.8,W,8,4,U-18 European Baseball Championship 2022,2.0,0.6847
2022-08-14 15:00:00,100346,France,21,1284.8,1284.05,-0.76,Netherlands,1486.92,L,4,8,U-18 European Baseball Championship 2022,2.0,0.3153
2022-08-14 16:00:00,100349,Germany,18,1332.42,1332.8,0.38,Ireland,924.75,W,3,1,U-18 European Baseball Championship 2022,2.0,0.827
2022-08-14 16:00:00,100349,Ireland,42,924.75,924.37,-0.38,Germany,1332.42,L,1,3,U-18 European Baseball Championship 2022,2.0,0.173
2022-08-14 19:00:00,100347,Great Britain,24,1235.98,1236.88,0.89,Austria,1137.18,W,7,5,U-18 European Baseball Championship 2022,2.0,0.5937
2022-08-14 19:00:00,100347,Austria,30,1137.18,1136.29,-0.89,Great Britain,1235.98,L,5,7,U-18 European Baseball Championship 2022,2.0,0.4063
2022-08-14 19:00:00,100350,Italy,17,1332.83,1331.67,-1.16,Czechia,1388.09,L,3,9,U-18 European Baseball Championship 2022,2.0,0.4472
2022-08-14 19:00:00,100350,Czechia,14,1388.09,1389.25,1.16,Italy,1332.83,W,9,3,U-18 European Baseball Championship 2022,2.0,0.5528
2022-08-15 11:00:00,100351,France,21,1284.05,1284.85,0.81,Lithuania,1023.75,W,10,0,U-18 European Baseball Championship 2022,2.0,0.7308
2022-08-15 11:00:00,100351,Lithuania,37,1023.75,1022.94,-0.81,France,1284.05,L,0,10,U-18 European Baseball Championship 2022,2.0,0.2692
2022-08-15 11:00:00,100354,Germany,17,1332.8,1333.69,0.89,Belgium,1213.77,W,10,7,U-18 European Baseball Championship 2022,2.0,0.6123
2022-08-15 11:00:00,100354,Belgium,25,1213.77,1212.88,-0.89,Germany,1332.8,L,7,10,U-18 European Baseball Championship 2022,2.0,0.3877
2022-08-15 15:00:00,100352,Netherlands,8,1487.67,1488.29,0.62,Austria,1136.29,W,12,2,U-18 European Baseball Championship 2022,2.0,0.7939
2022-08-15 15:00:00,100352,Austria,30,1136.29,1135.67,-0.62,Netherlands,1487.67,L,2,12,U-18 European Baseball Championship 2022,2.0,0.2061
2022-08-15 15:00:00,100355,Italy,18,1331.67,1333.01,1.34,Israel,1292.96,W,9,0,U-18 European Baseball Championship 2022,2.0,0.5371
2022-08-15 15:00:00,100355,Israel,20,1292.96,1291.62,-1.34,Italy,1331.67,L,0,9,U-18 European Baseball Championship 2022,2.0,0.4629
2022-08-15 19:00:00,100353,Spain,19,1319.43,1320.4,0.97,Great Britain,1236.88,W,6,3,U-18 European Baseball Championship 2022,2.0,0.5785
2022-08-15 19:00:00,100353,Great Britain,24,1236.88,1235.91,-0.97,Spain,1319.43,L,3,6,U-18 European Baseball Championship 2022,2.0,0.4215
2022-08-15 19:00:00,100356,Czechia,14,1389.25,1389.69,0.43,Ireland,924.37,W,18,2,U-18 European Baseball Championship 2022,2.0,0.8562
2022-08-15 19:00:00,100356,Ireland,42,924.37,923.93,-0.43,Czechia,1389.25,L,2,18,U-18 European Baseball Championship 2022,2.0,0.1438
2022-08-16 11:00:00,100360,France,21,1284.85,1285.68,0.83,Austria,1135.67,W,10,7,U-18 European Baseball Championship 2022,2.0,0.6393
2022-08-16 11:00:00,100360,Austria,30,1135.67,1134.84,-0.83,France,1284.85,L,7,10,U-18 European Baseball Championship 2022,2.0,0.3607
2022-08-16 11:00:00,100363,Italy,18,1333.01,1334.06,1.05,Germany,1333.69,W,7,6,U-18 European Baseball Championship 2022,2.0,0.4993
2022-08-16 11:00:00,100363,Germany,17,1333.69,1332.64,-1.05,Italy,1333.01,L,6,7,U-18 European Baseball Championship 2022,2.0,0.5007
2022-08-16 15:00:00,100361,Lithuania,37,1022.94,1022.02,-0.92,Great Britain,1235.91,L,4,14,U-18 European Baseball Championship 2022,2.0,0.3063
2022-08-16 15:00:00,100361,Great Britain,24,1235.91,1236.83,0.92,Lithuania,1022.94,W,14,4,U-18 European Baseball Championship 2022,2.0,0.6937
2022-08-16 15:00:00,100364,Ireland,42,923.93,923.19,-0.74,Belgium,1212.88,L,1,16,U-18 European Baseball Championship 2022,2.0,0.2481
2022-08-16 15:00:00,100364,Belgium,25,1212.88,1213.62,0.74,Ireland,923.93,W,16,1,U-18 European Baseball Championship 2022,2.0,0.7519
2022-08-16 19:00:00,100362,Netherlands,8,1488.29,1486.91,-1.38,Spain,1320.4,L,3,4,U-18 European Baseball Championship 2022,2.0,0.6557
2022-08-16 19:00:00,100362,Spain,19,1320.4,1321.78,1.38,Netherlands,1488.29,W,4,3,U-18 European Baseball Championship 2022,2.0,0.3443
2022-08-16 19:00:00,100365,Czechia,14,1389.69,1390.91,1.22,Israel,1291.62,W,13,3,U-18 European Baseball Championship 2022,2.0,0.593
2022-08-16 19:00:00,100365,Israel,20,1291.62,1290.39,-1.22,Czechia,1389.69,L,3,13,U-18 European Baseball Championship 2022,2.0,0.407
2022-08-18 11:00:00,100372,Great Britain,24,1236.83,1235.99,-0.83,Netherlands,1486.91,L,3,13,U-18 European Baseball Championship 2022,2.0,0.2769
2022-08-18 11:00:00,100372,Netherlands,8,1486.91,1487.74,0.83,Great Britain,1236.83,W,13,3,U-18 European Baseball Championship 2022,2.0,0.7231
2022-08-18 12:00:00,100366,Israel,20,1290.39,1290.98,0.59,Ireland,923.19,W,10,0,U-18 European Baseball Championship 2022,2.0,0.8036
2022-08-18 12:00:00,100366,Ireland,42,923.19,922.6,-0.59,Israel,1290.39,L,0,10,U-18 European Baseball Championship 2022,2.0,0.1964
2022-08-18 15:00:00,100373,Spain,19,1321.78,1322.75,0.98,France,1285.68,W,5,4,U-18 European Baseball Championship 2022,2.0,0.5346
2022-08-18 15:00:00,100373,France,21,1285.68,1284.71,-0.98,Spain,1321.78,L,4,5,U-18 European Baseball Championship 2022,2.0,0.4654
2022-08-18 16:00:00,100367,Belgium,25,1213.62,1212.5,-1.12,Italy,1334.06,L,2,11,U-18 European Baseball Championship 2022,2.0,0.3865
2022-08-18 16:00:00,100367,Italy,17,1334.06,1335.18,1.12,Belgium,1213.62,W,11,2,U-18 European Baseball Championship 2022,2.0,0.6135
2022-08-18 17:00:00,100371,Austria,30,1134.84,1136.02,1.18,Lithuania,1022.02,W,12,1,U-18 European Baseball Championship 2022,2.0,0.6066
2022-08-18 17:00:00,100371,Lithuania,37,1022.02,1020.84,-1.18,Austria,1134.84,L,1,12,U-18 European Baseball Championship 2022,2.0,0.3934
2022-08-18 19:00:00,100374,Germany,18,1332.64,1331.53,-1.11,Czechia,1390.91,L,10,15,U-18 European Baseball Championship 2022,2.0,0.4443
2022-08-18 19:00:00,100374,Czechia,14,1390.91,1392.02,1.11,Germany,1332.64,W,15,10,U-18 European Baseball Championship 2022,2.0,0.5557
2022-08-19 11:00:00,100378,Germany,18,1331.53,1332.47,0.94,Great Britain,1235.99,W,3,0,U-18 European Baseball Championship 2022,2.0,0.5906
2022-08-19 11:00:00,100378,Great Britain,24,1235.99,1235.05,-0.94,Germany,1331.53,L,0,3,U-18 European Baseball Championship 2022,2.0,0.4094
2022-08-19 12:00:00,100375,Austria,30,1136.02,1136.94,0.92,Ireland,922.6,W,12,2,U-18 European Baseball Championship 2022,2.0,0.694
2022-08-19 12:00:00,100375,Ireland,42,922.6,921.68,-0.92,Austria,1136.02,L,2,12,U-18 European Baseball Championship 2022,2.0,0.306
2022-08-19 15:00:00,100380,Spain,19,1322.75,1323.83,1.08,Italy,1335.18,W,3,2,U-18 European Baseball Championship 2022,2.0,0.4881
2022-08-19 15:00:00,100380,Italy,17,1335.18,1334.11,-1.08,Spain,1322.75,L,2,3,U-18 European Baseball Championship 2022,2.0,0.5119
2022-08-19 16:00:00,100376,Belgium,25,1212.5,1213.37,0.87,Lithuania,1020.84,W,7,0,U-18 European Baseball Championship 2022,2.0,0.676
2022-08-19 16:00:00,100376,Lithuania,37,1020.84,1019.97,-0.87,Belgium,1212.5,L,0,7,U-18 European Baseball Championship 2022,2.0,0.324
2022-08-19 17:00:00,100377,France,21,1284.71,1285.87,1.16,Israel,1290.98,W,6,3,U-18 European Baseball Championship 2022,2.0,0.494
2022-08-19 17:00:00,100377,Israel,20,1290.98,1289.82,-1.16,France,1284.71,L,3,6,U-18 European Baseball Championship 2022,2.0,0.506
2022-08-19 19:00:00,100379,Czechia,14,1392.02,1390.95,-1.06,Netherlands,1487.74,L,2,8,U-18 European Baseball Championship 2022,2.0,0.4092
2022-08-19 19:00:00,100379,Netherlands,8,1487.74,1488.81,1.06,Czechia,1392.02,W,8,2,U-18 European Baseball Championship 2022,2.0,0.5908
2022-08-20 10:00:00,100384,France,21,1285.87,1284.5,-1.37,Germany,1332.47,L,1,14,U-18 European Baseball Championship 2022,2.0,0.4554
2022-08-20 10:00:00,100384,Germany,18,1332.47,1333.83,1.37,France,1285.87,W,14,1,U-18 European Baseball Championship 2022,2.0,0.5446
2022-08-20 12:00:00,100382,Austria,30,1136.94,1138.14,1.2,Belgium,1213.37,W,4,3,U-18 European Baseball Championship 2022,2.0,0.4272
2022-08-20 12:00:00,100382,Belgium,25,1213.37,1212.17,-1.2,Austria,1136.94,L,3,4,U-18 European Baseball Championship 2022,2.0,0.5728
2022-08-20 13:00:00,100381,Ireland,42,921.68,923.34,1.66,Lithuania,1019.97,W,11,3,U-18 European Baseball Championship 2022,2.0,0.4068
2022-08-20 13:00:00,100381,Lithuania,37,1019.97,1018.31,-1.66,Ireland,921.68,L,3,11,U-18 European Baseball Championship 2022,2.0,0.5932
2022-08-20 14:00:00,100385,Czechia,14,1390.95,1391.93,0.98,Italy,1334.11,W,4,2,U-18 European Baseball Championship 2022,2.0,0.5543
2022-08-20 14:00:00,100385,Italy,17,1334.11,1333.13,-0.98,Czechia,1390.95,L,2,4,U-18 European Baseball Championship 2022,2.0,0.4457
2022-08-20 16:00:00,100383,Israel,20,1289.82,1288.38,-1.44,Great Britain,1235.05,L,3,9,U-18 European Baseball Championship 2022,2.0,0.5524
2022-08-20 16:00:00,100383,Great Britain,24,1235.05,1236.49,1.44,Israel,1289.82,W,9,3,U-18 European Baseball Championship 2022,2.0,0.4476
2022-08-20 18:00:00,100386,Spain,19,1323.83,1325.4,1.57,Netherlands,1488.81,W,6,2,U-18 European Baseball Championship 2022,2.0,0.3468
2022-08-20 18:00:00,100386,Netherlands,8,1488.81,1487.24,-1.57,Spain,1323.83,L,2,6,U-18 European Baseball Championship 2022,2.0,0.6532
2022-08-26 10:30:00,100715,United States of America,5,1561.18,1562.62,1.44,South Africa,1186.91,W,29,0,V U-15 Baseball World Cup 2022,5.0,0.8079
2022-08-26 10:30:00,100715,South Africa,27,1186.91,1185.47,-1.44,United States of America,1561.18,L,0,29,V U-15 Baseball World Cup 2022,5.0,0.1921
2022-08-26 10:30:00,100716,Venezuela,7,1493.16,1488.96,-4.2,Puerto Rico,1363.62,L,0,7,V U-15 Baseball World Cup 2022,5.0,0.6218
2022-08-26 10:30:00,100716,Puerto Rico,16,1363.62,1367.82,4.2,Venezuela,1493.16,W,7,0,V U-15 Baseball World Cup 2022,5.0,0.3782
2022-08-26 19:30:00,100717,Panama,13,1410.0,1413.91,3.91,Colombia,1432.27,W,10,0,V U-15 Baseball World Cup 2022,5.0,0.4786
2022-08-26 19:30:00,100717,Colombia,11,1432.27,1428.36,-3.91,Panama,1410.0,L,0,10,V U-15 Baseball World Cup 2022,5.0,0.5214
2022-08-26 20:30:00,100718,Mexico,3,1565.35,1562.14,-3.21,Cuba,1476.71,L,2,4,V U-15 Baseball World Cup 2022,5.0,0.5842
2022-08-26 20:30:00,100718,Cuba,9,1476.71,1479.93,3.21,Mexico,1565.35,W,4,2,V U-15 Baseball World Cup 2022,5.0,0.4158
2022-08-27 10:30:00,100719,Guam,38,1008.0,1011.65,3.65,South Africa,1185.47,W,10,8,V U-15 Baseball World Cup 2022,5.0,0.336
2022-08-27 10:30:00,100719,South Africa,27,1185.47,1181.82,-3.65,Guam,1008.0,L,8,10,V U-15 Baseball World Cup 2022,5.0,0.664
2022-08-27 10:30:00,100720,United States of America,4,1562.62,1564.88,2.26,Venezuela,1488.96,W,5,4,V U-15 Baseball World Cup 2022,5.0,0.5702
2022-08-27 10:30:00,100720,Venezuela,7,1488.96,1486.7,-2.26,United States of America,1562.62,L,4,5,V U-15 Baseball World Cup 2022,5.0,0.4298
2022-08-27 15:00:00,100721,Cuba,9,1479.93,1483.05,3.12,Czechia,1391.93,W,18,2,V U-15 Baseball World Cup 2022,5.0,0.5836
2022-08-27 15:00:00,100721,Czechia,14,1391.93,1388.81,-3.12,Cuba,1479.93,L,2,18,V U-15 Baseball World Cup 2022,5.0,0.4164
2022-08-27 15:00:00,100722,France,21,1284.5,1282.22,-2.28,Colombia,1428.36,L,1,6,V U-15 Baseball World Cup 2022,5.0,0.3654
2022-08-27 15:00:00,100722,Colombia,11,1428.36,1430.64,2.28,France,1284.5,W,6,1,V U-15 Baseball World Cup 2022,5.0,0.6346
2022-08-27 19:30:00,100723,Chinese Taipei,2,1594.22,1596.69,2.46,Mexico,1562.14,W,2,1,V U-15 Baseball World Cup 2022,5.0,0.5307
2022-08-27 19:30:00,100723,Mexico,5,1562.14,1559.67,-2.46,Chinese Taipei,1594.22,L,1,2,V U-15 Baseball World Cup 2022,5.0,0.4693
2022-08-27 19:30:00,100724,Japan,1,1597.45,1599.44,1.99,Panama,1413.91,W,4,0,V U-15 Baseball World Cup 2022,5.0,0.6692
2022-08-27 19:30:00,100724,Panama,13,1413.91,1411.92,-1.99,Japan,1597.45,L,0,4,V U-15 Baseball World Cup 2022,5.0,0.3308
2022-08-28 10:30:00,100726,Guam,38,1011.65,1010.85,-0.8,United States of America,1564.88,L,1,13,V U-15 Baseball World Cup 2022,5.0,0.1069
2022-08-28 10:30:00,100726,United States of America,3,1564.88,1565.68,0.8,Guam,1011.65,W,13,1,V U-15 Baseball World Cup 2022,5.0,0.8931
2022-08-28 13:30:00,100725,South Africa,27,1181.82,1179.35,-2.47,Puerto Rico,1367.82,L,1,17,V U-15 Baseball World Cup 2022,5.0,0.3288
2022-08-28 13:30:00,100725,Puerto Rico,16,1367.82,1370.29,2.47,South Africa,1181.82,W,17,1,V U-15 Baseball World Cup 2022,5.0,0.6712
2022-08-28 17:00:00,100727,Czechia,14,1388.81,1386.87,-1.94,Chinese Taipei,1596.69,L,2,7,V U-15 Baseball World Cup 2022,5.0,0.3105
2022-08-28 17:00:00,100727,Chinese Taipei,2,1596.69,1598.63,1.94,Czechia,1388.81,W,7,2,V U-15 Baseball World Cup 2022,5.0,0.6895
2022-08-28 20:00:00,100728,Japan,1,1599.44,1601.15,1.71,France,1282.22,W,10,0,V U-15 Baseball World Cup 2022,5.0,0.7716
2022-08-28 20:00:00,100728,France,21,1282.22,1280.51,-1.71,Japan,1599.44,L,0,10,V U-15 Baseball World Cup 2022,5.0,0.2284
2022-08-29 10:30:00,100729,Puerto Rico,16,1370.29,1367.88,-2.41,United States of America,1565.68,L,4,15,V U-15 Baseball World Cup 2022,5.0,0.3209
2022-08-29 10:30:00,100729,United States of America,3,1565.68,1568.09,2.41,Puerto Rico,1370.29,W,15,4,V U-15 Baseball World Cup 2022,5.0,0.6791
2022-08-29 10:30:00,100731,Venezuela,8,1486.7,1487.74,1.04,Guam,1010.85,W,11,1,V U-15 Baseball World Cup 2022,5.0,0.8613
2022-08-29 10:30:00,100731,Guam,38,1010.85,1009.81,-1.04,Venezuela,1486.7,L,1,11,V U-15 Baseball World Cup 2022,5.0,0.1387
2022-08-29 19:30:00,100732,Panama,13,1411.92,1414.75,2.82,France,1280.51,W,11,1,V U-15 Baseball World Cup 2022,5.0,0.6235
2022-08-29 19:30:00,100732,France,21,1280.51,1277.68,-2.82,Panama,1411.92,L,1,11,V U-15 Baseball World Cup 2022,5.0,0.3765
2022-08-29 19:30:00,100733,Mexico,5,1559.67,1561.63,1.96,Czechia,1386.87,W,3,0,V U-15 Baseball World Cup 2022,5.0,0.66
2022-08-29 19:30:00,100733,Czechia,14,1386.87,1384.92,-1.96,Mexico,1559.67,L,0,3,V U-15 Baseball World Cup 2022,5.0,0.34
2022-08-30 10:30:00,100735,Puerto Rico,16,1367.88,1369.39,1.51,Guam,1009.81,W,13,0,V U-15 Baseball World Cup 2022,5.0,0.798
2022-08-30 10:30:00,100735,Guam,38,1009.81,1008.3,-1.51,Puerto Rico,1367.88,L,0,13,V U-15 Baseball World Cup 2022,5.0,0.202
2022-08-30 10:30:00,100736,South Africa,27,1179.35,1177.59,-1.76,Venezuela,1487.74,L,1,15,V U-15 Baseball World Cup 2022,5.0,0.2344
2022-08-30 10:30:00,100736,Venezuela,7,1487.74,1489.5,1.76,South Africa,1179.35,W,15,1,V U-15 Baseball World Cup 2022,5.0,0.7656
2022-08-30 19:30:00,100737,Colombia,11,1430.64,1428.67,-1.97,Japan,1601.15,L,4,7,V U-15 Baseball World Cup 2022,5.0,0.342
2022-08-30 19:30:00,100737,Japan,1,1601.15,1603.12,1.97,Colombia,1430.64,W,7,4,V U-15 Baseball World Cup 2022,5.0,0.658
2022-08-30 19:30:00,100738,Chinese Taipei,2,1598.63,1595.43,-3.2,Cuba,1483.05,L,2,3,V U-15 Baseball World Cup 2022,5.0,0.6091
2022-08-30 19:30:00,100738,Cuba,9,1483.05,1486.25,3.2,Chinese Taipei,1598.63,W,3,2,V U-15 Baseball World Cup 2022,5.0,0.3909
2022-08-31 10:30:00,100740,France,22,1277.68,1275.29,-2.39,Czechia,1384.92,L,0,4,V U-15 Baseball World Cup 2022,5.0,0.3985
2022-08-31 10:30:00,100740,Czechia,14,1384.92,1387.31,2.39,France,1277.68,W,4,0,V U-15 Baseball World Cup 2022,5.0,0.6015
2022-08-31 15:00:00,100741,Puerto Rico,16,1369.39,1367.25,-2.14,Chinese Taipei,1595.43,L,0,9,V U-15 Baseball World Cup 2022,5.0,0.2958
2022-08-31 15:00:00,100741,Chinese Taipei,2,1595.43,1597.57,2.14,Puerto Rico,1369.39,W,9,0,V U-15 Baseball World Cup 2022,5.0,0.7042
2022-08-31 19:30:00,100739,Japan,1,1603.12,1606.15,3.03,United States of America,1568.09,W,12,6,V U-15 Baseball World Cup 2022,5.0,0.5336
2022-08-31 19:30:00,100739,United States of America,3,1568.09,1565.06,-3.03,Japan,1603.12,L,6,12,V U-15 Baseball World Cup 2022,5.0,0.4664
2022-08-31 19:30:00,100742,Cuba,9,1486.25,1488.95,2.7,Panama,1414.75,W,8,3,V U-15 Baseball World Cup 2022,5.0,0.5682
2022-08-31 19:30:00,100742,Panama,13,1414.75,1412.05,-2.7,Cuba,1486.25,L,3,8,V U-15 Baseball World Cup 2022,5.0,0.4318
2022-09-01 10:30:00,100744,France,22,1275.29,1277.27,1.98,Guam,1008.3,W,10,0,V U-15 Baseball World Cup 2022,5.0,0.7359
2022-09-01 10:30:00,100744,Guam,38,1008.3,1006.31,-1.98,France,1275.29,L,0,10,V U-15 Baseball World Cup 2022,5.0,0.2641
2022-09-01 13:30:00,100745,United States of America,3,1565.06,1566.93,1.88,Panama,1412.05,W,6,5,V U-15 Baseball World Cup 2022,5.0,0.6427
2022-09-01 13:30:00,100745,Panama,13,1412.05,1410.17,-1.88,United States of America,1565.06,L,5,6,V U-15 Baseball World Cup 2022,5.0,0.3573
2022-09-01 17:00:00,100746,Cuba,8,1488.95,1490.97,2.02,Puerto Rico,1367.25,W,5,4,V U-15 Baseball World Cup 2022,5.0,0.6147
2022-09-01 17:00:00,100746,Puerto Rico,16,1367.25,1365.23,-2.02,Cuba,1488.95,L,4,5,V U-15 Baseball World Cup 2022,5.0,0.3853
2022-09-01 19:30:00,100743,Venezuela,8,1489.5,1486.81,-2.7,Mexico,1561.63,L,3,8,V U-15 Baseball World Cup 2022,5.0,0.4312
2022-09-01 19:30:00,100743,Mexico,5,1561.63,1564.33,2.7,Venezuela,1489.5,W,8,3,V U-15 Baseball World Cup 2022,5.0,0.5688
2022-09-01 20:00:00,100747,Japan,1,1606.15,1603.35,-2.8,Chinese Taipei,1597.57,L,4,6,V U-15 Baseball World Cup 2022,5.0,0.5082
2022-09-01 20:00:00,100747,Chinese Taipei,2,1597.57,1600.37,2.8,Japan,1606.15,W,6,4,V U-15 Baseball World Cup 2022,5.0,0.4918
2022-09-02 10:30:00,100749,France,22,1277.27,1280.01,2.74,South Africa,1177.59,W,8,1,V U-15 Baseball World Cup 2022,5.0,0.5945
2022-09-02 10:30:00,100749,South Africa,27,1177.59,1174.86,-2.74,France,1277.27,L,1,8,V U-15 Baseball World Cup 2022,5.0,0.4055
2022-09-02 10:30:00,100750,Panama,13,1410.17,1406.78,-3.39,Puerto Rico,1365.23,L,2,7,V U-15 Baseball World Cup 2022,5.0,0.543
2022-09-02 10:30:00,100750,Puerto Rico,16,1365.23,1368.62,3.39,Panama,1410.17,W,7,2,V U-15 Baseball World Cup 2022,5.0,0.457
2022-09-02 15:00:00,100751,Czechia,14,1387.31,1388.48,1.18,Guam,1006.31,W,6,1,V U-15 Baseball World Cup 2022,5.0,0.8119
2022-09-02 15:00:00,100751,Guam,38,1006.31,1005.14,-1.18,Czechia,1387.31,L,1,6,V U-15 Baseball World Cup 2022,5.0,0.1881
2022-09-02 15:00:00,100753,United States of America,3,1566.93,1570.92,3.99,Chinese Taipei,1600.37,W,10,0,V U-15 Baseball World Cup 2022,5.0,0.468
2022-09-02 15:00:00,100753,Chinese Taipei,2,1600.37,1596.38,-3.99,United States of America,1566.93,L,0,10,V U-15 Baseball World Cup 2022,5.0,0.532
2022-09-02 19:30:00,100748,Venezuela,9,1486.81,1490.14,3.33,Colombia,1428.67,W,18,8,V U-15 Baseball World Cup 2022,5.0,0.5555
2022-09-02 19:30:00,100748,Colombia,11,1428.67,1425.34,-3.33,Venezuela,1486.81,L,8,18,V U-15 Baseball World Cup 2022,5.0,0.4445
2022-09-02 19:30:00,100752,Japan,1,1603.35,1599.26,-4.09,Cuba,1490.97,L,0,7,V U-15 Baseball World Cup 2022,5.0,0.6062
2022-09-02 19:30:00,100752,Cuba,7,1490.97,1495.06,4.09,Japan,1603.35,W,7,0,V U-15 Baseball World Cup 2022,5.0,0.3938
2022-09-03 10:30:00,100755,Czechia,14,1388.48,1390.78,2.29,South Africa,1174.86,W,10,0,V U-15 Baseball World Cup 2022,5.0,0.6942
2022-09-03 10:30:00,100755,South Africa,27,1174.86,1172.56,-2.29,Czechia,1388.48,L,0,10,V U-15 Baseball World Cup 2022,5.0,0.3058
2022-09-03 10:30:00,100757,Panama,13,1406.78,1405.07,-1.71,Chinese Taipei,1596.38,L,4,5,V U-15 Baseball World Cup 2022,5.0,0.3257
2022-09-03 10:30:00,100757,Chinese Taipei,2,1596.38,1598.09,1.71,Panama,1406.78,W,5,4,V U-15 Baseball World Cup 2022,5.0,0.6743
2022-09-03 15:00:00,100756,Japan,1,1599.26,1601.31,2.04,Puerto Rico,1368.62,W,9,1,V U-15 Baseball World Cup 2022,5.0,0.7079
2022-09-03 15:00:00,100756,Puerto Rico,16,1368.62,1366.58,-2.04,Japan,1599.26,L,1,9,V U-15 Baseball World Cup 2022,5.0,0.2921
2022-09-03 19:30:00,100754,Colombia,11,1425.34,1423.12,-2.22,Mexico,1564.33,L,7,11,V U-15 Baseball World Cup 2022,5.0,0.3697
2022-09-03 19:30:00,100754,Mexico,5,1564.33,1566.54,2.22,Colombia,1425.34,W,11,7,V U-15 Baseball World Cup 2022,5.0,0.6303
2022-09-03 19:30:00,100758,United States of America,3,1570.92,1574.13,3.21,Cuba,1495.06,W,11,1,V U-15 Baseball World Cup 2022,5.0,0.5723
2022-09-03 19:30:00,100758,Cuba,7,1495.06,1491.85,-3.21,United States of America,1570.92,L,1,11,V U-15 Baseball World Cup 2022,5.0,0.4277
2022-09-04 11:00:00,100759,Chinese Taipei,2,1598.09,1601.48,3.4,Japan,1601.31,W,7,0,V U-15 Baseball World Cup 2022,5.0,0.4969
2022-09-04 11:00:00,100759,Japan,1,1601.31,1597.91,-3.4,Chinese Taipei,1598.09,L,0,7,V U-15 Baseball World Cup 2022,5.0,0.5031
2022-09-04 17:00:00,100760,United States of America,3,1574.13,1576.34,2.21,Cuba,1491.85,W,4,3,V U-15 Baseball World Cup 2022,5.0,0.5783
2022-09-04 17:00:00,100760,Cuba,7,1491.85,1489.64,-2.21,United States of America,1574.13,L,3,4,V U-15 Baseball World Cup 2022,5.0,0.4217
2022-09-09 15:00:00,100855,Brazil,23,1262.5,1264.68,2.18,South Africa,1172.56,W,7,6,XXX U-18 Baseball World Cup 2021,5.0,0.5854
2022-09-09 15:00:00,100855,South Africa,27,1172.56,1170.39,-2.18,Brazil,1262.5,L,6,7,XXX U-18 Baseball World Cup 2021,5.0,0.4146
2022-09-09 15:00:00,100856,Italy,18,1333.13,1331.4,-1.73,Japan,1597.91,L,0,6,XXX U-18 Baseball World Cup 2021,5.0,0.2658
2022-09-09 15:00:00,100856,Japan,2,1597.91,1599.64,1.73,Italy,1333.13,W,6,0,XXX U-18 Baseball World Cup 2021,5.0,0.7342
2022-09-09 19:00:00,100857,United States of America,3,1576.34,1579.04,2.7,Netherlands,1487.24,W,9,3,XXX U-18 Baseball World Cup 2021,5.0,0.5847
2022-09-09 19:00:00,100857,Netherlands,9,1487.24,1484.54,-2.7,United States of America,1576.34,L,3,9,XXX U-18 Baseball World Cup 2021,5.0,0.4153
2022-09-09 19:00:00,100858,Australia,10,1456.0,1453.63,-2.37,Mexico,1566.54,L,5,9,XXX U-18 Baseball World Cup 2021,5.0,0.3955
2022-09-09 19:00:00,100858,Mexico,4,1566.54,1568.92,2.37,Australia,1456.0,W,9,5,XXX U-18 Baseball World Cup 2021,5.0,0.6045
2022-09-10 11:00:00,100859,Brazil,23,1264.68,1268.08,3.4,Canada,1424.0,W,3,2,XXX U-18 Baseball World Cup 2021,5.0,0.3517
2022-09-10 11:00:00,100859,Canada,11,1424.0,1420.6,-3.4,Brazil,1264.68,L,2,3,XXX U-18 Baseball World Cup 2021,5.0,0.6483
2022-09-10 11:00:00,100860,Chinese Taipei,1,1601.48,1602.86,1.37,Italy,1331.4,W,2,1,XXX U-18 Baseball World Cup 2021,5.0,0.7382
2022-09-10 11:00:00,100860,Italy,18,1331.4,1330.02,-1.37,Chinese Taipei,1601.48,L,1,2,XXX U-18 Baseball World Cup 2021,5.0,0.2618
2022-09-10 19:00:00,100863,Mexico,4,1568.92,1566.21,-2.71,Japan,1599.64,L,1,4,XXX U-18 Baseball World Cup 2021,5.0,0.4706
2022-09-10 19:00:00,100863,Japan,2,1599.64,1602.34,2.71,Mexico,1568.92,W,4,1,XXX U-18 Baseball World Cup 2021,5.0,0.5294
2022-09-10 19:00:01,100864,Republic of Korea,5,1564.65,1561.61,-3.04,United States of America,1579.04,L,3,8,XXX U-18 Baseball World Cup 2021,5.0,0.4862
2022-09-10 19:00:01,100864,United States of America,3,1579.04,1582.08,3.04,Republic of Korea,1564.65,W,8,3,XXX U-18 Baseball World Cup 2021,5.0,0.5138
2022-09-11 11:00:00,100865,Netherlands,9,1484.54,1486.85,2.3,Canada,1420.6,W,3,2,XXX U-18 Baseball World Cup 2021,5.0,0.561
2022-09-11 11:00:00,100865,Canada,12,1420.6,1418.29,-2.3,Netherlands,1484.54,L,2,3,XXX U-18 Baseball World Cup 2021,5.0,0.439
2022-09-11 11:00:00,100866,Australia,10,1453.63,1450.92,-2.7,Chinese Taipei,1602.86,L,2,13,XXX U-18 Baseball World Cup 2021,5.0,0.3606
2022-09-11 11:00:00,100866,Chinese Taipei,1,1602.86,1605.56,2.7,Australia,1453.63,W,13,2,XXX U-18 Baseball World Cup 2021,5.0,0.6394
2022-09-11 15:00:00,100867,Italy,18,1330.02,1328.23,-1.8,Mexico,1566.21,L,7,12,XXX U-18 Baseball World Cup 2021,5.0,0.2877
2022-09-11 15:00:00,100867,Mexico,4,1566.21,1568.01,1.8,Italy,1330.02,W,12,7,XXX U-18 Baseball World Cup 2021,5.0,0.7123
2022-09-11 15:00:00,100868,Brazil,23,1268.08,1266.31,-1.77,Republic of Korea,1561.61,L,2,11,XXX U-18 Baseball World Cup 2021,5.0,0.2448
2022-09-11 15:00:00,100868,Republic of Korea,5,1561.61,1563.39,1.77,Brazil,1268.08,W,11,2,XXX U-18 Baseball World Cup 2021,5.0,0.7552
2022-09-11 19:00:00,100870,Japan,2,1602.34,1604.02,1.68,Panama,1405.07,W,5,4,XXX U-18 Baseball World Cup 2021,5.0,0.6807
2022-09-11 19:00:00,100870,Panama,13,1405.07,1403.39,-1.68,Japan,1602.34,L,4,5,XXX U-18 Baseball World Cup 2021,5.0,0.3193
2022-09-12 11:00:00,100871,Chinese Taipei,1,1605.56,1608.35,2.78,Mexico,1568.01,W,4,0,XXX U-18 Baseball World Cup 2021,5.0,0.536
2022-09-12 11:00:00,100871,Mexico,4,1568.01,1565.23,-2.78,Chinese Taipei,1605.56,L,0,4,XXX U-18 Baseball World Cup 2021,5.0,0.464
2022-09-12 11:00:00,100872,Netherlands,9,1486.85,1488.57,1.73,Brazil,1266.31,W,5,2,XXX U-18 Baseball World Cup 2021,5.0,0.6998
2022-09-12 11:00:00,100872,Brazil,23,1266.31,1264.58,-1.73,Netherlands,1486.85,L,2,5,XXX U-18 Baseball World Cup 2021,5.0,0.3002
2022-09-12 15:00:00,100873,Panama,13,1403.39,1406.6,3.21,Italy,1328.23,W,10,0,XXX U-18 Baseball World Cup 2021,5.0,0.5716
2022-09-12 15:00:00,100873,Italy,18,1328.23,1325.01,-3.21,Panama,1403.39,L,0,10,XXX U-18 Baseball World Cup 2021,5.0,0.4284
2022-09-12 15:00:00,100874,South Africa,27,1170.39,1169.03,-1.36,Republic of Korea,1563.39,L,1,14,XXX U-18 Baseball World Cup 2021,5.0,0.1812
2022-09-12 15:00:00,100874,Republic of Korea,5,1563.39,1564.75,1.36,South Africa,1170.39,W,14,1,XXX U-18 Baseball World Cup 2021,5.0,0.8188
2022-09-12 19:00:00,100876,Japan,2,1604.02,1606.7,2.68,Australia,1450.92,W,10,0,XXX U-18 Baseball World Cup 2021,5.0,0.6428
2022-09-12 19:00:00,100876,Australia,10,1450.92,1448.24,-2.68,Japan,1604.02,L,0,10,XXX U-18 Baseball World Cup 2021,5.0,0.3572
2022-09-12 19:00:00,100877,United States of America,3,1582.08,1583.91,1.83,Canada,1418.29,W,7,6,XXX U-18 Baseball World Cup 2021,5.0,0.6522
2022-09-12 19:00:00,100877,Canada,12,1418.29,1416.47,-1.83,United States of America,1582.08,L,6,7,XXX U-18 Baseball World Cup 2021,5.0,0.3478
2022-09-13 11:00:00,100878,Mexico,4,1565.23,1567.07,1.85,Panama,1406.6,W,8,7,XXX U-18 Baseball World Cup 2021,5.0,0.6477
2022-09-13 11:00:00,100878,Panama,13,1406.6,1404.75,-1.85,Mexico,1565.23,L,7,8,XXX U-18 Baseball World Cup 2021,5.0,0.3523
2022-09-13 11:00:00,100879,Republic of Korea,5,1564.75,1566.99,2.24,Netherlands,1488.57,W,1,0,XXX U-18 Baseball World Cup 2021,5.0,0.5726
2022-09-13 11:00:00,100879,Netherlands,9,1488.57,1486.33,-2.24,Republic of Korea,1564.75,L,0,1,XXX U-18 Baseball World Cup 2021,5.0,0.4274
2022-09-13 15:00:00,100880,Italy,19,1325.01,1323.0,-2.02,Australia,1448.24,L,4,5,XXX U-18 Baseball World Cup 2021,5.0,0.3839
2022-09-13 15:00:00,100880,Australia,10,1448.24,1450.26,2.02,Italy,1325.01,W,5,4,XXX U-18 Baseball World Cup 2021,5.0,0.6161
2022-09-13 15:00:00,100881,Canada,12,1416.47,1418.07,1.6,South Africa,1169.03,W,5,2,XXX U-18 Baseball World Cup 2021,5.0,0.721
2022-09-13 15:00:00,100881,South Africa,27,1169.03,1167.42,-1.6,Canada,1416.47,L,2,5,XXX U-18 Baseball World Cup 2021,5.0,0.279
2022-09-13 19:00:00,100882,United States of America,3,1583.91,1585.61,1.7,Brazil,1264.58,W,10,0,XXX U-18 Baseball World Cup 2021,5.0,0.773
2022-09-13 19:00:00,100882,Brazil,23,1264.58,1262.88,-1.7,United States of America,1583.91,L,0,10,XXX U-18 Baseball World Cup 2021,5.0,0.227
2022-09-13 19:00:00,100883,Japan,2,1606.7,1603.33,-3.36,Chinese Taipei,1608.35,L,2,9,XXX U-18 Baseball World Cup 2021,5.0,0.4984
2022-09-13 19:00:00,100883,Chinese Taipei,1,1608.35,1611.71,3.36,Japan,1606.7,W,9,2,XXX U-18 Baseball World Cup 2021,5.0,0.5016
2022-09-14 09:00:00,100853,Canada,12,1418.07,1415.36,-2.71,Republic of Korea,1566.99,L,0,13,XXX U-18 Baseball World Cup 2021,5.0,0.3609
2022-09-14 09:00:00,100853,Republic of Korea,5,1566.99,1569.7,2.71,Canada,1418.07,W,13,0,XXX U-18 Baseball World Cup 2021,5.0,0.6391
2022-09-14 09:00:00,100869,South Africa,28,1167.42,1166.17,-1.25,United States of America,1585.61,L,0,16,XXX U-18 Baseball World Cup 2021,5.0,0.1673
2022-09-14 09:00:00,100869,United States of America,3,1585.61,1586.87,1.25,South Africa,1167.42,W,16,0,XXX U-18 Baseball World Cup 2021,5.0,0.8327
2022-09-14 11:30:00,100854,Panama,13,1404.75,1402.89,-1.87,Chinese Taipei,1611.71,L,6,10,XXX U-18 Baseball World Cup 2021,5.0,0.3113
2022-09-14 11:30:00,100854,Chinese Taipei,1,1611.71,1613.58,1.87,Panama,1404.75,W,10,6,XXX U-18 Baseball World Cup 2021,5.0,0.6887
2022-09-14 12:30:00,100862,South Africa,28,1166.17,1164.53,-1.64,Netherlands,1486.33,L,0,9,XXX U-18 Baseball World Cup 2021,5.0,0.2264
2022-09-14 12:30:00,100862,Netherlands,9,1486.33,1487.97,1.64,South Africa,1166.17,W,9,0,XXX U-18 Baseball World Cup 2021,5.0,0.7736
2022-09-14 15:00:00,100861,Panama,13,1402.89,1405.75,2.86,Australia,1450.26,W,3,2,XXX U-18 Baseball World Cup 2021,5.0,0.4547
2022-09-14 15:00:00,100861,Australia,10,1450.26,1447.4,-2.86,Panama,1402.89,L,2,3,XXX U-18 Baseball World Cup 2021,5.0,0.5453
2022-09-15 09:00:00,100884,Netherlands,9,1487.97,1491.28,3.31,Mexico,1567.07,W,7,4,XXX U-18 Baseball World Cup 2021,5.0,0.4247
2022-09-15 09:00:00,100884,Mexico,5,1567.07,1563.77,-3.31,Netherlands,1487.97,L,4,7,XXX U-18 Baseball World Cup 2021,5.0,0.5753
2022-09-15 09:00:00,100885,Italy,19,1323.0,1324.85,1.85,South Africa,1164.53,W,2,1,XXX U-18 Baseball World Cup 2021,5.0,0.6475
2022-09-15 09:00:00,100885,South Africa,28,1164.53,1162.68,-1.85,Italy,1323.0,L,1,2,XXX U-18 Baseball World Cup 2021,5.0,0.3525
2022-09-15 12:30:00,100887,Canada,12,1415.36,1418.15,2.79,Australia,1447.4,W,7,6,XXX U-18 Baseball World Cup 2021,5.0,0.4693
2022-09-15 12:30:00,100887,Australia,10,1447.4,1444.61,-2.79,Canada,1415.36,L,6,7,XXX U-18 Baseball World Cup 2021,5.0,0.5307
2022-09-15 12:30:00,100889,Panama,13,1405.75,1402.42,-3.33,Brazil,1262.88,L,2,3,XXX U-18 Baseball World Cup 2021,5.0,0.6337
2022-09-15 12:30:00,100889,Brazil,23,1262.88,1266.2,3.33,Panama,1405.75,W,3,2,XXX U-18 Baseball World Cup 2021,5.0,0.3663
2022-09-15 16:00:00,100886,Republic of Korea,4,1569.7,1573.42,3.73,Japan,1603.33,W,8,0,XXX U-18 Baseball World Cup 2021,5.0,0.4678
2022-09-15 16:00:00,100886,Japan,2,1603.33,1599.61,-3.73,Republic of Korea,1569.7,L,0,8,XXX U-18 Baseball World Cup 2021,5.0,0.5322
2022-09-15 16:00:00,100888,Chinese Taipei,1,1613.58,1616.43,2.85,United States of America,1586.87,W,6,2,XXX U-18 Baseball World Cup 2021,5.0,0.5256
2022-09-15 16:00:00,100888,United States of America,3,1586.87,1584.02,-2.85,Chinese Taipei,1613.58,L,2,6,XXX U-18 Baseball World Cup 2021,5.0,0.4744
2022-09-16,718891,Spain,18,1325.4,1354.69,29.3,South Africa,1162.68,W,5,4,World Baseball Classic Qualifiers,80.0,0.6512
2022-09-16,718891,South Africa,28,1162.68,1133.38,-29.3,Spain,1325.4,L,4,5,World Baseball Classic Qualifiers,80.0,0.3488
2022-09-16,718890,France,21,1280.01,1215.01,-65.0,Great Britain,1236.49,L,4,14,World Baseball Classic Qualifiers,80.0,0.5417
2022-09-16,718890,Great Britain,24,1236.49,1301.49,65.0,France,1280.01,W,14,4,World Baseball Classic Qualifiers,80.0,0.4583
2022-09-16 09:00:00,100891,Canada,12,1418.15,1415.06,-3.09,Italy,1324.85,L,2,3,XXX U-18 Baseball World Cup 2021,5.0,0.5886
2022-09-16 09:00:00,100891,Italy,19,1324.85,1327.94,3.09,Canada,1418.15,W,3,2,XXX U-18 Baseball World Cup 2021,5.0,0.4114
2022-09-16 09:00:00,100895,Brazil,23,1266.2,1264.44,-1.76,Australia,1444.61,L,4,5,XXX U-18 Baseball World Cup 2021,5.0,0.3352
2022-09-16 09:00:00,100895,Australia,10,1444.61,1446.37,1.76,Brazil,1266.2,W,5,4,XXX U-18 Baseball World Cup 2021,5.0,0.6648
2022-09-16 12:30:00,100892,Chinese Taipei,1,1616.43,1613.58,-2.84,Republic of Korea,1573.42,L,2,3,XXX U-18 Baseball World Cup 2021,5.0,0.5412
2022-09-16 12:30:00,100892,Republic of Korea,4,1573.42,1576.26,2.84,Chinese Taipei,1616.43,W,3,2,XXX U-18 Baseball World Cup 2021,5.0,0.4588
2022-09-16 12:30:00,100893,Panama,13,1402.42,1404.33,1.9,South Africa,1133.38,W,10,1,XXX U-18 Baseball World Cup 2021,5.0,0.7374
2022-09-16 12:30:00,100893,South Africa,30,1133.38,1131.48,-1.9,Panama,1402.42,L,1,10,XXX U-18 Baseball World Cup 2021,5.0,0.2626
2022-09-16 16:00:00,100890,Japan,2,1599.61,1601.7,2.09,Netherlands,1491.28,W,1,0,XXX U-18 Baseball World Cup 2021,5.0,0.6025
2022-09-16 16:00:00,100890,Netherlands,7,1491.28,1489.19,-2.09,Japan,1599.61,L,0,1,XXX U-18 Baseball World Cup 2021,5.0,0.3975
2022-09-16 16:00:00,100894,United States of America,3,1584.02,1586.66,2.64,Mexico,1563.77,W,7,5,XXX U-18 Baseball World Cup 2021,5.0,0.5194
2022-09-16 16:00:00,100894,Mexico,5,1563.77,1561.12,-2.64,United States of America,1584.02,L,5,7,XXX U-18 Baseball World Cup 2021,5.0,0.4806
2022-09-17,718888,Czechia,14,1390.78,1326.63,-64.15,Spain,1354.69,L,7,21,World Baseball Classic Qualifiers,80.0,0.5346
2022-09-17,718888,Spain,17,1354.69,1418.84,64.15,Czechia,1390.78,W,21,7,World Baseball Classic Qualifiers,80.0,0.4654
2022-09-17,718886,Germany,17,1333.83,1276.49,-57.35,Great Britain,1301.49,L,1,8,World Baseball Classic Qualifiers,80.0,0.531
2022-09-17,718886,Great Britain,20,1301.49,1358.84,57.35,Germany,1333.83,W,8,1,World Baseball Classic Qualifiers,80.0,0.469
2022-09-17 09:00:00,100897,Brazil,23,1264.44,1267.81,3.36,Italy,1327.94,W,5,1,XXX U-18 Baseball World Cup 2021,5.0,0.4394
2022-09-17 09:00:00,100897,Italy,18,1327.94,1324.57,-3.36,Brazil,1264.44,L,1,5,XXX U-18 Baseball World Cup 2021,5.0,0.5606
2022-09-17 09:00:00,100899,Panama,14,1404.33,1407.26,2.93,Canada,1415.06,W,5,2,XXX U-18 Baseball World Cup 2021,5.0,0.4897
2022-09-17 09:00:00,100899,Canada,13,1415.06,1412.13,-2.93,Panama,1404.33,L,2,5,XXX U-18 Baseball World Cup 2021,5.0,0.5103
2022-09-17 12:30:00,100896,Chinese Taipei,1,1613.58,1615.79,2.2,Netherlands,1489.19,W,3,0,XXX U-18 Baseball World Cup 2021,5.0,0.6171
2022-09-17 12:30:00,100896,Netherlands,9,1489.19,1486.99,-2.2,Chinese Taipei,1613.58,L,0,3,XXX U-18 Baseball World Cup 2021,5.0,0.3829
2022-09-17 12:30:00,100898,Republic of Korea,4,1576.26,1578.93,2.67,Mexico,1561.12,W,6,4,XXX U-18 Baseball World Cup 2021,5.0,0.5145
2022-09-17 12:30:00,100898,Mexico,5,1561.12,1558.45,-2.67,Republic of Korea,1576.26,L,4,6,XXX U-18 Baseball World Cup 2021,5.0,0.4855
2022-09-17 16:00:00,100901,Australia,10,1446.37,1447.81,1.44,South Africa,1131.48,W,7,2,XXX U-18 Baseball World Cup 2021,5.0,0.77
2022-09-17 16:00:00,100901,South Africa,30,1131.48,1130.04,-1.44,Australia,1446.37,L,2,7,XXX U-18 Baseball World Cup 2021,5.0,0.23
2022-09-18,718889,Czechia,18,1326.63,1367.66,41.03,France,1215.01,W,7,1,World Baseball Classic Qualifiers,80.0,0.6055
2022-09-18,718889,France,24,1215.01,1173.98,-41.03,Czechia,1326.63,L,1,7,World Baseball Classic Qualifiers,80.0,0.3945
2022-09-18 09:30:00,100900,United States of America,3,1586.66,1589.36,2.7,Japan,1601.7,W,4,3,XXX U-18 Baseball World Cup 2021,5.0,0.4856
2022-09-18 09:30:00,100900,Japan,2,1601.7,1599.0,-2.7,United States of America,1586.66,L,3,4,XXX U-18 Baseball World Cup 2021,5.0,0.5144
2022-09-18 11:30:00,100903,Chinese Taipei,1,1615.79,1612.63,-3.15,United States of America,1589.36,L,1,5,XXX U-18 Baseball World Cup 2021,5.0,0.5253
2022-09-18 11:30:00,100903,United States of America,3,1589.36,1592.51,3.15,Chinese Taipei,1615.79,W,5,1,XXX U-18 Baseball World Cup 2021,5.0,0.4747
2022-09-18 15:00:00,100902,Republic of Korea,4,1578.93,1576.05,-2.88,Japan,1599.0,L,2,6,XXX U-18 Baseball World Cup 2021,5.0,0.4808
2022-09-18 15:00:00,100902,Japan,2,1599.0,1601.88,2.88,Republic of Korea,1578.93,W,6,2,XXX U-18 Baseball World Cup 2021,5.0,0.5192
2022-09-19,718887,Germany,22,1276.49,1314.25,37.76,South Africa,1130.04,W,11,5,World Baseball Classic Qualifiers,80.0,0.6369
2022-09-19,718887,South Africa,30,1130.04,1092.28,-37.76,Germany,1276.49,L,5,11,World Baseball Classic Qualifiers,80.0,0.3631
2022-09-20,718885,Czechia,16,1367.66,1410.76,43.1,Germany,1314.25,W,8,4,World Baseball Classic Qualifiers,80.0,0.5511
2022-09-20,718885,Germany,20,1314.25,1271.15,-43.1,Czechia,1367.66,L,4,8,World Baseball Classic Qualifiers,80.0,0.4489
2022-09-20,718883,Great Britain,18,1358.84,1405.65,46.81,Spain,1418.84,W,10,9,World Baseball Classic Qualifiers,80.0,0.4427
2022-09-20,718883,Spain,12,1418.84,1372.03,-46.81,Great Britain,1358.84,L,9,10,World Baseball Classic Qualifiers,80.0,0.5573
2022-09-21,718884,Spain,17,1372.03,1331.29,-40.74,Czechia,1410.76,L,1,3,World Baseball Classic Qualifiers,80.0,0.4629
2022-09-21,718884,Czechia,13,1410.76,1451.49,40.74,Spain,1372.03,W,3,1,World Baseball Classic Qualifiers,80.0,0.5371
2022-09-30,718880,Brazil,23,1267.81,1285.32,17.51,New Zealand,864.0,W,12,7,World Baseball Classic Qualifiers,80.0,0.8249
2022-09-30,718880,New Zealand,47,864.0,846.49,-17.51,Brazil,1267.81,L,7,12,World Baseball Classic Qualifiers,80.0,0.1751
2022-09-30,718881,Argentina,25,1201.33,1240.21,38.88,Pakistan,1120.0,W,7,4,World Baseball Classic Qualifiers,80.0,0.5774
2022-09-30,718881,Pakistan,30,1120.0,1081.12,-38.88,Argentina,1201.33,L,4,7,World Baseball Classic Qualifiers,80.0,0.4226
2022-10-01,718882,Nicaragua,16,1380.17,1325.89,-54.28,Brazil,1285.32,L,1,4,World Baseball Classic Qualifiers,80.0,0.59
2022-10-01,718882,Brazil,21,1285.32,1339.6,54.28,Nicaragua,1380.17,W,4,1,World Baseball Classic Qualifiers,80.0,0.41
2022-10-01,718877,Panama,14,1407.26,1448.66,41.4,Argentina,1240.21,W,11,0,World Baseball Classic Qualifiers,80.0,0.655
2022-10-01,718877,Argentina,24,1240.21,1198.81,-41.4,Panama,1407.26,L,0,11,World Baseball Classic Qualifiers,80.0,0.345
2022-10-02,718879,Nicaragua,19,1325.89,1359.61,33.72,Pakistan,1081.12,W,12,0,World Baseball Classic Qualifiers,80.0,0.719
2022-10-02,718879,Pakistan,33,1081.12,1047.4,-33.72,Nicaragua,1325.89,L,0,12,World Baseball Classic Qualifiers,80.0,0.281
2022-10-02,718878,Argentina,25,1198.81,1217.72,18.91,New Zealand,846.49,W,4,1,World Baseball Classic Qualifiers,80.0,0.7945
2022-10-02,718878,New Zealand,50,846.49,827.58,-18.91,Argentina,1198.81,L,1,4,World Baseball Classic Qualifiers,80.0,0.2055
2022-10-04,718876,Nicaragua,17,1359.61,1390.45,30.84,Argentina,1217.72,W,6,5,World Baseball Classic Qualifiers,80.0,0.6329
2022-10-04,718876,Argentina,24,1217.72,1186.88,-30.84,Nicaragua,1359.61,L,5,6,World Baseball Classic Qualifiers,80.0,0.3671
2022-10-04,718875,Panama,11,1448.66,1486.76,38.1,Brazil,1339.6,W,4,0,World Baseball Classic Qualifiers,80.0,0.6031
2022-10-04,718875,Brazil,18,1339.6,1301.5,-38.1,Panama,1448.66,L,0,4,World Baseball Classic Qualifiers,80.0,0.3969
2022-10-05,718874,Brazil,20,1301.5,1264.94,-36.56,Nicaragua,1390.45,L,1,3,World Baseball Classic Qualifiers,80.0,0.4155
2022-10-05,718874,Nicaragua,16,1390.45,1427.01,36.56,Brazil,1301.5,W,3,1,World Baseball Classic Qualifiers,80.0,0.5845
2022-10-13 18:30:00,102498,Chinese Taipei,1,1612.63,1614.59,1.95,Colombia,1423.12,W,6,2,IV U-23 Baseball World Cup 2022,5.0,0.6742
2022-10-13 18:30:00,102498,Colombia,14,1423.12,1421.17,-1.95,Chinese Taipei,1612.63,L,2,6,IV U-23 Baseball World Cup 2022,5.0,0.3258
2022-10-14 10:00:00,102499,Cuba,8,1489.64,1485.79,-3.85,Puerto Rico,1366.58,L,0,5,IV U-23 Baseball World Cup 2022,5.0,0.6159
2022-10-14 10:00:00,102499,Puerto Rico,17,1366.58,1370.43,3.85,Cuba,1489.64,W,5,0,IV U-23 Baseball World Cup 2022,5.0,0.3841
2022-10-14 12:00:00,102500,Venezuela,7,1490.14,1491.43,1.29,South Africa,1092.28,W,9,0,IV U-23 Baseball World Cup 2022,5.0,0.8215
2022-10-14 12:00:00,102500,South Africa,30,1092.28,1090.99,-1.29,Venezuela,1490.14,L,0,9,IV U-23 Baseball World Cup 2022,5.0,0.1785
2022-10-14 14:30:00,102501,Australia,12,1447.81,1445.73,-2.08,Mexico,1558.45,L,2,3,IV U-23 Baseball World Cup 2022,5.0,0.3954
2022-10-14 14:30:00,102501,Mexico,5,1558.45,1560.53,2.08,Australia,1447.81,W,3,2,IV U-23 Baseball World Cup 2022,5.0,0.6046
2022-10-14 17:00:00,102502,Germany,22,1271.15,1269.72,-1.43,Japan,1601.88,L,0,6,IV U-23 Baseball World Cup 2022,5.0,0.2194
2022-10-14 17:00:00,102502,Japan,2,1601.88,1603.31,1.43,Germany,1271.15,W,6,0,IV U-23 Baseball World Cup 2022,5.0,0.7806
2022-10-14 19:00:00,102503,Netherlands,8,1486.99,1484.5,-2.49,Republic of Korea,1576.05,L,0,4,IV U-23 Baseball World Cup 2022,5.0,0.4154
2022-10-14 19:00:00,102503,Republic of Korea,4,1576.05,1578.54,2.49,Netherlands,1486.99,W,4,0,IV U-23 Baseball World Cup 2022,5.0,0.5846
2022-10-15 10:00:00,102504,Colombia,14,1421.17,1422.82,1.65,South Africa,1090.99,W,10,0,IV U-23 Baseball World Cup 2022,5.0,0.7802
2022-10-15 10:00:00,102504,South Africa,30,1090.99,1089.34,-1.65,Colombia,1421.17,L,0,10,IV U-23 Baseball World Cup 2022,5.0,0.2198
2022-10-15 14:30:00,102506,Venezuela,7,1491.43,1489.17,-2.27,Japan,1603.31,L,2,5,IV U-23 Baseball World Cup 2022,5.0,0.3943
2022-10-15 14:30:00,102506,Japan,2,1603.31,1605.57,2.27,Venezuela,1491.43,W,5,2,IV U-23 Baseball World Cup 2022,5.0,0.6057
2022-10-15 19:00:00,102508,Chinese Taipei,1,1614.59,1615.8,1.21,Germany,1269.72,W,3,0,IV U-23 Baseball World Cup 2022,5.0,0.7898
2022-10-15 19:00:00,102508,Germany,22,1269.72,1268.51,-1.21,Chinese Taipei,1614.59,L,0,3,IV U-23 Baseball World Cup 2022,5.0,0.2102
2022-10-16 10:00:00,102510,Colombia,14,1422.82,1425.77,2.96,Venezuela,1489.17,W,8,7,IV U-23 Baseball World Cup 2022,5.0,0.4367
2022-10-16 10:00:00,102510,Venezuela,7,1489.17,1486.21,-2.96,Colombia,1422.82,L,7,8,IV U-23 Baseball World Cup 2022,5.0,0.5633
2022-10-16 14:30:00,102512,Germany,22,1268.51,1271.02,2.51,South Africa,1089.34,W,10,0,IV U-23 Baseball World Cup 2022,5.0,0.6654
2022-10-16 14:30:00,102512,South Africa,30,1089.34,1086.83,-2.51,Germany,1268.51,L,0,10,IV U-23 Baseball World Cup 2022,5.0,0.3346
2022-10-16 16:00:00,102513,Mexico,5,1560.53,1563.09,2.57,Netherlands,1484.5,W,4,0,IV U-23 Baseball World Cup 2022,5.0,0.5724
2022-10-16 16:00:00,102513,Netherlands,10,1484.5,1481.93,-2.57,Mexico,1560.53,L,0,4,IV U-23 Baseball World Cup 2022,5.0,0.4276
2022-10-16 19:00:00,102514,Japan,2,1605.57,1602.88,-2.7,Chinese Taipei,1615.8,L,1,3,IV U-23 Baseball World Cup 2022,5.0,0.4902
2022-10-16 19:00:00,102514,Chinese Taipei,1,1615.8,1618.49,2.7,Japan,1605.57,W,3,1,IV U-23 Baseball World Cup 2022,5.0,0.5098
2022-10-16 19:00:00,102515,Republic of Korea,4,1578.54,1581.01,2.47,Cuba,1485.79,W,4,0,IV U-23 Baseball World Cup 2022,5.0,0.5881
2022-10-16 19:00:00,102515,Cuba,9,1485.79,1483.32,-2.47,Republic of Korea,1578.54,L,0,4,IV U-23 Baseball World Cup 2022,5.0,0.4119
2022-10-17 10:00:00,102516,Venezuela,8,1486.21,1488.04,1.83,Germany,1271.02,W,7,3,IV U-23 Baseball World Cup 2022,5.0,0.6955
2022-10-17 10:00:00,102516,Germany,22,1271.02,1269.2,-1.83,Venezuela,1486.21,L,3,7,IV U-23 Baseball World Cup 2022,5.0,0.3045
2022-10-17 12:30:00,102517,Puerto Rico,17,1370.43,1373.98,3.55,Mexico,1563.09,W,3,2,IV U-23 Baseball World Cup 2022,5.0,0.3231
2022-10-17 12:30:00,102517,Mexico,5,1563.09,1559.54,-3.55,Puerto Rico,1370.43,L,2,3,IV U-23 Baseball World Cup 2022,5.0,0.6769
2022-10-17 14:30:00,102518,Japan,2,1602.88,1604.81,1.93,Colombia,1425.77,W,4,1,IV U-23 Baseball World Cup 2022,5.0,0.6637
2022-10-17 14:30:00,102518,Colombia,14,1425.77,1423.84,-1.93,Japan,1602.88,L,1,4,IV U-23 Baseball World Cup 2022,5.0,0.3363
2022-10-17 15:30:00,102519,Cuba,9,1483.32,1480.69,-2.63,Netherlands,1481.93,L,2,3,IV U-23 Baseball World Cup 2022,5.0,0.5013
2022-10-17 15:30:00,102519,Netherlands,10,1481.93,1484.56,2.63,Cuba,1483.32,W,3,2,IV U-23 Baseball World Cup 2022,5.0,0.4987
2022-10-17 18:30:00,102521,Republic of Korea,4,1581.01,1582.97,1.96,Australia,1445.73,W,4,3,IV U-23 Baseball World Cup 2022,5.0,0.627
2022-10-17 18:30:00,102521,Australia,12,1445.73,1443.77,-1.96,Republic of Korea,1581.01,L,3,4,IV U-23 Baseball World Cup 2022,5.0,0.373
2022-10-17 19:00:00,102520,South Africa,32,1086.83,1085.97,-0.86,Chinese Taipei,1618.49,L,1,14,IV U-23 Baseball World Cup 2022,5.0,0.115
2022-10-17 19:00:00,102520,Chinese Taipei,1,1618.49,1619.36,0.86,South Africa,1086.83,W,14,1,IV U-23 Baseball World Cup 2022,5.0,0.885
2022-10-18 10:00:00,102522,Colombia,14,1423.84,1426.24,2.4,Germany,1269.2,W,7,0,IV U-23 Baseball World Cup 2022,5.0,0.6442
2022-10-18 10:00:00,102522,Germany,22,1269.2,1266.79,-2.4,Colombia,1423.84,L,0,7,IV U-23 Baseball World Cup 2022,5.0,0.3558
2022-10-18 10:00:00,102523,Mexico,5,1559.54,1556.38,-3.16,Cuba,1480.69,L,0,2,IV U-23 Baseball World Cup 2022,5.0,0.5751
2022-10-18 10:00:00,102523,Cuba,10,1480.69,1483.85,3.16,Mexico,1559.54,W,2,0,IV U-23 Baseball World Cup 2022,5.0,0.4249
2022-10-18 13:00:00,102525,Republic of Korea,4,1582.97,1584.6,1.63,Puerto Rico,1373.98,W,3,2,IV U-23 Baseball World Cup 2022,5.0,0.6904
2022-10-18 13:00:00,102525,Puerto Rico,17,1373.98,1372.35,-1.63,Republic of Korea,1582.97,L,2,3,IV U-23 Baseball World Cup 2022,5.0,0.3096
2022-10-18 14:30:00,102524,South Africa,32,1085.97,1085.09,-0.87,Japan,1604.81,L,0,9,IV U-23 Baseball World Cup 2022,5.0,0.1201
2022-10-18 14:30:00,102524,Japan,2,1604.81,1605.68,0.87,South Africa,1085.97,W,9,0,IV U-23 Baseball World Cup 2022,5.0,0.8799
2022-10-18 16:00:00,102527,Netherlands,9,1484.56,1481.73,-2.83,Australia,1443.77,L,4,5,IV U-23 Baseball World Cup 2022,5.0,0.5391
2022-10-18 16:00:00,102527,Australia,12,1443.77,1446.6,2.83,Netherlands,1484.56,W,5,4,IV U-23 Baseball World Cup 2022,5.0,0.4609
2022-10-18 19:00:00,102511,Australia,12,1446.6,1449.61,3.0,Puerto Rico,1372.35,W,8,0,IV U-23 Baseball World Cup 2022,5.0,0.5708
2022-10-18 19:00:00,102511,Puerto Rico,17,1372.35,1369.35,-3.0,Australia,1446.6,L,0,8,IV U-23 Baseball World Cup 2022,5.0,0.4292
2022-10-18 19:00:00,102526,Chinese Taipei,1,1619.36,1621.33,1.98,Venezuela,1488.04,W,4,3,IV U-23 Baseball World Cup 2022,5.0,0.6234
2022-10-18 19:00:00,102526,Venezuela,7,1488.04,1486.06,-1.98,Chinese Taipei,1619.36,L,3,4,IV U-23 Baseball World Cup 2022,5.0,0.3766
2022-10-19 10:00:00,102505,Cuba,9,1483.85,1486.42,2.57,Australia,1449.61,W,3,1,IV U-23 Baseball World Cup 2022,5.0,0.5328
2022-10-19 10:00:00,102505,Australia,12,1449.61,1447.04,-2.57,Cuba,1483.85,L,1,3,IV U-23 Baseball World Cup 2022,5.0,0.4672
2022-10-19 12:30:00,102507,Puerto Rico,17,1369.35,1367.08,-2.26,Netherlands,1481.73,L,1,4,IV U-23 Baseball World Cup 2022,5.0,0.3938
2022-10-19 12:30:00,102507,Netherlands,10,1481.73,1484.0,2.26,Puerto Rico,1369.35,W,4,1,IV U-23 Baseball World Cup 2022,5.0,0.6062
2022-10-19 15:00:00,102509,Mexico,5,1556.38,1553.9,-2.48,Republic of Korea,1584.6,L,0,1,IV U-23 Baseball World Cup 2022,5.0,0.473
2022-10-19 15:00:00,102509,Republic of Korea,4,1584.6,1587.08,2.48,Mexico,1556.38,W,1,0,IV U-23 Baseball World Cup 2022,5.0,0.527
2022-10-20 10:00:00,102528,Mexico,5,1553.9,1555.89,1.99,Colombia,1426.24,W,4,3,IV U-23 Baseball World Cup 2022,5.0,0.6201
2022-10-20 10:00:00,102528,Colombia,14,1426.24,1424.25,-1.99,Mexico,1553.9,L,3,4,IV U-23 Baseball World Cup 2022,5.0,0.3799
2022-10-20 11:00:00,102529,Venezuela,9,1486.06,1488.92,2.86,Netherlands,1484.0,W,3,0,IV U-23 Baseball World Cup 2022,5.0,0.502
2022-10-20 11:00:00,102529,Netherlands,10,1484.0,1481.13,-2.86,Venezuela,1486.06,L,0,3,IV U-23 Baseball World Cup 2022,5.0,0.498
2022-10-20 14:00:00,102531,Cuba,9,1486.42,1488.0,1.58,Germany,1266.79,W,3,2,IV U-23 Baseball World Cup 2022,5.0,0.6991
2022-10-20 14:00:00,102531,Germany,22,1266.79,1265.21,-1.58,Cuba,1486.42,L,2,3,IV U-23 Baseball World Cup 2022,5.0,0.3009
2022-10-20 14:30:00,102530,Japan,2,1605.68,1607.53,1.85,Australia,1447.04,W,2,1,IV U-23 Baseball World Cup 2022,5.0,0.6477
2022-10-20 14:30:00,102530,Australia,12,1447.04,1445.19,-1.85,Japan,1605.68,L,1,2,IV U-23 Baseball World Cup 2022,5.0,0.3523
2022-10-20 17:00:00,102533,Puerto Rico,17,1367.08,1368.98,1.9,South Africa,1085.09,W,10,0,IV U-23 Baseball World Cup 2022,5.0,0.7469
2022-10-20 17:00:00,102533,South Africa,32,1085.09,1083.2,-1.9,Puerto Rico,1367.08,L,0,10,IV U-23 Baseball World Cup 2022,5.0,0.2531
2022-10-20 19:00:00,102532,Chinese Taipei,1,1621.33,1618.14,-3.2,Republic of Korea,1587.08,L,2,6,IV U-23 Baseball World Cup 2022,5.0,0.5328
2022-10-20 19:00:00,102532,Republic of Korea,4,1587.08,1590.28,3.2,Chinese Taipei,1621.33,W,6,2,IV U-23 Baseball World Cup 2022,5.0,0.4672
2022-10-21 10:00:00,102534,Australia,12,1445.19,1442.33,-2.86,Colombia,1424.25,L,6,8,IV U-23 Baseball World Cup 2022,5.0,0.5201
2022-10-21 10:00:00,102534,Colombia,14,1424.25,1427.11,2.86,Australia,1445.19,W,8,6,IV U-23 Baseball World Cup 2022,5.0,0.4799
2022-10-21 11:00:00,102535,Venezuela,7,1488.92,1486.17,-2.75,Cuba,1488.0,L,0,2,IV U-23 Baseball World Cup 2022,5.0,0.5009
2022-10-21 11:00:00,102535,Cuba,8,1488.0,1490.75,2.75,Venezuela,1488.92,W,2,0,IV U-23 Baseball World Cup 2022,5.0,0.4991
2022-10-21 14:00:00,102537,Netherlands,10,1481.13,1482.47,1.34,South Africa,1083.2,W,17,3,IV U-23 Baseball World Cup 2022,5.0,0.8216
2022-10-21 14:00:00,102537,South Africa,32,1083.2,1081.86,-1.34,Netherlands,1481.13,L,3,17,IV U-23 Baseball World Cup 2022,5.0,0.1784
2022-10-21 14:30:00,102536,Republic of Korea,4,1590.28,1587.74,-2.54,Japan,1607.53,L,1,2,IV U-23 Baseball World Cup 2022,5.0,0.4835
2022-10-21 14:30:00,102536,Japan,2,1607.53,1610.07,2.54,Republic of Korea,1590.28,W,2,1,IV U-23 Baseball World Cup 2022,5.0,0.5165
2022-10-21 17:00:00,102539,Germany,22,1265.21,1263.0,-2.21,Puerto Rico,1368.98,L,1,3,IV U-23 Baseball World Cup 2022,5.0,0.4017
2022-10-21 17:00:00,102539,Puerto Rico,17,1368.98,1371.19,2.21,Germany,1265.21,W,3,1,IV U-23 Baseball World Cup 2022,5.0,0.5983
2022-10-21 19:00:00,102538,Chinese Taipei,1,1618.14,1615.2,-2.94,Mexico,1555.89,L,1,2,IV U-23 Baseball World Cup 2022,5.0,0.5594
2022-10-21 19:00:00,102538,Mexico,5,1555.89,1558.83,2.94,Chinese Taipei,1618.14,W,2,1,IV U-23 Baseball World Cup 2022,5.0,0.4406
2022-10-22 10:00:00,102540,Republic of Korea,4,1587.74,1589.58,1.84,Colombia,1427.11,W,5,4,IV U-23 Baseball World Cup 2022,5.0,0.6494
2022-10-22 10:00:00,102540,Colombia,13,1427.11,1425.27,-1.84,Republic of Korea,1587.74,L,4,5,IV U-23 Baseball World Cup 2022,5.0,0.3506
2022-10-22 11:00:00,102545,Cuba,7,1490.75,1492.0,1.25,South Africa,1081.86,W,9,0,IV U-23 Baseball World Cup 2022,5.0,0.8277
2022-10-22 11:00:00,102545,South Africa,32,1081.86,1080.61,-1.25,Cuba,1490.75,L,0,9,IV U-23 Baseball World Cup 2022,5.0,0.1723
2022-10-22 13:00:00,102542,Japan,2,1610.07,1612.55,2.48,Mexico,1558.83,W,4,2,IV U-23 Baseball World Cup 2022,5.0,0.549
2022-10-22 13:00:00,102542,Mexico,5,1558.83,1556.35,-2.48,Japan,1610.07,L,2,4,IV U-23 Baseball World Cup 2022,5.0,0.451
2022-10-22 14:00:00,102543,Venezuela,9,1486.17,1488.32,2.15,Puerto Rico,1371.19,W,4,2,IV U-23 Baseball World Cup 2022,5.0,0.6086
2022-10-22 14:00:00,102543,Puerto Rico,17,1371.19,1369.04,-2.15,Venezuela,1486.17,L,2,4,IV U-23 Baseball World Cup 2022,5.0,0.3914
2022-10-22 16:00:00,102544,Chinese Taipei,1,1615.2,1611.41,-3.8,Australia,1442.33,L,0,3,IV U-23 Baseball World Cup 2022,5.0,0.66
2022-10-22 16:00:00,102544,Australia,12,1442.33,1446.12,3.8,Chinese Taipei,1615.2,W,3,0,IV U-23 Baseball World Cup 2022,5.0,0.34
2022-10-22 17:00:00,102541,Netherlands,10,1482.47,1484.2,1.73,Germany,1263.0,W,3,0,IV U-23 Baseball World Cup 2022,5.0,0.6989
2022-10-22 17:00:00,102541,Germany,23,1263.0,1261.27,-1.73,Netherlands,1482.47,L,0,3,IV U-23 Baseball World Cup 2022,5.0,0.3011
2022-10-23 14:30:00,102546,Mexico,5,1556.35,1553.89,-2.46,Chinese Taipei,1611.41,L,1,3,IV U-23 Baseball World Cup 2022,5.0,0.4474
2022-10-23 14:30:00,102546,Chinese Taipei,2,1611.41,1613.87,2.46,Mexico,1556.35,W,3,1,IV U-23 Baseball World Cup 2022,5.0,0.5526
2022-10-23 19:00:00,102547,Japan,2,1612.55,1615.3,2.75,Republic of Korea,1589.58,W,3,0,IV U-23 Baseball World Cup 2022,5.0,0.522
2022-10-23 19:00:00,102547,Republic of Korea,4,1589.58,1586.83,-2.75,Japan,1612.55,L,0,3,IV U-23 Baseball World Cup 2022,5.0,0.478
2022-11-04 14:00:00,103419,Nicaragua,13,1427.01,1426.08,-0.93,Panama,1486.76,L,3,4,XIV Campeonato Panamericano Sub-18 | U-18 Pan American Championship - 2022,2.0,0.4429
2022-11-04 14:00:00,103419,Panama,9,1486.76,1487.69,0.93,Nicaragua,1427.01,W,4,3,XIV Campeonato Panamericano Sub-18 | U-18 Pan American Championship - 2022,2.0,0.5571
2022-11-04 16:00:00,103421,United States of America,3,1592.51,1592.72,0.2,Peru,911.28,W,13,0,XIV Campeonato Panamericano Sub-18 | U-18 Pan American Championship - 2022,2.0,0.9318
2022-11-04 16:00:00,103421,Peru,44,911.28,911.07,-0.2,United States of America,1592.51,L,0,13,XIV Campeonato Panamericano Sub-18 | U-18 Pan American Championship - 2022,2.0,0.0682
2022-11-04 16:00:00,103422,Canada,15,1412.13,1410.99,-1.14,Puerto Rico,1369.04,L,9,10,XIV Campeonato Panamericano Sub-18 | U-18 Pan American Championship - 2022,2.0,0.5412
2022-11-04 16:00:00,103422,Puerto Rico,17,1369.04,1370.18,1.14,Canada,1412.13,W,10,9,XIV Campeonato Panamericano Sub-18 | U-18 Pan American Championship - 2022,2.0,0.4588
2022-11-04 19:00:00,103420,Mexico,5,1553.89,1554.81,0.93,Cuba,1492.0,W,2,1,XIV Campeonato Panamericano Sub-18 | U-18 Pan American Championship - 2022,2.0,0.5591
2022-11-04 19:00:00,103420,Cuba,7,1492.0,1491.08,-0.93,Mexico,1553.89,L,1,2,XIV Campeonato Panamericano Sub-18 | U-18 Pan American Championship - 2022,2.0,0.4409
2022-11-05 14:00:00,103423,Panama,9,1487.69,1486.5,-1.19,Cuba,1491.08,L,2,6,XIV Campeonato Panamericano Sub-18 | U-18 Pan American Championship - 2022,2.0,0.4968
2022-11-05 14:00:00,103423,Cuba,7,1491.08,1492.27,1.19,Panama,1487.69,W,6,2,XIV Campeonato Panamericano Sub-18 | U-18 Pan American Championship - 2022,2.0,0.5032
2022-11-05 15:00:00,103425,Venezuela,8,1488.32,1489.22,0.9,Canada,1410.99,W,3,2,XIV Campeonato Panamericano Sub-18 | U-18 Pan American Championship - 2022,2.0,0.5737
2022-11-05 15:00:00,103425,Canada,15,1410.99,1410.09,-0.9,Venezuela,1488.32,L,2,3,XIV Campeonato Panamericano Sub-18 | U-18 Pan American Championship - 2022,2.0,0.4263
2022-11-05 15:00:00,103426,Puerto Rico,17,1370.18,1369.28,-0.9,United States of America,1592.72,L,2,15,XIV Campeonato Panamericano Sub-18 | U-18 Pan American Championship - 2022,2.0,0.2986
2022-11-05 15:00:00,103426,United States of America,3,1592.72,1593.61,0.9,Puerto Rico,1370.18,W,15,2,XIV Campeonato Panamericano Sub-18 | U-18 Pan American Championship - 2022,2.0,0.7014
2022-11-05 19:00:00,103424,Nicaragua,13,1426.08,1424.98,-1.1,Mexico,1554.81,L,4,13,XIV Campeonato Panamericano Sub-18 | U-18 Pan American Championship - 2022,2.0,0.3789
2022-11-05 19:00:00,103424,Mexico,5,1554.81,1555.91,1.1,Nicaragua,1426.08,W,13,4,XIV Campeonato Panamericano Sub-18 | U-18 Pan American Championship - 2022,2.0,0.6211
2022-11-06 10:00:00,103428,Puerto Rico,17,1369.28,1369.59,0.31,Peru,911.07,W,10,9,XIV Campeonato Panamericano Sub-18 | U-18 Pan American Championship - 2022,2.0,0.853
2022-11-06 10:00:00,103428,Peru,44,911.07,910.76,-0.31,Puerto Rico,1369.28,L,9,10,XIV Campeonato Panamericano Sub-18 | U-18 Pan American Championship - 2022,2.0,0.147
2022-11-06 15:00:00,103429,United States of America,3,1593.61,1594.62,1.0,Venezuela,1489.22,W,9,4,XIV Campeonato Panamericano Sub-18 | U-18 Pan American Championship - 2022,2.0,0.5988
2022-11-06 15:00:00,103429,Venezuela,8,1489.22,1488.21,-1.0,United States of America,1593.61,L,4,9,XIV Campeonato Panamericano Sub-18 | U-18 Pan American Championship - 2022,2.0,0.4012
2022-11-06 19:00:00,103427,Mexico,5,1555.91,1554.55,-1.36,Panama,1486.5,L,2,6,XIV Campeonato Panamericano Sub-18 | U-18 Pan American Championship - 2022,2.0,0.5662
2022-11-06 19:00:00,103427,Panama,9,1486.5,1487.86,1.36,Mexico,1555.91,W,6,2,XIV Campeonato Panamericano Sub-18 | U-18 Pan American Championship - 2022,2.0,0.4338
2022-11-07 16:00:00,103431,Venezuela,8,1488.21,1489.07,0.85,Puerto Rico,1369.59,W,4,2,XIV Campeonato Panamericano Sub-18 | U-18 Pan American Championship - 2022,2.0,0.6119
2022-11-07 16:00:00,103431,Puerto Rico,17,1369.59,1368.73,-0.85,Venezuela,1488.21,L,2,4,XIV Campeonato Panamericano Sub-18 | U-18 Pan American Championship - 2022,2.0,0.3881
2022-11-07 16:00:00,103432,Peru,44,910.76,910.38,-0.38,Canada,1410.09,L,1,11,XIV Campeonato Panamericano Sub-18 | U-18 Pan American Championship - 2022,2.0,0.1283
2022-11-07 16:00:00,103432,Canada,15,1410.09,1410.48,0.38,Peru,910.76,W,11,1,XIV Campeonato Panamericano Sub-18 | U-18 Pan American Championship - 2022,2.0,0.8717
2022-11-07 19:00:00,103430,Cuba,7,1492.27,1490.63,-1.64,Nicaragua,1424.98,L,0,9,XIV Campeonato Panamericano Sub-18 | U-18 Pan American Championship - 2022,2.0,0.5642
2022-11-07 19:00:00,103430,Nicaragua,14,1424.98,1426.62,1.64,Cuba,1492.27,W,9,0,XIV Campeonato Panamericano Sub-18 | U-18 Pan American Championship - 2022,2.0,0.4358
2022-11-08 10:00:00,103433,Peru,44,910.38,910.09,-0.29,Venezuela,1489.07,L,0,24,XIV Campeonato Panamericano Sub-18 | U-18 Pan American Championship - 2022,2.0,0.0979
2022-11-08 10:00:00,103433,Venezuela,8,1489.07,1489.36,0.29,Peru,910.38,W,24,0,XIV Campeonato Panamericano Sub-18 | U-18 Pan American Championship - 2022,2.0,0.9021
2022-11-08 16:00:00,103434,Canada,15,1410.48,1409.62,-0.86,United States of America,1594.62,L,4,10,XIV Campeonato Panamericano Sub-18 | U-18 Pan American Championship - 2022,2.0,0.3303
2022-11-08 16:00:00,103434,United States of America,3,1594.62,1595.48,0.86,Canada,1410.48,W,10,4,XIV Campeonato Panamericano Sub-18 | U-18 Pan American Championship - 2022,2.0,0.6697
2022-11-10 10:00:00,103464,Nicaragua,13,1426.62,1427.55,0.93,Puerto Rico,1368.73,W,2,1,XIV Campeonato Panamericano Sub-18 | U-18 Pan American Championship - 2022,2.0,0.5553
2022-11-10 10:00:00,103464,Puerto Rico,17,1368.73,1367.8,-0.93,Nicaragua,1426.62,L,1,2,XIV Campeonato Panamericano Sub-18 | U-18 Pan American Championship - 2022,2.0,0.4447
2022-11-10 14:00:00,103465,Panama,9,1487.86,1486.94,-0.92,United States of America,1595.48,L,2,5,XIV Campeonato Panamericano Sub-18 | U-18 Pan American Championship - 2022,2.0,0.3982
2022-11-10 14:00:00,103465,United States of America,3,1595.48,1596.39,0.92,Panama,1487.86,W,5,2,XIV Campeonato Panamericano Sub-18 | U-18 Pan American Championship - 2022,2.0,0.6018
2022-11-10 15:00:00,103467,Canada,15,1409.62,1410.0,0.38,Peru,910.09,W,14,1,XIV Campeonato Panamericano Sub-18 | U-18 Pan American Championship - 2022,2.0,0.8718
2022-11-10 15:00:00,103467,Peru,44,910.09,909.7,-0.38,Canada,1409.62,L,1,14,XIV Campeonato Panamericano Sub-18 | U-18 Pan American Championship - 2022,2.0,0.1282
2022-11-10 19:00:00,103466,Venezuela,8,1489.36,1488.35,-1.01,Mexico,1554.55,L,10,13,XIV Campeonato Panamericano Sub-18 | U-18 Pan American Championship - 2022,2.0,0.4378
2022-11-10 19:00:00,103466,Mexico,5,1554.55,1555.56,1.01,Venezuela,1489.36,W,13,10,XIV Campeonato Panamericano Sub-18 | U-18 Pan American Championship - 2022,2.0,0.5622
2022-11-11 10:00:00,103468,Cuba,7,1490.63,1490.9,0.26,Peru,909.7,W,7,0,XIV Campeonato Panamericano Sub-18 | U-18 Pan American Championship - 2022,2.0,0.9029
2022-11-11 10:00:00,103468,Peru,44,909.7,909.44,-0.26,Cuba,1490.63,L,0,7,XIV Campeonato Panamericano Sub-18 | U-18 Pan American Championship - 2022,2.0,0.0971
2022-11-11 14:00:00,103470,Panama,9,1486.94,1485.53,-1.41,Puerto Rico,1367.8,L,1,4,XIV Campeonato Panamericano Sub-18 | U-18 Pan American Championship - 2022,2.0,0.6124
2022-11-11 14:00:00,103470,Puerto Rico,17,1367.8,1369.21,1.41,Panama,1486.94,W,4,1,XIV Campeonato Panamericano Sub-18 | U-18 Pan American Championship - 2022,2.0,0.3876
2022-11-11 16:00:00,103471,Venezuela,8,1488.35,1489.42,1.06,Nicaragua,1427.55,W,10,6,XIV Campeonato Panamericano Sub-18 | U-18 Pan American Championship - 2022,2.0,0.5581
2022-11-11 16:00:00,103471,Nicaragua,13,1427.55,1426.49,-1.06,Venezuela,1488.35,L,6,10,XIV Campeonato Panamericano Sub-18 | U-18 Pan American Championship - 2022,2.0,0.4419
2022-11-11 19:00:00,103472,United States of America,3,1596.39,1597.36,0.97,Mexico,1555.56,W,8,7,XIV Campeonato Panamericano Sub-18 | U-18 Pan American Championship - 2022,2.0,0.5391
2022-11-11 19:00:00,103472,Mexico,5,1555.56,1554.59,-0.97,United States of America,1596.39,L,7,8,XIV Campeonato Panamericano Sub-18 | U-18 Pan American Championship - 2022,2.0,0.4609
2022-11-12 10:00:00,103473,Panama,9,1485.53,1486.59,1.06,Venezuela,1489.42,W,6,5,XIV Campeonato Panamericano Sub-18 | U-18 Pan American Championship - 2022,2.0,0.4963
2022-11-12 10:00:00,103473,Venezuela,8,1489.42,1488.36,-1.06,Panama,1485.53,L,5,6,XIV Campeonato Panamericano Sub-18 | U-18 Pan American Championship - 2022,2.0,0.5037
2022-11-12 14:00:00,103474,United States of America,3,1597.36,1598.18,0.82,Nicaragua,1426.49,W,8,4,XIV Campeonato Panamericano Sub-18 | U-18 Pan American Championship - 2022,2.0,0.6583
2022-11-12 14:00:00,103474,Nicaragua,13,1426.49,1425.67,-0.82,United States of America,1597.36,L,4,8,XIV Campeonato Panamericano Sub-18 | U-18 Pan American Championship - 2022,2.0,0.3417
2022-11-12 15:00:00,103469,Cuba,7,1490.9,1491.91,1.02,Canada,1410.0,W,6,2,XIV Campeonato Panamericano Sub-18 | U-18 Pan American Championship - 2022,2.0,0.577
2022-11-12 15:00:00,103469,Canada,15,1410.0,1408.99,-1.02,Cuba,1490.9,L,2,6,XIV Campeonato Panamericano Sub-18 | U-18 Pan American Championship - 2022,2.0,0.423
2022-11-12 19:00:00,103475,Mexico,5,1554.59,1555.35,0.76,Puerto Rico,1369.21,W,6,3,XIV Campeonato Panamericano Sub-18 | U-18 Pan American Championship - 2022,2.0,0.6707
2022-11-12 19:00:00,103475,Puerto Rico,17,1369.21,1368.45,-0.76,Mexico,1554.59,L,3,6,XIV Campeonato Panamericano Sub-18 | U-18 Pan American Championship - 2022,2.0,0.3293
2022-11-13 11:00:00,103606,Mexico,5,1555.35,1556.66,1.31,Venezuela,1488.36,W,10,0,XIV Campeonato Panamericano Sub-18 | U-18 Pan American Championship - 2022,2.0,0.5639
2022-11-13 11:00:00,103606,Venezuela,8,1488.36,1487.05,-1.31,Mexico,1555.35,L,0,10,XIV Campeonato Panamericano Sub-18 | U-18 Pan American Championship - 2022,2.0,0.4361
2022-11-13 15:00:00,103605,United States of America,3,1598.18,1599.36,1.18,Panama,1486.59,W,11,1,XIV Campeonato Panamericano Sub-18 | U-18 Pan American Championship - 2022,2.0,0.6055
2022-11-13 15:00:00,103605,Panama,9,1486.59,1485.41,-1.18,United States of America,1598.18,L,1,11,XIV Campeonato Panamericano Sub-18 | U-18 Pan American Championship - 2022,2.0,0.3945
2022-11-20 11:00:00,103728,Brazil,22,1264.94,1264.62,-0.32,Dominican Republic,1526.94,L,3,7,U-10 International Championship 2022 - Campeonato Internacional Sub-10 2022,1.0,0.2679
2022-11-20 11:00:00,103728,Dominican Republic,6,1526.94,1527.27,0.32,Brazil,1264.94,W,7,3,U-10 International Championship 2022 - Campeonato Internacional Sub-10 2022,1.0,0.7321
2022-11-20 14:30:00,103729,Mexico,5,1556.66,1556.74,0.09,Ecuador,827.13,W,13,1,U-10 International Championship 2022 - Campeonato Internacional Sub-10 2022,1.0,0.9427
2022-11-20 14:30:00,103729,Ecuador,53,827.13,827.04,-0.09,Mexico,1556.66,L,1,13,U-10 International Championship 2022 - Campeonato Internacional Sub-10 2022,1.0,0.0573
2022-11-20 18:30:00,103730,Mexico,5,1556.74,1556.12,-0.62,Cuba,1491.91,L,2,4,U-10 International Championship 2022 - Campeonato Internacional Sub-10 2022,1.0,0.5619
2022-11-20 18:30:00,103730,Cuba,7,1491.91,1492.53,0.62,Mexico,1556.74,W,4,2,U-10 International Championship 2022 - Campeonato Internacional Sub-10 2022,1.0,0.4381
2022-11-21 09:00:00,103731,Dominican Republic,6,1527.27,1527.36,0.1,Ecuador,827.04,W,13,2,U-10 International Championship 2022 - Campeonato Internacional Sub-10 2022,1.0,0.9363
2022-11-21 09:00:00,103731,Ecuador,53,827.04,826.94,-0.1,Dominican Republic,1527.27,L,2,13,U-10 International Championship 2022 - Campeonato Internacional Sub-10 2022,1.0,0.0637
2022-11-21 12:30:00,103732,Cuba,7,1492.53,1492.64,0.11,Ecuador,826.94,W,10,0,U-10 International Championship 2022 - Campeonato Internacional Sub-10 2022,1.0,0.9279
2022-11-21 12:30:00,103732,Ecuador,53,826.94,826.84,-0.11,Cuba,1492.53,L,0,10,U-10 International Championship 2022 - Campeonato Internacional Sub-10 2022,1.0,0.0721
2022-11-21 15:00:00,103733,Cuba,7,1492.64,1493.06,0.43,Brazil,1264.62,W,9,0,U-10 International Championship 2022 - Campeonato Internacional Sub-10 2022,1.0,0.7058
2022-11-21 15:00:00,103733,Brazil,22,1264.62,1264.19,-0.43,Cuba,1492.64,L,0,9,U-10 International Championship 2022 - Campeonato Internacional Sub-10 2022,1.0,0.2942
2022-11-21 18:30:00,103734,Brazil,22,1264.19,1263.82,-0.37,Mexico,1556.12,L,0,11,U-10 International Championship 2022 - Campeonato Internacional Sub-10 2022,1.0,0.2459
2022-11-21 18:30:00,103734,Mexico,5,1556.12,1556.49,0.37,Brazil,1264.19,W,11,0,U-10 International Championship 2022 - Campeonato Internacional Sub-10 2022,1.0,0.7541
2022-11-22 09:00:00,103735,Brazil,22,1263.82,1264.06,0.24,Ecuador,826.84,W,10,0,U-10 International Championship 2022 - Campeonato Internacional Sub-10 2022,1.0,0.8425
2022-11-22 09:00:00,103735,Ecuador,53,826.84,826.6,-0.24,Brazil,1263.82,L,0,10,U-10 International Championship 2022 - Campeonato Internacional Sub-10 2022,1.0,0.1575
2022-11-22 12:30:00,103736,Dominican Republic,6,1527.36,1526.8,-0.56,Cuba,1493.06,L,4,5,U-10 International Championship 2022 - Campeonato Internacional Sub-10 2022,1.0,0.5329
2022-11-22 12:30:00,103736,Cuba,7,1493.06,1493.62,0.56,Dominican Republic,1527.36,W,5,4,U-10 International Championship 2022 - Campeonato Internacional Sub-10 2022,1.0,0.4671
2022-11-22 18:30:00,103737,Dominican Republic,6,1526.8,1526.09,-0.71,Mexico,1556.49,L,0,10,U-10 International Championship 2022 - Campeonato Internacional Sub-10 2022,1.0,0.4715
2022-11-22 18:30:00,103737,Mexico,5,1556.49,1557.2,0.71,Dominican Republic,1526.8,W,10,0,U-10 International Championship 2022 - Campeonato Internacional Sub-10 2022,1.0,0.5285
2022-11-24 09:00:00,103738,Dominican Republic,6,1526.09,1526.5,0.4,Brazil,1264.06,W,17,7,U-10 International Championship 2022 - Campeonato Internacional Sub-10 2022,1.0,0.7322
2022-11-24 09:00:00,103738,Brazil,22,1264.06,1263.66,-0.4,Dominican Republic,1526.09,L,7,17,U-10 International Championship 2022 - Campeonato Internacional Sub-10 2022,1.0,0.2678
2022-11-24 12:30:00,103739,Ecuador,53,826.6,826.51,-0.09,Mexico,1557.2,L,1,13,U-10 International Championship 2022 - Campeonato Internacional Sub-10 2022,1.0,0.0571
2022-11-24 12:30:00,103739,Mexico,5,1557.2,1557.29,0.09,Ecuador,826.6,W,13,1,U-10 International Championship 2022 - Campeonato Internacional Sub-10 2022,1.0,0.9429
2022-11-24 18:30:00,103740,Cuba,7,1493.62,1493.16,-0.46,Mexico,1557.29,L,0,1,U-10 International Championship 2022 - Campeonato Internacional Sub-10 2022,1.0,0.4392
2022-11-24 18:30:00,103740,Mexico,5,1557.29,1557.75,0.46,Cuba,1493.62,W,1,0,U-10 International Championship 2022 - Campeonato Internacional Sub-10 2022,1.0,0.5608
2022-11-25 09:00:00,103741,Ecuador,53,826.51,826.42,-0.1,Dominican Republic,1526.5,L,2,15,U-10 International Championship 2022 - Campeonato Internacional Sub-10 2022,1.0,0.0638
2022-11-25 09:00:00,103741,Dominican Republic,6,1526.5,1526.59,0.1,Ecuador,826.51,W,15,2,U-10 International Championship 2022 - Campeonato Internacional Sub-10 2022,1.0,0.9362
2022-11-25 12:30:00,103742,Ecuador,53,826.42,826.31,-0.11,Cuba,1493.16,L,1,20,U-10 International Championship 2022 - Campeonato Internacional Sub-10 2022,1.0,0.0718
2022-11-25 12:30:00,103742,Cuba,7,1493.16,1493.27,0.11,Ecuador,826.42,W,20,1,U-10 International Championship 2022 - Campeonato Internacional Sub-10 2022,1.0,0.9282
2022-11-25 15:00:00,103743,Brazil,22,1263.66,1263.22,-0.44,Cuba,1493.27,L,0,19,U-10 International Championship 2022 - Campeonato Internacional Sub-10 2022,1.0,0.2929
2022-11-25 15:00:00,103743,Cuba,7,1493.27,1493.71,0.44,Brazil,1263.66,W,19,0,U-10 International Championship 2022 - Campeonato Internacional Sub-10 2022,1.0,0.7071
2022-11-25 18:30:00,103744,Mexico,5,1557.75,1558.11,0.37,Brazil,1263.22,W,12,0,U-10 International Championship 2022 - Campeonato Internacional Sub-10 2022,1.0,0.7559
2022-11-25 18:30:00,103744,Brazil,22,1263.22,1262.85,-0.37,Mexico,1557.75,L,0,12,U-10 International Championship 2022 - Campeonato Internacional Sub-10 2022,1.0,0.2441
2022-11-26 09:00:00,103745,Ecuador,53,826.31,826.11,-0.2,Brazil,1262.85,L,4,9,U-10 International Championship 2022 - Campeonato Internacional Sub-10 2022,1.0,0.1577
2022-11-26 09:00:00,103745,Brazil,22,1262.85,1263.05,0.2,Ecuador,826.31,W,9,4,U-10 International Championship 2022 - Campeonato Internacional Sub-10 2022,1.0,0.8423
2022-11-26 12:30:00,103746,Cuba,7,1493.71,1494.48,0.77,Dominican Republic,1526.59,W,10,1,U-10 International Championship 2022 - Campeonato Internacional Sub-10 2022,1.0,0.4685
2022-11-26 12:30:00,103746,Dominican Republic,6,1526.59,1525.82,-0.77,Cuba,1493.71,L,1,10,U-10 International Championship 2022 - Campeonato Internacional Sub-10 2022,1.0,0.5315
2022-11-26 18:30:00,103747,Mexico,5,1558.11,1558.68,0.56,Dominican Republic,1525.82,W,5,1,U-10 International Championship 2022 - Campeonato Internacional Sub-10 2022,1.0,0.5309
2022-11-26 18:30:00,103747,Dominican Republic,6,1525.82,1525.26,-0.56,Mexico,1558.11,L,1,5,U-10 International Championship 2022 - Campeonato Internacional Sub-10 2022,1.0,0.4691
2022-11-27 15:30:00,103748,Dominican Republic,6,1525.26,1525.62,0.36,Brazil,1263.05,W,8,1,U-10 International Championship 2022 - Campeonato Internacional Sub-10 2022,1.0,0.7323
2022-11-27 15:30:00,103748,Brazil,22,1263.05,1262.69,-0.36,Dominican Republic,1525.26,L,1,8,U-10 International Championship 2022 - Campeonato Internacional Sub-10 2022,1.0,0.2677
2022-11-27 18:00:00,103749,Cuba,7,1494.48,1493.95,-0.53,Mexico,1558.68,L,1,5,U-10 International Championship 2022 - Campeonato Internacional Sub-10 2022,1.0,0.4387
2022-11-27 18:00:00,103749,Mexico,5,1558.68,1559.2,0.53,Cuba,1494.48,W,5,1,U-10 International Championship 2022 - Campeonato Internacional Sub-10 2022,1.0,0.5613
2022-12-04 15:00:00,103576,Puerto Rico,17,1368.45,1357.28,-11.18,Curaçao,896.0,L,1,7,IV Caribbean Baseball Cup 2022 - IV Copa del Caribe de Béisbol 2022,10.0,0.8597
2022-12-04 15:00:00,103576,Curaçao,45,896.0,907.18,11.18,Puerto Rico,1368.45,W,7,1,IV Caribbean Baseball Cup 2022 - IV Copa del Caribe de Béisbol 2022,10.0,0.1403
2022-12-04 19:00:00,103577,Bahamas,85,800.0,805.25,5.25,Virgin Islands,800.0,W,4,3,IV Caribbean Baseball Cup 2022 - IV Copa del Caribe de Béisbol 2022,10.0,0.5
2022-12-04 19:00:00,103577,Virgin Islands,62,800.0,794.75,-5.25,Bahamas,800.0,L,3,4,IV Caribbean Baseball Cup 2022 - IV Copa del Caribe de Béisbol 2022,10.0,0.5
2022-12-05 15:00:00,103578,Virgin Islands,92,794.75,793.82,-0.93,Cuba,1493.95,L,0,9,IV Caribbean Baseball Cup 2022 - IV Copa del Caribe de Béisbol 2022,10.0,0.064
2022-12-05 15:00:00,103578,Cuba,7,1493.95,1494.88,0.93,Virgin Islands,794.75,W,9,0,IV Caribbean Baseball Cup 2022 - IV Copa del Caribe de Béisbol 2022,10.0,0.936
2022-12-05 19:00:00,103579,Curaçao,45,907.18,911.61,4.44,Bahamas,805.25,W,12,10,IV Caribbean Baseball Cup 2022 - IV Copa del Caribe de Béisbol 2022,10.0,0.5966
2022-12-05 19:00:00,103579,Bahamas,55,805.25,800.81,-4.44,Curaçao,907.18,L,10,12,IV Caribbean Baseball Cup 2022 - IV Copa del Caribe de Béisbol 2022,10.0,0.4034
2022-12-06 15:00:00,103580,Virgin Islands,92,793.82,800.24,6.42,Curaçao,911.61,W,11,10,IV Caribbean Baseball Cup 2022 - IV Copa del Caribe de Béisbol 2022,10.0,0.3889
2022-12-06 15:00:00,103580,Curaçao,44,911.61,905.2,-6.42,Virgin Islands,793.82,L,10,11,IV Caribbean Baseball Cup 2022 - IV Copa del Caribe de Béisbol 2022,10.0,0.6111
2022-12-06 19:00:00,103581,Cuba,7,1494.88,1486.7,-8.18,Puerto Rico,1357.28,L,0,6,IV Caribbean Baseball Cup 2022 - IV Copa del Caribe de Béisbol 2022,10.0,0.629
2022-12-06 19:00:00,103581,Puerto Rico,17,1357.28,1365.45,8.18,Cuba,1494.88,W,6,0,IV Caribbean Baseball Cup 2022 - IV Copa del Caribe de Béisbol 2022,10.0,0.371
2022-12-07 14:00:00,103582,Puerto Rico,17,1365.45,1366.79,1.33,Virgin Islands,800.24,W,6,0,IV Caribbean Baseball Cup 2022 - IV Copa del Caribe de Béisbol 2022,10.0,0.8974
2022-12-07 14:00:00,103582,Virgin Islands,56,800.24,798.91,-1.33,Puerto Rico,1365.45,L,0,6,IV Caribbean Baseball Cup 2022 - IV Copa del Caribe de Béisbol 2022,10.0,0.1026
2022-12-07 19:00:00,103583,Cuba,8,1486.7,1487.58,0.87,Bahamas,800.81,W,9,3,IV Caribbean Baseball Cup 2022 - IV Copa del Caribe de Béisbol 2022,10.0,0.9329
2022-12-07 19:00:00,103583,Bahamas,55,800.81,799.94,-0.87,Cuba,1486.7,L,3,9,IV Caribbean Baseball Cup 2022 - IV Copa del Caribe de Béisbol 2022,10.0,0.0671
2022-12-08 15:00:00,103584,Curaçao,45,905.2,904.18,-1.01,Cuba,1487.58,L,7,8,IV Caribbean Baseball Cup 2022 - IV Copa del Caribe de Béisbol 2022,10.0,0.0967
2022-12-08 15:00:00,103584,Cuba,7,1487.58,1488.59,1.01,Curaçao,905.2,W,8,7,IV Caribbean Baseball Cup 2022 - IV Copa del Caribe de Béisbol 2022,10.0,0.9033
2022-12-08 19:00:00,103585,Bahamas,88,799.94,798.41,-1.53,Puerto Rico,1366.79,L,2,14,IV Caribbean Baseball Cup 2022 - IV Copa del Caribe de Béisbol 2022,10.0,0.102
2022-12-08 19:00:00,103585,Puerto Rico,17,1366.79,1368.32,1.53,Bahamas,799.94,W,14,2,IV Caribbean Baseball Cup 2022 - IV Copa del Caribe de Béisbol 2022,10.0,0.898
2022-12-10 14:00:00,104162,Cuba,7,1488.59,1489.65,1.06,Curaçao,904.18,W,4,2,IV Caribbean Baseball Cup 2022 - IV Copa del Caribe de Béisbol 2022,10.0,0.904
2022-12-10 14:00:00,104162,Curaçao,45,904.18,903.13,-1.06,Cuba,1488.59,L,2,4,IV Caribbean Baseball Cup 2022 - IV Copa del Caribe de Béisbol 2022,10.0,0.096
2022-12-10 19:00:00,104163,Puerto Rico,17,1368.32,1369.63,1.31,Bahamas,798.41,W,9,3,IV Caribbean Baseball Cup 2022 - IV Copa del Caribe de Béisbol 2022,10.0,0.8991
2022-12-10 19:00:00,104163,Bahamas,89,798.41,797.1,-1.31,Puerto Rico,1368.32,L,3,9,IV Caribbean Baseball Cup 2022 - IV Copa del Caribe de Béisbol 2022,10.0,0.1009
2022-12-11 13:00:00,104201,Curaçao,45,903.13,907.52,4.4,Bahamas,797.1,W,4,2,IV Caribbean Baseball Cup 2022 - IV Copa del Caribe de Béisbol 2022,10.0,0.6003
2022-12-11 13:00:00,104201,Bahamas,89,797.1,792.7,-4.4,Curaçao,903.13,L,2,4,IV Caribbean Baseball Cup 2022 - IV Copa del Caribe de Béisbol 2022,10.0,0.3997
2022-12-11 17:00:00,104202,Puerto Rico,17,1369.63,1377.29,7.66,Cuba,1489.65,W,9,4,IV Caribbean Baseball Cup 2022 - IV Copa del Caribe de Béisbol 2022,10.0,0.3868
2022-12-11 17:00:00,104202,Cuba,7,1489.65,1481.98,-7.66,Puerto Rico,1369.63,L,4,9,IV Caribbean Baseball Cup 2022 - IV Copa del Caribe de Béisbol 2022,10.0,0.6132
2022-12-12 13:30:00,103799,Guam,38,1005.14,1004.91,-0.23,Australia,1446.12,L,0,10,U-18 Men's Baseball Oceania Championship 2022,1.0,0.1555
2022-12-12 13:30:00,103799,Australia,12,1446.12,1446.36,0.23,Guam,1005.14,W,10,0,U-18 Men's Baseball Oceania Championship 2022,1.0,0.8445
2022-12-12 16:30:00,103800,Guam,38,1004.91,1004.08,-0.83,New Zealand,827.58,L,2,7,U-18 Men's Baseball Oceania Championship 2022,1.0,0.6639
2022-12-12 16:30:00,103800,New Zealand,52,827.58,828.41,0.83,Guam,1004.91,W,7,2,U-18 Men's Baseball Oceania Championship 2022,1.0,0.3361
2022-12-13 10:30:00,103801,Australia,12,1446.36,1445.26,-1.1,New Zealand,828.41,L,6,10,U-18 Men's Baseball Oceania Championship 2022,1.0,0.9146
2022-12-13 10:30:00,103801,New Zealand,51,828.41,829.51,1.1,Australia,1446.36,W,10,6,U-18 Men's Baseball Oceania Championship 2022,1.0,0.0854
2022-12-13 14:30:00,103802,Australia,12,1445.26,1445.49,0.23,Guam,1004.08,W,11,0,U-18 Men's Baseball Oceania Championship 2022,1.0,0.8446
2022-12-13 14:30:00,103802,Guam,38,1004.08,1003.84,-0.23,Australia,1445.26,L,0,11,U-18 Men's Baseball Oceania Championship 2022,1.0,0.1554
2022-12-14 09:00:00,103803,New Zealand,51,829.51,830.36,0.86,Guam,1003.84,W,13,7,U-18 Men's Baseball Oceania Championship 2022,1.0,0.3387
2022-12-14 09:00:00,103803,Guam,38,1003.84,1002.98,-0.86,New Zealand,829.51,L,7,13,U-18 Men's Baseball Oceania Championship 2022,1.0,0.6613
2022-12-14 13:00:00,103804,New Zealand,51,830.36,830.24,-0.13,Australia,1445.49,L,0,10,U-18 Men's Baseball Oceania Championship 2022,1.0,0.0862
2022-12-14 13:00:00,103804,Australia,12,1445.49,1445.62,0.13,New Zealand,830.36,W,10,0,U-18 Men's Baseball Oceania Championship 2022,1.0,0.9138
2022-12-15 13:00:00,103806,Australia,12,1445.62,1445.72,0.1,New Zealand,830.24,W,4,0,U-18 Men's Baseball Oceania Championship 2022,1.0,0.9139
2022-12-15 13:00:00,103806,New Zealand,51,830.24,830.13,-0.1,Australia,1445.62,L,0,4,U-18 Men's Baseball Oceania Championship 2022,1.0,0.0861
2023-01-27 09:00:00,105587,Pakistan,34,1047.4,1055.77,8.37,Afghanistan,800.0,W,17,0,BFA XV West Asian Cup 2023,20.0,0.721
2023-01-27 09:00:00,105587,Afghanistan,80,800.0,791.63,-8.37,Pakistan,1047.4,L,0,17,BFA XV West Asian Cup 2023,20.0,0.279
2023-01-27 12:00:00,105588,Sri Lanka,41,928.0,939.39,11.39,Nepal,800.0,W,26,0,BFA XV West Asian Cup 2023,20.0,0.6204
2023-01-27 12:00:00,105588,Nepal,81,800.0,788.61,-11.39,Sri Lanka,928.0,L,0,26,BFA XV West Asian Cup 2023,20.0,0.3796
2023-01-27 15:00:00,105805,India,61,800.0,785.5,-14.5,Palestine,800.0,L,0,9,BFA XV West Asian Cup 2023,20.0,0.5
2023-01-27 15:00:00,105805,Palestine,82,800.0,814.5,14.5,India,800.0,W,9,0,BFA XV West Asian Cup 2023,20.0,0.5
2023-01-28 09:00:00,105590,Bangladesh,73,800.0,791.82,-8.18,Pakistan,1055.77,L,0,14,BFA XV West Asian Cup 2023,20.0,0.2726
2023-01-28 09:00:00,105590,Pakistan,34,1055.77,1063.94,8.18,Bangladesh,800.0,W,14,0,BFA XV West Asian Cup 2023,20.0,0.7274
2023-01-28 12:00:00,105591,Nepal,91,788.61,774.36,-14.26,Palestine,814.5,L,1,22,BFA XV West Asian Cup 2023,20.0,0.4752
2023-01-28 12:00:00,105591,Palestine,55,814.5,828.76,14.26,Nepal,788.61,W,22,1,BFA XV West Asian Cup 2023,20.0,0.5248
2023-01-28 15:00:00,105592,India,92,785.5,775.16,-10.34,Sri Lanka,939.39,L,2,11,BFA XV West Asian Cup 2023,20.0,0.3565
2023-01-28 15:00:00,105592,Sri Lanka,41,939.39,949.73,10.34,India,785.5,W,11,2,BFA XV West Asian Cup 2023,20.0,0.6435
2023-01-29 09:00:00,105593,Bangladesh,89,791.82,806.82,14.99,Afghanistan,791.63,W,12,2,BFA XV West Asian Cup 2023,20.0,0.5002
2023-01-29 09:00:00,105593,Afghanistan,90,791.63,776.64,-14.99,Bangladesh,791.82,L,2,12,BFA XV West Asian Cup 2023,20.0,0.4998
2023-01-29 12:00:00,105594,India,92,775.16,790.14,14.98,Nepal,774.36,W,15,0,BFA XV West Asian Cup 2023,20.0,0.5008
2023-01-29 12:00:00,105594,Nepal,93,774.36,759.38,-14.98,India,775.16,L,0,15,BFA XV West Asian Cup 2023,20.0,0.4992
2023-01-29 15:00:00,105595,Sri Lanka,41,949.73,931.31,-18.42,Palestine,828.76,L,0,10,BFA XV West Asian Cup 2023,20.0,0.614
2023-01-29 15:00:00,105595,Palestine,52,828.76,847.18,18.42,Sri Lanka,949.73,W,10,0,BFA XV West Asian Cup 2023,20.0,0.386
2023-01-31 10:00:00,105807,Palestine,50,847.18,861.02,13.84,Bangladesh,806.82,W,14,3,BFA XV West Asian Cup 2023,20.0,0.5386
2023-01-31 10:00:00,105807,Bangladesh,56,806.82,792.98,-13.84,Palestine,847.18,L,3,14,BFA XV West Asian Cup 2023,20.0,0.4614
2023-01-31 14:30:00,105806,Pakistan,34,1063.94,1075.21,11.26,Sri Lanka,931.31,W,16,1,BFA XV West Asian Cup 2023,20.0,0.6246
2023-01-31 14:30:00,105806,Sri Lanka,41,931.31,920.04,-11.26,Pakistan,1063.94,L,1,16,BFA XV West Asian Cup 2023,20.0,0.3754
2023-02-01 10:00:00,105600,Sri Lanka,42,920.04,928.41,8.37,Bangladesh,792.98,W,3,1,BFA XV West Asian Cup 2023,20.0,0.6196
2023-02-01 10:00:00,105600,Bangladesh,88,792.98,784.61,-8.37,Sri Lanka,920.04,L,1,3,BFA XV West Asian Cup 2023,20.0,0.3804
2023-02-01 14:30:00,105601,Palestine,47,861.02,852.47,-8.55,Pakistan,1075.21,L,3,11,BFA XV West Asian Cup 2023,20.0,0.3053
2023-02-01 14:30:00,105601,Pakistan,33,1075.21,1083.76,8.55,Palestine,861.02,W,11,3,BFA XV West Asian Cup 2023,20.0,0.6947
2023-02-06 11:00:00,105653,El Salvador,64,800.0,789.0,-11.0,Costa Rica,800.0,L,1,3,Central American & Caribbean Games Qualifier 2023 - Clasificatorio para los Juegos Centroamericanos y del Caribe 2023,20.0,0.5
2023-02-06 11:00:00,105653,Costa Rica,75,800.0,811.0,11.0,El Salvador,800.0,W,3,1,Central American & Caribbean Games Qualifier 2023 - Clasificatorio para los Juegos Centroamericanos y del Caribe 2023,20.0,0.5
2023-02-06 18:30:00,105654,Nicaragua,13,1425.67,1428.18,2.51,Honduras,832.0,W,7,0,Central American & Caribbean Games Qualifier 2023 - Clasificatorio para los Juegos Centroamericanos y del Caribe 2023,20.0,0.9071
2023-02-06 18:30:00,105654,Honduras,51,832.0,829.49,-2.51,Nicaragua,1425.67,L,0,7,Central American & Caribbean Games Qualifier 2023 - Clasificatorio para los Juegos Centroamericanos y del Caribe 2023,20.0,0.0929
2023-02-07 18:30:00,105656,Costa Rica,56,811.0,808.43,-2.57,Nicaragua,1428.18,L,0,13,Central American & Caribbean Games Qualifier 2023 - Clasificatorio para los Juegos Centroamericanos y del Caribe 2023,20.0,0.0856
2023-02-07 18:30:00,105656,Nicaragua,13,1428.18,1430.75,2.57,Costa Rica,811.0,W,13,0,Central American & Caribbean Games Qualifier 2023 - Clasificatorio para los Juegos Centroamericanos y del Caribe 2023,20.0,0.9144
2023-02-08 11:00:00,105657,Honduras,52,829.49,841.49,12.0,Costa Rica,808.43,W,6,1,Central American & Caribbean Games Qualifier 2023 - Clasificatorio para los Juegos Centroamericanos y del Caribe 2023,20.0,0.5202
2023-02-08 11:00:00,105657,Costa Rica,56,808.43,796.44,-12.0,Honduras,829.49,L,1,6,Central American & Caribbean Games Qualifier 2023 - Clasificatorio para los Juegos Centroamericanos y del Caribe 2023,20.0,0.4798
2023-02-09 18:30:00,105660,Nicaragua,13,1430.75,1432.95,2.2,El Salvador,789.0,W,8,0,Central American & Caribbean Games Qualifier 2023 - Clasificatorio para los Juegos Centroamericanos y del Caribe 2023,20.0,0.9215
2023-02-09 18:30:00,105660,El Salvador,89,789.0,786.8,-2.2,Nicaragua,1430.75,L,0,8,Central American & Caribbean Games Qualifier 2023 - Clasificatorio para los Juegos Centroamericanos y del Caribe 2023,20.0,0.0785
2023-02-10 11:00:00,105661,Honduras,51,841.49,852.23,10.75,El Salvador,786.8,W,8,4,Central American & Caribbean Games Qualifier 2023 - Clasificatorio para los Juegos Centroamericanos y del Caribe 2023,20.0,0.5523
2023-02-10 11:00:00,105661,El Salvador,89,786.8,776.06,-10.75,Honduras,841.49,L,4,8,Central American & Caribbean Games Qualifier 2023 - Clasificatorio para los Juegos Centroamericanos y del Caribe 2023,20.0,0.4477
2023-02-12 18:00:00,105671,Nicaragua,13,1432.95,1435.86,2.92,Honduras,852.23,W,13,1,Central American & Caribbean Games Qualifier 2023 - Clasificatorio para los Juegos Centroamericanos y del Caribe 2023,20.0,0.9028
2023-02-12 18:00:00,105671,Honduras,50,852.23,849.31,-2.92,Nicaragua,1432.95,L,1,13,Central American & Caribbean Games Qualifier 2023 - Clasificatorio para los Juegos Centroamericanos y del Caribe 2023,20.0,0.0972
2023-03-08,719542,Netherlands,9,1484.2,1538.97,54.77,Cuba,1481.98,W,4,2,World Baseball Classic Pool Play,100.0,0.5021
2023-03-08,719542,Cuba,10,1481.98,1427.22,-54.77,Netherlands,1484.2,L,2,4,World Baseball Classic Pool Play,100.0,0.4979
2023-03-08,719543,Chinese Taipei,2,1613.87,1530.06,-83.81,Panama,1485.41,L,5,12,World Baseball Classic Pool Play,100.0,0.6208
2023-03-08,719543,Panama,9,1485.41,1569.22,83.81,Chinese Taipei,1613.87,W,12,5,World Baseball Classic Pool Play,100.0,0.3792
2023-03-09,719530,Republic of Korea,3,1586.83,1520.45,-66.38,Australia,1445.72,L,7,8,World Baseball Classic Pool Play,100.0,0.6322
2023-03-09,719530,Australia,11,1445.72,1512.1,66.38,Republic of Korea,1586.83,W,8,7,World Baseball Classic Pool Play,100.0,0.3678
2023-03-09,719539,Netherlands,5,1538.97,1597.16,58.19,Panama,1569.22,W,3,1,World Baseball Classic Pool Play,100.0,0.471
2023-03-09,719539,Panama,3,1569.22,1511.03,-58.19,Netherlands,1538.97,L,1,3,World Baseball Classic Pool Play,100.0,0.529
2023-03-09,719533,Japan,1,1615.3,1644.51,29.21,China,1280.0,W,8,1,World Baseball Classic Pool Play,100.0,0.7836
2023-03-09,719533,China,21,1280.0,1250.79,-29.21,Japan,1615.3,L,1,8,World Baseball Classic Pool Play,100.0,0.2164
2023-03-09,719541,Cuba,13,1427.22,1358.54,-68.68,Italy,1324.57,L,3,6,World Baseball Classic Pool Play,100.0,0.5972
2023-03-09,719541,Italy,19,1324.57,1393.25,68.68,Cuba,1427.22,W,6,3,World Baseball Classic Pool Play,100.0,0.4028
2023-03-10,719531,China,23,1250.79,1214.4,-36.39,Czechia,1451.49,L,5,8,World Baseball Classic Pool Play,100.0,0.3164
2023-03-10,719531,Czechia,11,1451.49,1487.88,36.39,China,1250.79,W,8,5,World Baseball Classic Pool Play,100.0,0.6836
2023-03-10,719538,Panama,9,1511.03,1417.9,-93.13,Cuba,1358.54,L,4,13,World Baseball Classic Pool Play,100.0,0.6423
2023-03-10,719538,Cuba,18,1358.54,1451.66,93.13,Panama,1511.03,W,13,4,World Baseball Classic Pool Play,100.0,0.3577
2023-03-10,719532,Japan,1,1644.51,1700.07,55.56,Republic of Korea,1520.45,W,13,4,World Baseball Classic Pool Play,100.0,0.6168
2023-03-10,719532,Republic of Korea,7,1520.45,1464.89,-55.56,Japan,1644.51,L,4,13,World Baseball Classic Pool Play,100.0,0.3832
2023-03-10,719540,Chinese Taipei,5,1530.06,1574.66,44.6,Italy,1393.25,W,11,7,World Baseball Classic Pool Play,100.0,0.6283
2023-03-10,719540,Italy,17,1393.25,1348.65,-44.6,Chinese Taipei,1530.06,L,7,11,World Baseball Classic Pool Play,100.0,0.3717
2023-03-11,719526,Australia,7,1512.1,1548.38,36.28,China,1214.4,W,12,2,World Baseball Classic Pool Play,100.0,0.7581
2023-03-11,719526,China,23,1214.4,1178.12,-36.28,Australia,1512.1,L,2,12,World Baseball Classic Pool Play,100.0,0.2419
2023-03-11,719535,Italy,18,1348.65,1300.92,-47.73,Panama,1417.9,L,0,2,World Baseball Classic Pool Play,100.0,0.434
2023-03-11,719535,Panama,14,1417.9,1465.63,47.73,Italy,1348.65,W,2,0,World Baseball Classic Pool Play,100.0,0.566
2023-03-11,719529,Japan,1,1700.07,1743.05,42.98,Czechia,1487.88,W,10,2,World Baseball Classic Pool Play,100.0,0.693
2023-03-11,719529,Czechia,8,1487.88,1444.91,-42.98,Japan,1700.07,L,2,10,World Baseball Classic Pool Play,100.0,0.307
2023-03-11,719537,Chinese Taipei,4,1574.66,1637.25,62.59,Netherlands,1597.16,W,9,5,World Baseball Classic Pool Play,100.0,0.4784
2023-03-11,719537,Netherlands,3,1597.16,1534.57,-62.59,Chinese Taipei,1574.66,L,5,9,World Baseball Classic Pool Play,100.0,0.5216
2023-03-11,719512,Puerto Rico,17,1377.29,1455.13,77.83,Nicaragua,1435.86,W,9,1,World Baseball Classic Pool Play,100.0,0.444
2023-03-11,719512,Nicaragua,13,1435.86,1358.03,-77.83,Puerto Rico,1377.29,L,1,9,World Baseball Classic Pool Play,100.0,0.556
2023-03-11,719523,Mexico,4,1559.2,1493.5,-65.7,Colombia,1425.27,L,4,5,World Baseball Classic Pool Play,100.0,0.6257
2023-03-11,719523,Colombia,14,1425.27,1490.97,65.7,Mexico,1559.2,W,5,4,World Baseball Classic Pool Play,100.0,0.3743
2023-03-11,719514,Venezuela,9,1487.05,1551.48,64.43,Dominican Republic,1525.62,W,5,1,World Baseball Classic Pool Play,100.0,0.4631
2023-03-11,719514,Dominican Republic,6,1525.62,1461.19,-64.43,Venezuela,1487.05,L,1,5,World Baseball Classic Pool Play,100.0,0.5369
2023-03-11,719524,United States of America,3,1599.36,1638.04,38.67,Great Britain,1405.65,W,6,2,World Baseball Classic Pool Play,100.0,0.6777
2023-03-11,719524,Great Britain,16,1405.65,1366.98,-38.67,United States of America,1599.36,L,2,6,World Baseball Classic Pool Play,100.0,0.3223
2023-03-12,719527,Republic of Korea,10,1464.89,1522.59,57.7,Czechia,1444.91,W,7,3,World Baseball Classic Pool Play,100.0,0.5192
2023-03-12,719527,Czechia,14,1444.91,1387.21,-57.7,Republic of Korea,1464.89,L,3,7,World Baseball Classic Pool Play,100.0,0.4808
2023-03-12,719534,Cuba,13,1451.66,1538.88,87.22,Chinese Taipei,1637.25,W,7,1,World Baseball Classic Pool Play,100.0,0.3291
2023-03-12,719534,Chinese Taipei,3,1637.25,1550.03,-87.22,Cuba,1451.66,L,1,7,World Baseball Classic Pool Play,100.0,0.6709
2023-03-12,719528,Australia,5,1548.38,1506.59,-41.79,Japan,1743.05,L,1,7,World Baseball Classic Pool Play,100.0,0.3215
2023-03-12,719528,Japan,1,1743.05,1784.84,41.79,Australia,1548.38,W,7,1,World Baseball Classic Pool Play,100.0,0.6785
2023-03-12,719536,Italy,19,1300.92,1393.25,92.33,Netherlands,1534.57,W,7,1,World Baseball Classic Pool Play,100.0,0.2897
2023-03-12,719536,Netherlands,6,1534.57,1442.23,-92.33,Italy,1300.92,L,1,7,World Baseball Classic Pool Play,100.0,0.7103
2023-03-12,719508,Israel,20,1288.38,1350.69,62.31,Nicaragua,1358.03,W,3,1,World Baseball Classic Pool Play,100.0,0.4336
2023-03-12,719508,Nicaragua,18,1358.03,1295.72,-62.31,Israel,1288.38,L,1,3,World Baseball Classic Pool Play,100.0,0.5664
2023-03-12,719517,Canada,14,1408.99,1477.96,68.97,Great Britain,1366.98,W,18,8,World Baseball Classic Pool Play,100.0,0.5402
2023-03-12,719517,Great Britain,17,1366.98,1298.01,-68.97,Canada,1408.99,L,8,18,World Baseball Classic Pool Play,100.0,0.4598
2023-03-12,719511,Puerto Rico,13,1455.13,1408.14,-46.99,Venezuela,1551.48,L,6,9,World Baseball Classic Pool Play,100.0,0.4086
2023-03-12,719511,Venezuela,3,1551.48,1598.47,46.99,Puerto Rico,1455.13,W,9,6,World Baseball Classic Pool Play,100.0,0.5914
2023-03-12,719518,United States of America,2,1638.04,1555.46,-82.58,Mexico,1493.5,L,5,11,World Baseball Classic Pool Play,100.0,0.6352
2023-03-12,719518,Mexico,8,1493.5,1576.08,82.58,United States of America,1638.04,W,11,5,World Baseball Classic Pool Play,100.0,0.3648
2023-03-13,719522,Czechia,16,1387.21,1338.78,-48.43,Australia,1506.59,L,3,8,World Baseball Classic Pool Play,100.0,0.3874
2023-03-13,719522,Australia,8,1506.59,1555.02,48.43,Czechia,1387.21,W,8,3,World Baseball Classic Pool Play,100.0,0.6126
2023-03-13,719525,China,25,1178.12,1146.54,-31.57,Republic of Korea,1522.59,L,2,22,World Baseball Classic Pool Play,100.0,0.2105
2023-03-13,719525,Republic of Korea,8,1522.59,1554.17,31.57,China,1178.12,W,22,2,World Baseball Classic Pool Play,100.0,0.7895
2023-03-13,719509,Nicaragua,20,1295.72,1252.43,-43.3,Dominican Republic,1461.19,L,1,6,World Baseball Classic Pool Play,100.0,0.3464
2023-03-13,719509,Dominican Republic,12,1461.19,1504.48,43.3,Nicaragua,1295.72,W,6,1,World Baseball Classic Pool Play,100.0,0.6536
2023-03-13,719519,Great Britain,19,1298.01,1372.49,74.48,Colombia,1490.97,W,7,5,World Baseball Classic Pool Play,100.0,0.3229
2023-03-13,719519,Colombia,10,1490.97,1416.49,-74.48,Great Britain,1298.01,L,5,7,World Baseball Classic Pool Play,100.0,0.6771
2023-03-13,719510,Puerto Rico,14,1408.14,1474.9,66.77,Israel,1350.69,W,10,0,World Baseball Classic Pool Play,100.0,0.5549
2023-03-13,719510,Israel,17,1350.69,1283.92,-66.77,Puerto Rico,1408.14,L,0,10,World Baseball Classic Pool Play,100.0,0.4451
2023-03-13,719520,United States of America,4,1555.46,1619.39,63.93,Canada,1477.96,W,12,1,World Baseball Classic Pool Play,100.0,0.5738
2023-03-13,719520,Canada,10,1477.96,1414.03,-63.93,United States of America,1555.46,L,1,12,World Baseball Classic Pool Play,100.0,0.4262
2023-03-14,719505,Venezuela,3,1598.47,1622.56,24.09,Nicaragua,1252.43,W,4,1,World Baseball Classic Pool Play,100.0,0.7905
2023-03-14,719505,Nicaragua,22,1252.43,1228.33,-24.09,Venezuela,1598.47,L,1,4,World Baseball Classic Pool Play,100.0,0.2095
2023-03-14,719516,Colombia,13,1416.49,1353.69,-62.8,Canada,1414.03,L,0,5,World Baseball Classic Pool Play,100.0,0.5024
2023-03-14,719516,Canada,14,1414.03,1476.82,62.8,Colombia,1416.49,W,5,0,World Baseball Classic Pool Play,100.0,0.4976
2023-03-14,719507,Dominican Republic,9,1504.48,1549.51,45.03,Israel,1283.92,W,10,0,World Baseball Classic Pool Play,100.0,0.6998
2023-03-14,719507,Israel,19,1283.92,1238.9,-45.03,Dominican Republic,1504.48,L,0,10,World Baseball Classic Pool Play,100.0,0.3002
2023-03-14,719521,Mexico,4,1576.08,1609.05,32.97,Great Britain,1372.49,W,2,1,World Baseball Classic Pool Play,100.0,0.686
2023-03-14,719521,Great Britain,15,1372.49,1339.52,-32.97,Mexico,1576.08,L,1,2,World Baseball Classic Pool Play,100.0,0.314
2023-03-15,719503,Cuba,9,1538.88,1593.01,54.13,Australia,1555.02,W,4,3,World Baseball Classic Quarterfinals,100.0,0.4845
2023-03-15,719503,Australia,5,1555.02,1500.89,-54.13,Cuba,1538.88,L,3,4,World Baseball Classic Quarterfinals,100.0,0.5155
2023-03-15,719504,Israel,21,1238.9,1216.51,-22.39,Venezuela,1622.56,L,1,5,World Baseball Classic Pool Play,100.0,0.1866
2023-03-15,719504,Venezuela,2,1622.56,1644.95,22.39,Israel,1238.9,W,5,1,World Baseball Classic Pool Play,100.0,0.8134
2023-03-15,719513,Canada,10,1476.82,1426.09,-50.73,Mexico,1609.05,L,3,10,World Baseball Classic Pool Play,100.0,0.3758
2023-03-15,719513,Mexico,4,1609.05,1659.78,50.73,Canada,1476.82,W,10,3,World Baseball Classic Pool Play,100.0,0.6242
2023-03-15,719506,Dominican Republic,8,1549.51,1483.84,-65.68,Puerto Rico,1474.9,L,2,5,World Baseball Classic Pool Play,100.0,0.5711
2023-03-15,719506,Puerto Rico,10,1474.9,1540.58,65.68,Dominican Republic,1549.51,W,5,2,World Baseball Classic Pool Play,100.0,0.4289
2023-03-15,719515,Colombia,15,1353.69,1325.86,-27.84,United States of America,1619.39,L,2,3,World Baseball Classic Pool Play,100.0,0.2651
2023-03-15,719515,United States of America,4,1619.39,1647.22,27.84,Colombia,1353.69,W,3,2,World Baseball Classic Pool Play,100.0,0.7349
2023-03-16,719502,Japan,1,1784.84,1808.5,23.66,Italy,1393.25,W,9,3,World Baseball Classic Quarterfinals,100.0,0.818
2023-03-16,719502,Italy,14,1393.25,1369.59,-23.66,Japan,1784.84,L,3,9,World Baseball Classic Quarterfinals,100.0,0.182
2023-03-17,719500,Mexico,2,1659.78,1700.48,40.7,Puerto Rico,1540.58,W,5,4,World Baseball Classic Quarterfinals,100.0,0.6124
2023-03-17,719500,Puerto Rico,8,1540.58,1499.88,-40.7,Mexico,1659.78,L,4,5,World Baseball Classic Quarterfinals,100.0,0.3876
2023-03-18,719501,Venezuela,4,1644.95,1590.19,-54.76,United States of America,1647.22,L,7,9,World Baseball Classic Quarterfinals,100.0,0.4978
2023-03-18,719501,United States of America,3,1647.22,1701.98,54.76,Venezuela,1644.95,W,9,7,World Baseball Classic Quarterfinals,100.0,0.5022
2023-03-19,719498,United States of America,2,1701.98,1761.52,59.54,Cuba,1593.01,W,14,2,World Baseball Classic Semifinals,100.0,0.6031
2023-03-19,719498,Cuba,4,1593.01,1533.46,-59.54,United States of America,1701.98,L,2,14,World Baseball Classic Semifinals,100.0,0.3969
2023-03-20,719499,Japan,1,1808.5,1850.27,41.77,Mexico,1700.48,W,6,5,World Baseball Classic Semifinals,100.0,0.6022
2023-03-20,719499,Mexico,3,1700.48,1658.71,-41.77,Japan,1808.5,L,5,6,World Baseball Classic Semifinals,100.0,0.3978
2023-03-21,719497,Japan,1,1850.27,1893.92,43.64,United States of America,1761.52,W,3,2,World Baseball Classic Finals,100.0,0.5843
2023-03-21,719497,United States of America,2,1761.52,1717.88,-43.64,Japan,1850.27,L,2,3,World Baseball Classic Finals,100.0,0.4157
2023-04-24 15:00:00,118162,Cuba,7,1533.46,1536.66,3.2,Nicaragua,1228.33,W,7,0,V ALBA Sports Game - V Juegos Deportivos del ALBA 2023,10.0,0.7633
2023-04-24 15:00:00,118162,Nicaragua,21,1228.33,1225.14,-3.2,Cuba,1533.46,L,0,7,V ALBA Sports Game - V Juegos Deportivos del ALBA 2023,10.0,0.2367
2023-04-26 10:00:00,118166,Cuba,7,1536.66,1539.33,2.67,Nicaragua,1225.14,W,10,7,V ALBA Sports Game - V Juegos Deportivos del ALBA 2023,10.0,0.7677
2023-04-26 10:00:00,118166,Nicaragua,21,1225.14,1222.47,-2.67,Cuba,1536.66,L,7,10,V ALBA Sports Game - V Juegos Deportivos del ALBA 2023,10.0,0.2323
2023-04-29 09:00:00,118582,Cambodia,74,800.0,789.0,-11.0,Singapore,800.0,L,4,6,BFA XIII East Asia Cup 2023,20.0,0.5
2023-04-29 09:00:00,118582,Singapore,76,800.0,811.0,11.0,Cambodia,800.0,W,6,4,BFA XIII East Asia Cup 2023,20.0,0.5
2023-04-29 09:00:00,118583,Philippines,35,1040.0,1048.54,8.54,Malaysia,800.0,W,21,1,BFA XIII East Asia Cup 2023,20.0,0.7153
2023-04-29 09:00:00,118583,Malaysia,78,800.0,791.46,-8.54,Philippines,1040.0,L,1,21,BFA XIII East Asia Cup 2023,20.0,0.2847
2023-04-29 13:30:00,118584,Thailand,58,800.0,793.28,-6.72,Hong Kong,1088.0,L,8,15,BFA XIII East Asia Cup 2023,20.0,0.2488
2023-04-29 13:30:00,118584,Hong Kong,30,1088.0,1094.72,6.72,Thailand,800.0,W,15,8,BFA XIII East Asia Cup 2023,20.0,0.7512
2023-04-30 09:00:00,118585,Philippines,35,1048.54,1056.63,8.09,Cambodia,789.0,W,15,0,BFA XIII East Asia Cup 2023,20.0,0.7303
2023-04-30 09:00:00,118585,Cambodia,88,789.0,780.91,-8.09,Philippines,1048.54,L,0,15,BFA XIII East Asia Cup 2023,20.0,0.2697
2023-04-30 09:00:00,118586,Malaysia,86,791.46,777.02,-14.44,Singapore,811.0,L,5,20,BFA XIII East Asia Cup 2023,20.0,0.4813
2023-04-30 09:00:00,118586,Singapore,56,811.0,825.44,14.44,Malaysia,791.46,W,20,5,BFA XIII East Asia Cup 2023,20.0,0.5187
2023-04-30 13:00:00,118587,Hong Kong,30,1094.72,1102.04,7.32,Laos,800.0,W,18,0,BFA XIII East Asia Cup 2023,20.0,0.756
2023-04-30 13:00:00,118587,Laos,77,800.0,792.68,-7.32,Hong Kong,1094.72,L,0,18,BFA XIII East Asia Cup 2023,20.0,0.244
2023-05-01 09:00:00,118589,Cambodia,89,780.91,792.32,11.41,Malaysia,777.02,W,7,4,BFA XIII East Asia Cup 2023,20.0,0.5037
2023-05-01 09:00:00,118589,Malaysia,90,777.02,765.61,-11.41,Cambodia,780.91,L,4,7,BFA XIII East Asia Cup 2023,20.0,0.4963
2023-05-01 09:00:00,118590,Singapore,55,825.44,816.69,-8.75,Philippines,1056.63,L,0,20,BFA XIII East Asia Cup 2023,20.0,0.2917
2023-05-01 09:00:00,118590,Philippines,35,1056.63,1065.38,8.75,Singapore,825.44,W,20,0,BFA XIII East Asia Cup 2023,20.0,0.7083
2023-05-01 13:00:00,118591,Laos,85,792.68,777.7,-14.98,Thailand,793.28,L,0,12,BFA XIII East Asia Cup 2023,20.0,0.4994
2023-05-01 13:00:00,118591,Thailand,83,793.28,808.27,14.98,Laos,792.68,W,12,0,BFA XIII East Asia Cup 2023,20.0,0.5006
2023-05-02 09:00:00,118593,Philippines,35,1065.38,1072.99,7.6,Thailand,808.27,W,12,4,BFA XIII East Asia Cup 2023,20.0,0.7284
2023-05-02 09:00:00,118593,Thailand,57,808.27,800.66,-7.6,Philippines,1065.38,L,4,12,BFA XIII East Asia Cup 2023,20.0,0.2716
2023-05-02 09:00:00,119355,Laos,89,777.7,792.6,14.91,Cambodia,792.32,W,9,0,BFA XIII East Asia Cup 2023,20.0,0.486
2023-05-02 09:00:00,119355,Cambodia,85,792.32,777.42,-14.91,Laos,777.7,L,0,9,BFA XIII East Asia Cup 2023,20.0,0.514
2023-05-02 13:00:00,119356,Hong Kong,30,1102.04,1107.8,5.77,Singapore,816.69,W,3,0,BFA XIII East Asia Cup 2023,20.0,0.7493
2023-05-02 13:00:00,119356,Singapore,55,816.69,810.92,-5.77,Hong Kong,1102.04,L,0,3,BFA XIII East Asia Cup 2023,20.0,0.2507
2023-05-03 09:00:00,119357,Thailand,57,800.66,815.96,15.3,Singapore,810.92,W,10,0,BFA XIII East Asia Cup 2023,20.0,0.4902
2023-05-03 09:00:00,119357,Singapore,56,810.92,795.63,-15.3,Thailand,800.66,L,0,10,BFA XIII East Asia Cup 2023,20.0,0.5098
2023-05-03 09:00:00,119358,Laos,85,792.6,806.83,14.22,Malaysia,765.61,W,13,1,BFA XIII East Asia Cup 2023,20.0,0.5259
2023-05-03 09:00:00,119358,Malaysia,93,765.61,751.38,-14.22,Laos,792.6,L,1,13,BFA XIII East Asia Cup 2023,20.0,0.4741
2023-05-03 13:00:00,119359,Philippines,34,1072.99,1087.39,14.4,Hong Kong,1107.8,W,8,1,BFA XIII East Asia Cup 2023,20.0,0.4666
2023-05-03 13:00:00,119359,Hong Kong,30,1107.8,1093.4,-14.4,Philippines,1072.99,L,1,8,BFA XIII East Asia Cup 2023,20.0,0.5334
2023-05-04 09:00:00,119448,Singapore,83,795.63,781.21,-14.42,Thailand,815.96,L,0,13,BFA XIII East Asia Cup 2023,20.0,0.4805
2023-05-04 09:00:00,119448,Thailand,56,815.96,830.37,14.42,Singapore,795.63,W,13,0,BFA XIII East Asia Cup 2023,20.0,0.5195
2023-05-04 13:00:00,119450,Philippines,31,1087.39,1101.55,14.16,Hong Kong,1093.4,W,10,2,BFA XIII East Asia Cup 2023,20.0,0.4942
2023-05-04 13:00:00,119450,Hong Kong,30,1093.4,1079.24,-14.16,Philippines,1087.39,L,2,10,BFA XIII East Asia Cup 2023,20.0,0.5058
2023-05-19 10:00:00,119630,Dominican Republic,10,1483.84,1482.67,-1.16,Cuba,1539.33,L,0,6,Campeonato Panamericano Sub-12 | U-12 Pan American Championship - 2023,2.0,0.447
2023-05-19 10:00:00,119630,Cuba,7,1539.33,1540.49,1.16,Dominican Republic,1483.84,W,6,0,Campeonato Panamericano Sub-12 | U-12 Pan American Championship - 2023,2.0,0.553
2023-05-19 10:00:00,119632,Venezuela,4,1590.19,1591.43,1.24,Puerto Rico,1499.88,W,21,11,Campeonato Panamericano Sub-12 | U-12 Pan American Championship - 2023,2.0,0.5858
2023-05-19 10:00:00,119632,Puerto Rico,9,1499.88,1498.64,-1.24,Venezuela,1590.19,L,11,21,Campeonato Panamericano Sub-12 | U-12 Pan American Championship - 2023,2.0,0.4142
2023-05-19 15:00:00,119631,United States of America,2,1717.88,1718.32,0.45,Brazil,1262.69,W,16,1,Campeonato Panamericano Sub-12 | U-12 Pan American Championship - 2023,2.0,0.8516
2023-05-19 15:00:00,119631,Brazil,19,1262.69,1262.24,-0.45,United States of America,1717.88,L,1,16,Campeonato Panamericano Sub-12 | U-12 Pan American Championship - 2023,2.0,0.1484
2023-05-19 15:00:00,119633,Mexico,3,1658.71,1659.39,0.68,Panama,1465.63,W,5,4,Campeonato Panamericano Sub-12 | U-12 Pan American Championship - 2023,2.0,0.6772
2023-05-19 15:00:00,119633,Panama,11,1465.63,1464.96,-0.68,Mexico,1658.71,L,4,5,Campeonato Panamericano Sub-12 | U-12 Pan American Championship - 2023,2.0,0.3228
2023-05-20 10:00:00,119634,Puerto Rico,9,1498.64,1497.56,-1.08,Dominican Republic,1482.67,L,4,5,Campeonato Panamericano Sub-12 | U-12 Pan American Championship - 2023,2.0,0.5153
2023-05-20 10:00:00,119634,Dominican Republic,10,1482.67,1483.76,1.08,Puerto Rico,1498.64,W,5,4,Campeonato Panamericano Sub-12 | U-12 Pan American Championship - 2023,2.0,0.4847
2023-05-20 10:00:00,119635,Cuba,7,1540.49,1539.29,-1.2,Panama,1464.96,L,11,12,Campeonato Panamericano Sub-12 | U-12 Pan American Championship - 2023,2.0,0.572
2023-05-20 10:00:00,119635,Panama,11,1464.96,1466.16,1.2,Cuba,1540.49,W,12,11,Campeonato Panamericano Sub-12 | U-12 Pan American Championship - 2023,2.0,0.428
2023-05-20 15:00:00,119636,Brazil,19,1262.24,1261.71,-0.54,Mexico,1659.39,L,4,19,Campeonato Panamericano Sub-12 | U-12 Pan American Championship - 2023,2.0,0.1789
2023-05-20 15:00:00,119636,Mexico,3,1659.39,1659.92,0.54,Brazil,1262.24,W,19,4,Campeonato Panamericano Sub-12 | U-12 Pan American Championship - 2023,2.0,0.8211
2023-05-20 15:00:00,119637,United States of America,2,1718.32,1719.12,0.8,Venezuela,1591.43,W,25,24,Campeonato Panamericano Sub-12 | U-12 Pan American Championship - 2023,2.0,0.6194
2023-05-20 15:00:00,119637,Venezuela,4,1591.43,1590.63,-0.8,United States of America,1718.32,L,24,25,Campeonato Panamericano Sub-12 | U-12 Pan American Championship - 2023,2.0,0.3806
2023-05-21 10:00:00,119641,Puerto Rico,9,1497.56,1498.42,0.86,Brazil,1261.71,W,12,1,Campeonato Panamericano Sub-12 | U-12 Pan American Championship - 2023,2.0,0.712
2023-05-21 10:00:00,119641,Brazil,19,1261.71,1260.84,-0.86,Puerto Rico,1497.56,L,1,12,Campeonato Panamericano Sub-12 | U-12 Pan American Championship - 2023,2.0,0.288
2023-05-21 10:00:00,119638,Panama,11,1466.16,1467.71,1.55,Dominican Republic,1483.76,W,14,3,Campeonato Panamericano Sub-12 | U-12 Pan American Championship - 2023,2.0,0.4831
2023-05-21 10:00:00,119638,Dominican Republic,10,1483.76,1482.21,-1.55,Panama,1466.16,L,3,14,Campeonato Panamericano Sub-12 | U-12 Pan American Championship - 2023,2.0,0.5169
2023-05-21 15:00:00,119639,Cuba,7,1539.29,1538.29,-1.0,United States of America,1719.12,L,4,14,Campeonato Panamericano Sub-12 | U-12 Pan American Championship - 2023,2.0,0.334
2023-05-21 15:00:00,119639,United States of America,2,1719.12,1720.12,1.0,Cuba,1539.29,W,14,4,Campeonato Panamericano Sub-12 | U-12 Pan American Championship - 2023,2.0,0.666
2023-05-21 15:00:00,119640,Mexico,3,1659.92,1661.1,1.17,Venezuela,1590.63,W,15,8,Campeonato Panamericano Sub-12 | U-12 Pan American Championship - 2023,2.0,0.5661
2023-05-21 15:00:00,119640,Venezuela,4,1590.63,1589.46,-1.17,Mexico,1659.92,L,8,15,Campeonato Panamericano Sub-12 | U-12 Pan American Championship - 2023,2.0,0.4339
2023-05-22 10:00:00,120180,Dominican Republic,10,1482.21,1483.1,0.9,Brazil,1260.84,W,24,2,Campeonato Panamericano Sub-12 | U-12 Pan American Championship - 2023,2.0,0.7005
2023-05-22 10:00:00,120180,Brazil,20,1260.84,1259.94,-0.9,Dominican Republic,1482.21,L,2,24,Campeonato Panamericano Sub-12 | U-12 Pan American Championship - 2023,2.0,0.2995
2023-05-22 10:00:00,120181,Venezuela,4,1589.46,1590.58,1.12,Panama,1467.71,W,20,11,Campeonato Panamericano Sub-12 | U-12 Pan American Championship - 2023,2.0,0.6147
2023-05-22 10:00:00,120181,Panama,11,1467.71,1466.59,-1.12,Venezuela,1589.46,L,11,20,Campeonato Panamericano Sub-12 | U-12 Pan American Championship - 2023,2.0,0.3853
2023-05-22 15:00:00,120183,Cuba,7,1538.29,1536.89,-1.4,Puerto Rico,1498.42,L,21,27,Campeonato Panamericano Sub-12 | U-12 Pan American Championship - 2023,2.0,0.5382
2023-05-22 15:00:00,120183,Puerto Rico,9,1498.42,1499.82,1.4,Cuba,1538.29,W,27,21,Campeonato Panamericano Sub-12 | U-12 Pan American Championship - 2023,2.0,0.4618
2023-05-23 10:00:00,120184,Venezuela,4,1590.58,1591.46,0.88,Dominican Republic,1483.1,W,12,10,Campeonato Panamericano Sub-12 | U-12 Pan American Championship - 2023,2.0,0.6017
2023-05-23 10:00:00,120184,Dominican Republic,10,1483.1,1482.23,-0.88,Venezuela,1590.58,L,10,12,Campeonato Panamericano Sub-12 | U-12 Pan American Championship - 2023,2.0,0.3983
2023-05-23 10:00:00,120185,Cuba,7,1536.89,1537.61,0.72,Brazil,1259.94,W,8,0,Campeonato Panamericano Sub-12 | U-12 Pan American Championship - 2023,2.0,0.7432
2023-05-23 10:00:00,120185,Brazil,20,1259.94,1259.22,-0.72,Cuba,1536.89,L,0,8,Campeonato Panamericano Sub-12 | U-12 Pan American Championship - 2023,2.0,0.2568
2023-05-23 15:00:00,120186,Panama,11,1466.59,1465.77,-0.82,United States of America,1720.12,L,8,18,Campeonato Panamericano Sub-12 | U-12 Pan American Championship - 2023,2.0,0.2743
2023-05-23 15:00:00,120186,United States of America,2,1720.12,1720.95,0.82,Panama,1466.59,W,18,8,Campeonato Panamericano Sub-12 | U-12 Pan American Championship - 2023,2.0,0.7257
2023-05-23 15:00:00,120187,Mexico,3,1661.1,1661.87,0.77,Puerto Rico,1499.82,W,8,6,Campeonato Panamericano Sub-12 | U-12 Pan American Championship - 2023,2.0,0.65
2023-05-23 15:00:00,120187,Puerto Rico,9,1499.82,1499.05,-0.77,Mexico,1661.1,L,6,8,Campeonato Panamericano Sub-12 | U-12 Pan American Championship - 2023,2.0,0.35
2023-05-24 10:00:00,120188,United States of America,2,1720.95,1721.8,0.86,Dominican Republic,1482.23,W,19,9,Campeonato Panamericano Sub-12 | U-12 Pan American Championship - 2023,2.0,0.7143
2023-05-24 10:00:00,120188,Dominican Republic,10,1482.23,1481.37,-0.86,United States of America,1720.95,L,9,19,Campeonato Panamericano Sub-12 | U-12 Pan American Championship - 2023,2.0,0.2857
2023-05-24 10:00:00,120189,Brazil,20,1259.22,1258.57,-0.66,Venezuela,1591.46,L,5,35,Campeonato Panamericano Sub-12 | U-12 Pan American Championship - 2023,2.0,0.2184
2023-05-24 10:00:00,120189,Venezuela,4,1591.46,1592.11,0.66,Brazil,1259.22,W,35,5,Campeonato Panamericano Sub-12 | U-12 Pan American Championship - 2023,2.0,0.7816
2023-05-24 15:00:00,120190,Mexico,3,1661.87,1663.01,1.15,Cuba,1537.61,W,13,3,Campeonato Panamericano Sub-12 | U-12 Pan American Championship - 2023,2.0,0.617
2023-05-24 15:00:00,120190,Cuba,7,1537.61,1536.46,-1.15,Mexico,1661.87,L,3,13,Campeonato Panamericano Sub-12 | U-12 Pan American Championship - 2023,2.0,0.383
2023-05-24 15:00:00,120191,Panama,11,1465.77,1466.88,1.12,Puerto Rico,1499.05,W,9,8,Campeonato Panamericano Sub-12 | U-12 Pan American Championship - 2023,2.0,0.4681
2023-05-24 15:00:00,120191,Puerto Rico,9,1499.05,1497.93,-1.12,Panama,1465.77,L,8,9,Campeonato Panamericano Sub-12 | U-12 Pan American Championship - 2023,2.0,0.5319
2023-05-25 10:00:00,120194,Puerto Rico,9,1497.93,1497.04,-0.89,United States of America,1721.8,L,5,20,Campeonato Panamericano Sub-12 | U-12 Pan American Championship - 2023,2.0,0.2975
2023-05-25 10:00:00,120194,United States of America,2,1721.8,1722.7,0.89,Puerto Rico,1497.93,W,20,5,Campeonato Panamericano Sub-12 | U-12 Pan American Championship - 2023,2.0,0.7025
2023-05-25 10:00:00,120195,Brazil,20,1258.57,1257.79,-0.78,Panama,1466.88,L,9,14,Campeonato Panamericano Sub-12 | U-12 Pan American Championship - 2023,2.0,0.3101
2023-05-25 10:00:00,120195,Panama,11,1466.88,1467.66,0.78,Brazil,1258.57,W,14,9,Campeonato Panamericano Sub-12 | U-12 Pan American Championship - 2023,2.0,0.6899
2023-05-25 15:00:00,120196,Dominican Republic,10,1481.37,1480.57,-0.8,Mexico,1663.01,L,11,15,Campeonato Panamericano Sub-12 | U-12 Pan American Championship - 2023,2.0,0.3325
2023-05-25 15:00:00,120196,Mexico,3,1663.01,1663.81,0.8,Dominican Republic,1481.37,W,15,11,Campeonato Panamericano Sub-12 | U-12 Pan American Championship - 2023,2.0,0.6675
2023-05-25 15:00:00,120197,Venezuela,4,1592.11,1593.14,1.03,Cuba,1536.46,W,16,13,Campeonato Panamericano Sub-12 | U-12 Pan American Championship - 2023,2.0,0.5532
2023-05-25 15:00:00,120197,Cuba,7,1536.46,1535.43,-1.03,Venezuela,1592.11,L,13,16,Campeonato Panamericano Sub-12 | U-12 Pan American Championship - 2023,2.0,0.4468
2023-05-26 14:00:00,120182,United States of America,2,1722.7,1724.03,1.33,Mexico,1663.81,W,10,0,Campeonato Panamericano Sub-12 | U-12 Pan American Championship - 2023,2.0,0.5563
2023-05-26 14:00:00,120182,Mexico,3,1663.81,1662.48,-1.33,United States of America,1722.7,L,0,10,Campeonato Panamericano Sub-12 | U-12 Pan American Championship - 2023,2.0,0.4437
2023-05-27 10:00:00,120198,Dominican Republic,10,1480.57,1481.47,0.9,Brazil,1257.79,W,15,0,Campeonato Panamericano Sub-12 | U-12 Pan American Championship - 2023,2.0,0.7016
2023-05-27 10:00:00,120198,Brazil,20,1257.79,1256.9,-0.9,Dominican Republic,1480.57,L,0,15,Campeonato Panamericano Sub-12 | U-12 Pan American Championship - 2023,2.0,0.2984
2023-05-27 10:00:00,120201,United States of America,2,1724.03,1724.84,0.82,Panama,1467.66,W,13,0,Campeonato Panamericano Sub-12 | U-12 Pan American Championship - 2023,2.0,0.7279
2023-05-27 10:00:00,120201,Panama,11,1467.66,1466.84,-0.82,United States of America,1724.03,L,0,13,Campeonato Panamericano Sub-12 | U-12 Pan American Championship - 2023,2.0,0.2721
2023-05-27 15:00:00,120199,Puerto Rico,9,1497.04,1498.55,1.5,Cuba,1535.43,W,11,3,Campeonato Panamericano Sub-12 | U-12 Pan American Championship - 2023,2.0,0.4632
2023-05-27 15:00:00,120199,Cuba,7,1535.43,1533.93,-1.5,Puerto Rico,1497.04,L,3,11,Campeonato Panamericano Sub-12 | U-12 Pan American Championship - 2023,2.0,0.5368
2023-05-27 15:00:00,120200,Mexico,3,1662.48,1660.78,-1.7,Venezuela,1593.14,L,4,17,Campeonato Panamericano Sub-12 | U-12 Pan American Championship - 2023,2.0,0.5661
2023-05-27 15:00:00,120200,Venezuela,4,1593.14,1594.84,1.7,Mexico,1662.48,W,17,4,Campeonato Panamericano Sub-12 | U-12 Pan American Championship - 2023,2.0,0.4339
2023-05-28 09:00:00,120193,Mexico,3,1660.78,1661.75,0.97,Panama,1466.84,W,21,5,Campeonato Panamericano Sub-12 | U-12 Pan American Championship - 2023,2.0,0.6779
2023-05-28 09:00:00,120193,Panama,11,1466.84,1465.88,-0.97,Mexico,1660.78,L,5,21,Campeonato Panamericano Sub-12 | U-12 Pan American Championship - 2023,2.0,0.3221
2023-05-28 14:00:00,120192,United States of America,2,1724.84,1725.64,0.79,Venezuela,1594.84,W,29,28,Campeonato Panamericano Sub-12 | U-12 Pan American Championship - 2023,2.0,0.6222
2023-05-28 14:00:00,120192,Venezuela,4,1594.84,1594.04,-0.79,United States of America,1724.84,L,28,29,Campeonato Panamericano Sub-12 | U-12 Pan American Championship - 2023,2.0,0.3778
2023-06-16 11:00:00,121304,Panama,11,1465.88,1454.58,-11.3,Canada,1426.09,L,5,6,Qualifier Tournament for the XIX Pan American Games - Torneo Clasificatorio para los XIX Juegos Panamericanos Group B 2023,20.0,0.5381
2023-06-16 11:00:00,121304,Canada,13,1426.09,1437.39,11.3,Panama,1465.88,W,6,5,Qualifier Tournament for the XIX Pan American Games - Torneo Clasificatorio para los XIX Juegos Panamericanos Group B 2023,20.0,0.4619
2023-06-16 15:00:00,121340,Argentina,24,1186.88,1193.8,6.92,Peru,909.44,W,11,4,Qualifier Tournament for the XIX Pan American Games - Torneo Clasificatorio para los XIX Juegos Panamericanos Group B 2023,20.0,0.7436
2023-06-16 15:00:00,121340,Peru,44,909.44,902.52,-6.92,Argentina,1186.88,L,4,11,Qualifier Tournament for the XIX Pan American Games - Torneo Clasificatorio para los XIX Juegos Panamericanos Group B 2023,20.0,0.2564
2023-06-17 11:00:00,121341,Honduras,50,849.31,838.54,-10.78,Peru,902.52,L,0,4,Qualifier Tournament for the XIX Pan American Games - Torneo Clasificatorio para los XIX Juegos Panamericanos Group B 2023,20.0,0.4491
2023-06-17 11:00:00,121341,Peru,45,902.52,913.29,10.78,Honduras,849.31,W,4,0,Qualifier Tournament for the XIX Pan American Games - Torneo Clasificatorio para los XIX Juegos Panamericanos Group B 2023,20.0,0.5509
2023-06-17 15:00:00,121342,Canada,13,1437.39,1419.44,-17.95,Argentina,1193.8,L,3,8,Qualifier Tournament for the XIX Pan American Games - Torneo Clasificatorio para los XIX Juegos Panamericanos Group B 2023,20.0,0.7181
2023-06-17 15:00:00,121342,Argentina,24,1193.8,1211.75,17.95,Canada,1437.39,W,8,3,Qualifier Tournament for the XIX Pan American Games - Torneo Clasificatorio para los XIX Juegos Panamericanos Group B 2023,20.0,0.2819
2023-06-18 11:00:00,121343,Peru,43,913.29,910.07,-3.23,Panama,1454.58,L,0,9,Qualifier Tournament for the XIX Pan American Games - Torneo Clasificatorio para los XIX Juegos Panamericanos Group B 2023,20.0,0.1113
2023-06-18 11:00:00,121343,Panama,11,1454.58,1457.81,3.23,Peru,913.29,W,9,0,Qualifier Tournament for the XIX Pan American Games - Torneo Clasificatorio para los XIX Juegos Panamericanos Group B 2023,20.0,0.8887
2023-06-18 15:00:00,121344,Argentina,24,1211.75,1215.99,4.24,Honduras,838.54,W,4,2,Qualifier Tournament for the XIX Pan American Games - Torneo Clasificatorio para los XIX Juegos Panamericanos Group B 2023,20.0,0.8073
2023-06-18 15:00:00,121344,Honduras,51,838.54,834.3,-4.24,Argentina,1211.75,L,2,4,Qualifier Tournament for the XIX Pan American Games - Torneo Clasificatorio para los XIX Juegos Panamericanos Group B 2023,20.0,0.1927
2023-06-19 11:00:00,121345,Peru,44,910.07,906.35,-3.72,Canada,1419.44,L,1,11,Qualifier Tournament for the XIX Pan American Games - Torneo Clasificatorio para los XIX Juegos Panamericanos Group B 2023,20.0,0.124
2023-06-19 11:00:00,121345,Canada,13,1419.44,1423.16,3.72,Peru,910.07,W,11,1,Qualifier Tournament for the XIX Pan American Games - Torneo Clasificatorio para los XIX Juegos Panamericanos Group B 2023,20.0,0.876
2023-06-19 15:00:00,121346,Honduras,51,834.3,832.29,-2.01,Panama,1457.81,L,0,4,Qualifier Tournament for the XIX Pan American Games - Torneo Clasificatorio para los XIX Juegos Panamericanos Group B 2023,20.0,0.0837
2023-06-19 15:00:00,121346,Panama,11,1457.81,1459.82,2.01,Honduras,834.3,W,4,0,Qualifier Tournament for the XIX Pan American Games - Torneo Clasificatorio para los XIX Juegos Panamericanos Group B 2023,20.0,0.9163
2023-06-20 11:00:00,121347,Canada,13,1423.16,1425.98,2.82,Honduras,832.29,W,10,0,Qualifier Tournament for the XIX Pan American Games - Torneo Clasificatorio para los XIX Juegos Panamericanos Group B 2023,20.0,0.9062
2023-06-20 11:00:00,121347,Honduras,51,832.29,829.47,-2.82,Canada,1423.16,L,0,10,Qualifier Tournament for the XIX Pan American Games - Torneo Clasificatorio para los XIX Juegos Panamericanos Group B 2023,20.0,0.0938
2023-06-20 15:00:00,121348,Panama,11,1459.82,1466.86,7.04,Argentina,1215.99,W,7,2,Qualifier Tournament for the XIX Pan American Games - Torneo Clasificatorio para los XIX Juegos Panamericanos Group B 2023,20.0,0.7182
2023-06-20 15:00:00,121348,Argentina,23,1215.99,1208.95,-7.04,Panama,1459.82,L,2,7,Qualifier Tournament for the XIX Pan American Games - Torneo Clasificatorio para los XIX Juegos Panamericanos Group B 2023,20.0,0.2818
2023-06-21 11:00:00,121349,Panama,11,1466.86,1473.9,7.04,Argentina,1208.95,W,9,3,Qualifier Tournament for the XIX Pan American Games - Torneo Clasificatorio para los XIX Juegos Panamericanos Group B 2023,20.0,0.729
2023-06-21 11:00:00,121349,Argentina,24,1208.95,1201.9,-7.04,Panama,1466.86,L,3,9,Qualifier Tournament for the XIX Pan American Games - Torneo Clasificatorio para los XIX Juegos Panamericanos Group B 2023,20.0,0.271
2023-06-24 09:30:00,121468,Cuba,7,1533.93,1536.33,2.4,Mexico,1661.75,D,0,0,Qualifier Tournament for the XIX Pan American Games - Torneo Clasificatorio para los XIX Juegos Panamericanos Group A 2023,20.0,0.3798
2023-06-24 09:30:00,121468,Mexico,3,1661.75,1659.34,-2.4,Cuba,1533.93,D,0,0,Qualifier Tournament for the XIX Pan American Games - Torneo Clasificatorio para los XIX Juegos Panamericanos Group A 2023,20.0,0.6202
2023-06-24 09:30:00,121849,Cuba,7,1536.33,1527.11,-9.22,Mexico,1659.34,L,0,4,XXIV Central American and Caribbean Games - Men's Baseball 2023,20.0,0.3841
2023-06-24 09:30:00,121849,Mexico,3,1659.34,1668.56,9.22,Cuba,1536.33,W,4,0,XXIV Central American and Caribbean Games - Men's Baseball 2023,20.0,0.6159
2023-06-24 13:00:00,121469,Venezuela,4,1594.04,1592.23,-1.81,Puerto Rico,1498.55,D,0,0,Qualifier Tournament for the XIX Pan American Games - Torneo Clasificatorio para los XIX Juegos Panamericanos Group A 2023,20.0,0.5906
2023-06-24 13:00:00,121469,Puerto Rico,9,1498.55,1500.36,1.81,Venezuela,1594.04,D,0,0,Qualifier Tournament for the XIX Pan American Games - Torneo Clasificatorio para los XIX Juegos Panamericanos Group A 2023,20.0,0.4094
2023-06-24 13:00:00,121850,Venezuela,4,1592.23,1600.9,8.67,Puerto Rico,1500.36,W,4,3,XXIV Central American and Caribbean Games - Men's Baseball 2023,20.0,0.5872
2023-06-24 13:00:00,121850,Puerto Rico,9,1500.36,1491.69,-8.67,Venezuela,1592.23,L,3,4,XXIV Central American and Caribbean Games - Men's Baseball 2023,20.0,0.4128
2023-06-24 16:30:00,121470,Nicaragua,21,1222.47,1227.07,4.6,Dominican Republic,1481.47,D,0,0,Qualifier Tournament for the XIX Pan American Games - Torneo Clasificatorio para los XIX Juegos Panamericanos Group A 2023,20.0,0.2701
2023-06-24 16:30:00,121470,Dominican Republic,10,1481.47,1476.87,-4.6,Nicaragua,1222.47,D,0,0,Qualifier Tournament for the XIX Pan American Games - Torneo Clasificatorio para los XIX Juegos Panamericanos Group A 2023,20.0,0.7299
2023-06-24 16:30:00,121851,Nicaragua,21,1227.07,1221.25,-5.82,Dominican Republic,1476.87,L,5,6,XXIV Central American and Caribbean Games - Men's Baseball 2023,20.0,0.2771
2023-06-24 16:30:00,121851,Dominican Republic,10,1476.87,1482.69,5.82,Nicaragua,1227.07,W,6,5,XXIV Central American and Caribbean Games - Men's Baseball 2023,20.0,0.7229
2023-06-24 20:00:00,121471,El Salvador,91,776.06,778.53,2.47,Curaçao,907.52,D,0,0,Qualifier Tournament for the XIX Pan American Games - Torneo Clasificatorio para los XIX Juegos Panamericanos Group A 2023,20.0,0.3765
2023-06-24 20:00:00,121471,Curaçao,44,907.52,905.05,-2.47,El Salvador,776.06,D,0,0,Qualifier Tournament for the XIX Pan American Games - Torneo Clasificatorio para los XIX Juegos Panamericanos Group A 2023,20.0,0.6235
2023-06-24 20:00:00,121852,El Salvador,89,778.53,767.86,-10.67,Curaçao,905.05,L,4,12,XXIV Central American and Caribbean Games - Men's Baseball 2023,20.0,0.3809
2023-06-24 20:00:00,121852,Curaçao,45,905.05,915.72,10.67,El Salvador,778.53,W,12,4,XXIV Central American and Caribbean Games - Men's Baseball 2023,20.0,0.6191
2023-06-25 09:30:00,121800,Dominican Republic,10,1482.69,1484.92,2.23,Venezuela,1600.9,D,0,0,Qualifier Tournament for the XIX Pan American Games - Torneo Clasificatorio para los XIX Juegos Panamericanos Group A 2023,20.0,0.3885
2023-06-25 09:30:00,121800,Venezuela,4,1600.9,1598.67,-2.23,Dominican Republic,1482.69,D,0,0,Qualifier Tournament for the XIX Pan American Games - Torneo Clasificatorio para los XIX Juegos Panamericanos Group A 2023,20.0,0.6115
2023-06-25 09:30:00,121853,Dominican Republic,10,1484.92,1475.89,-9.03,Venezuela,1598.67,L,2,5,XXIV Central American and Caribbean Games - Men's Baseball 2023,20.0,0.3926
2023-06-25 09:30:00,121853,Venezuela,4,1598.67,1607.7,9.03,Dominican Republic,1484.92,W,5,2,XXIV Central American and Caribbean Games - Men's Baseball 2023,20.0,0.6074
2023-06-25 13:00:00,121801,Curaçao,43,915.72,923.97,8.25,Cuba,1527.11,D,0,0,Qualifier Tournament for the XIX Pan American Games - Torneo Clasificatorio para los XIX Juegos Panamericanos Group A 2023,20.0,0.0874
2023-06-25 13:00:00,121801,Cuba,7,1527.11,1518.86,-8.25,Curaçao,915.72,D,0,0,Qualifier Tournament for the XIX Pan American Games - Torneo Clasificatorio para los XIX Juegos Panamericanos Group A 2023,20.0,0.9126
2023-06-25 13:00:00,121854,Curaçao,42,923.97,921.94,-2.04,Cuba,1518.86,L,2,4,XXIV Central American and Caribbean Games - Men's Baseball 2023,20.0,0.0925
2023-06-25 13:00:00,121854,Cuba,7,1518.86,1520.9,2.04,Curaçao,923.97,W,4,2,XXIV Central American and Caribbean Games - Men's Baseball 2023,20.0,0.9075
2023-06-25 16:30:00,121803,Puerto Rico,9,1491.69,1486.92,-4.77,Nicaragua,1221.25,D,0,0,Qualifier Tournament for the XIX Pan American Games - Torneo Clasificatorio para los XIX Juegos Panamericanos Group A 2023,20.0,0.7384
2023-06-25 16:30:00,121803,Nicaragua,21,1221.25,1226.01,4.77,Puerto Rico,1491.69,D,0,0,Qualifier Tournament for the XIX Pan American Games - Torneo Clasificatorio para los XIX Juegos Panamericanos Group A 2023,20.0,0.2616
2023-06-25 16:30:00,121855,Puerto Rico,9,1486.92,1470.83,-16.09,Nicaragua,1226.01,L,1,3,XXIV Central American and Caribbean Games - Men's Baseball 2023,20.0,0.7313
2023-06-25 16:30:00,121855,Nicaragua,21,1226.01,1242.1,16.09,Puerto Rico,1486.92,W,3,1,XXIV Central American and Caribbean Games - Men's Baseball 2023,20.0,0.2687
2023-06-25 20:00:00,121804,Mexico,3,1668.56,1659.18,-9.39,El Salvador,767.86,D,0,0,Qualifier Tournament for the XIX Pan American Games - Torneo Clasificatorio para los XIX Juegos Panamericanos Group A 2023,20.0,0.9694
2023-06-25 20:00:00,121804,El Salvador,91,767.86,777.25,9.39,Mexico,1668.56,D,0,0,Qualifier Tournament for the XIX Pan American Games - Torneo Clasificatorio para los XIX Juegos Panamericanos Group A 2023,20.0,0.0306
2023-06-25 20:00:00,121856,Mexico,3,1659.18,1659.96,0.79,El Salvador,777.25,W,4,0,XXIV Central American and Caribbean Games - Men's Baseball 2023,20.0,0.9672
2023-06-25 20:00:00,121856,El Salvador,90,777.25,776.46,-0.79,Mexico,1659.18,L,0,4,XXIV Central American and Caribbean Games - Men's Baseball 2023,20.0,0.0328
2023-06-26 09:30:00,121805,Dominican Republic,9,1475.89,1475.79,-0.1,Puerto Rico,1470.83,D,0,0,Qualifier Tournament for the XIX Pan American Games - Torneo Clasificatorio para los XIX Juegos Panamericanos Group A 2023,20.0,0.5049
2023-06-26 09:30:00,121805,Puerto Rico,11,1470.83,1470.93,0.1,Dominican Republic,1475.89,D,0,0,Qualifier Tournament for the XIX Pan American Games - Torneo Clasificatorio para los XIX Juegos Panamericanos Group A 2023,20.0,0.4951
2023-06-26 09:30:00,121857,Dominican Republic,9,1475.79,1475.7,-0.09,Puerto Rico,1470.93,D,0,0,XXIV Central American and Caribbean Games - Men's Baseball 2023,20.0,0.5047
2023-06-26 09:30:00,121857,Puerto Rico,11,1470.93,1471.02,0.09,Dominican Republic,1475.79,D,0,0,XXIV Central American and Caribbean Games - Men's Baseball 2023,20.0,0.4953
2023-06-26 13:00:00,121807,Curaçao,43,921.94,930.82,8.89,Mexico,1659.96,D,0,0,Qualifier Tournament for the XIX Pan American Games - Torneo Clasificatorio para los XIX Juegos Panamericanos Group A 2023,20.0,0.0556
2023-06-26 13:00:00,121807,Mexico,3,1659.96,1651.07,-8.89,Curaçao,921.94,D,0,0,Qualifier Tournament for the XIX Pan American Games - Torneo Clasificatorio para los XIX Juegos Panamericanos Group A 2023,20.0,0.9444
2023-06-26 13:00:00,121858,Curaçao,41,930.82,939.64,8.81,Mexico,1651.07,D,0,0,XXIV Central American and Caribbean Games - Men's Baseball 2023,20.0,0.0593
2023-06-26 13:00:00,121858,Mexico,3,1651.07,1642.26,-8.81,Curaçao,930.82,D,0,0,XXIV Central American and Caribbean Games - Men's Baseball 2023,20.0,0.9407
2023-06-26 16:30:00,121806,Cuba,7,1520.9,1522.55,1.65,Venezuela,1607.7,D,0,0,Qualifier Tournament for the XIX Pan American Games - Torneo Clasificatorio para los XIX Juegos Panamericanos Group A 2023,20.0,0.4175
2023-06-26 16:30:00,121806,Venezuela,4,1607.7,1606.05,-1.65,Cuba,1520.9,D,0,0,Qualifier Tournament for the XIX Pan American Games - Torneo Clasificatorio para los XIX Juegos Panamericanos Group A 2023,20.0,0.5825
2023-06-26 20:00:00,121808,El Salvador,91,776.46,783.59,7.13,Nicaragua,1242.1,D,0,0,Qualifier Tournament for the XIX Pan American Games - Torneo Clasificatorio para los XIX Juegos Panamericanos Group A 2023,20.0,0.1434
2023-06-26 20:00:00,121808,Nicaragua,21,1242.1,1234.97,-7.13,El Salvador,776.46,D,0,0,Qualifier Tournament for the XIX Pan American Games - Torneo Clasificatorio para los XIX Juegos Panamericanos Group A 2023,20.0,0.8566
2023-06-26 20:00:00,121860,El Salvador,88,783.59,790.59,6.99,Nicaragua,1234.97,D,0,0,XXIV Central American and Caribbean Games - Men's Baseball 2023,20.0,0.1503
2023-06-26 20:00:00,121860,Nicaragua,21,1234.97,1227.98,-6.99,El Salvador,783.59,D,0,0,XXIV Central American and Caribbean Games - Men's Baseball 2023,20.0,0.8497
2023-06-27 09:30:00,121809,Venezuela,4,1606.05,1597.49,-8.56,Curaçao,939.64,D,0,0,Qualifier Tournament for the XIX Pan American Games - Torneo Clasificatorio para los XIX Juegos Panamericanos Group A 2023,20.0,0.9281
2023-06-27 09:30:00,121809,Curaçao,41,939.64,948.2,8.56,Venezuela,1606.05,D,0,0,Qualifier Tournament for the XIX Pan American Games - Torneo Clasificatorio para los XIX Juegos Panamericanos Group A 2023,20.0,0.0719
2023-06-27 13:00:00,121810,Nicaragua,21,1227.98,1234.59,6.61,Mexico,1642.26,D,0,0,Qualifier Tournament for the XIX Pan American Games - Torneo Clasificatorio para los XIX Juegos Panamericanos Group A 2023,20.0,0.1694
2023-06-27 13:00:00,121810,Mexico,3,1642.26,1635.65,-6.61,Nicaragua,1227.98,D,0,0,Qualifier Tournament for the XIX Pan American Games - Torneo Clasificatorio para los XIX Juegos Panamericanos Group A 2023,20.0,0.8306
2023-06-27 14:30:00,121861,Venezuela,4,1597.49,1578.09,-19.39,Curaçao,948.2,L,3,4,XXIV Central American and Caribbean Games - Men's Baseball 2023,20.0,0.9236
2023-06-27 14:30:00,121861,Curaçao,41,948.2,967.59,19.39,Venezuela,1597.49,W,4,3,XXIV Central American and Caribbean Games - Men's Baseball 2023,20.0,0.0764
2023-06-27 16:30:00,121811,Puerto Rico,11,1471.02,1472.01,0.99,Cuba,1522.55,D,0,0,Qualifier Tournament for the XIX Pan American Games - Torneo Clasificatorio para los XIX Juegos Panamericanos Group A 2023,20.0,0.4507
2023-06-27 16:30:00,121811,Cuba,7,1522.55,1521.56,-0.99,Puerto Rico,1471.02,D,0,0,Qualifier Tournament for the XIX Pan American Games - Torneo Clasificatorio para los XIX Juegos Panamericanos Group A 2023,20.0,0.5493
2023-06-27 17:30:00,121862,Mexico,3,1635.65,1640.42,4.77,Nicaragua,1234.59,W,7,0,XXIV Central American and Caribbean Games - Men's Baseball 2023,20.0,0.8233
2023-06-27 17:30:00,121862,Nicaragua,21,1234.59,1229.82,-4.77,Mexico,1635.65,L,0,7,XXIV Central American and Caribbean Games - Men's Baseball 2023,20.0,0.1767
2023-06-27 20:00:00,121812,Dominican Republic,9,1475.7,1467.05,-8.65,El Salvador,790.59,D,0,0,Qualifier Tournament for the XIX Pan American Games - Torneo Clasificatorio para los XIX Juegos Panamericanos Group A 2023,20.0,0.9327
2023-06-27 20:00:00,121812,El Salvador,85,790.59,799.24,8.65,Dominican Republic,1475.7,D,0,0,Qualifier Tournament for the XIX Pan American Games - Torneo Clasificatorio para los XIX Juegos Panamericanos Group A 2023,20.0,0.0673
2023-06-27 20:30:00,121863,Puerto Rico,10,1472.01,1483.5,11.5,Cuba,1521.56,W,5,4,XXIV Central American and Caribbean Games - Men's Baseball 2023,20.0,0.4526
2023-06-27 20:30:00,121863,Cuba,7,1521.56,1510.07,-11.5,Puerto Rico,1472.01,L,4,5,XXIV Central American and Caribbean Games - Men's Baseball 2023,20.0,0.5474
2023-06-28 09:30:00,121815,Curaçao,41,967.59,975.17,7.57,Puerto Rico,1483.5,D,0,0,Qualifier Tournament for the XIX Pan American Games - Torneo Clasificatorio para los XIX Juegos Panamericanos Group A 2023,20.0,0.1213
2023-06-28 09:30:00,121815,Puerto Rico,9,1483.5,1475.93,-7.57,Curaçao,967.59,D,0,0,Qualifier Tournament for the XIX Pan American Games - Torneo Clasificatorio para los XIX Juegos Panamericanos Group A 2023,20.0,0.8787
2023-06-28 11:00:00,121865,Curaçao,41,975.17,993.49,18.32,Puerto Rico,1475.93,W,3,2,XXIV Central American and Caribbean Games - Men's Baseball 2023,20.0,0.1277
2023-06-28 11:00:00,121865,Puerto Rico,9,1475.93,1457.61,-18.32,Curaçao,975.17,L,2,3,XXIV Central American and Caribbean Games - Men's Baseball 2023,20.0,0.8723
2023-06-28 13:00:00,121816,Nicaragua,21,1229.82,1235.66,5.84,Venezuela,1578.09,D,0,0,Qualifier Tournament for the XIX Pan American Games - Torneo Clasificatorio para los XIX Juegos Panamericanos Group A 2023,20.0,0.2081
2023-06-28 13:00:00,121816,Venezuela,4,1578.09,1572.25,-5.84,Nicaragua,1229.82,D,0,0,Qualifier Tournament for the XIX Pan American Games - Torneo Clasificatorio para los XIX Juegos Panamericanos Group A 2023,20.0,0.7919
2023-06-28 14:10:00,121866,Nicaragua,21,1235.66,1230.7,-4.96,Venezuela,1572.25,L,1,4,XXIV Central American and Caribbean Games - Men's Baseball 2023,20.0,0.2156
2023-06-28 14:10:00,121866,Venezuela,4,1572.25,1577.21,4.96,Nicaragua,1235.66,W,4,1,XXIV Central American and Caribbean Games - Men's Baseball 2023,20.0,0.7844
2023-06-28 16:30:00,121817,Mexico,3,1640.42,1637.21,-3.21,Dominican Republic,1467.05,D,0,0,Qualifier Tournament for the XIX Pan American Games - Torneo Clasificatorio para los XIX Juegos Panamericanos Group A 2023,20.0,0.6605
2023-06-28 16:30:00,121817,Dominican Republic,10,1467.05,1470.26,3.21,Mexico,1640.42,D,0,0,Qualifier Tournament for the XIX Pan American Games - Torneo Clasificatorio para los XIX Juegos Panamericanos Group A 2023,20.0,0.3395
2023-06-28 17:10:00,121867,Mexico,3,1637.21,1621.49,-15.72,Dominican Republic,1470.26,L,2,6,XXIV Central American and Caribbean Games - Men's Baseball 2023,20.0,0.6549
2023-06-28 17:10:00,121867,Dominican Republic,10,1470.26,1485.97,15.72,Mexico,1637.21,W,6,2,XXIV Central American and Caribbean Games - Men's Baseball 2023,20.0,0.3451
2023-06-28 20:00:00,121818,El Salvador,79,799.24,808.01,8.77,Cuba,1510.07,D,0,0,Qualifier Tournament for the XIX Pan American Games - Torneo Clasificatorio para los XIX Juegos Panamericanos Group A 2023,20.0,0.0613
2023-06-28 20:00:00,121818,Cuba,7,1510.07,1501.29,-8.77,El Salvador,799.24,D,0,0,Qualifier Tournament for the XIX Pan American Games - Torneo Clasificatorio para los XIX Juegos Panamericanos Group A 2023,20.0,0.9387
2023-06-28 20:30:00,121864,Dominican Republic,9,1485.97,1487.63,1.66,El Salvador,808.01,W,6,2,XXIV Central American and Caribbean Games - Men's Baseball 2023,20.0,0.931
2023-06-28 20:30:00,121864,El Salvador,57,808.01,806.36,-1.66,Dominican Republic,1485.97,L,2,6,XXIV Central American and Caribbean Games - Men's Baseball 2023,20.0,0.069
2023-06-29 09:30:00,121819,Mexico,3,1621.49,1618.45,-3.04,Puerto Rico,1457.61,D,0,0,Qualifier Tournament for the XIX Pan American Games - Torneo Clasificatorio para los XIX Juegos Panamericanos Group A 2023,20.0,0.6522
2023-06-29 09:30:00,121819,Puerto Rico,11,1457.61,1460.66,3.04,Mexico,1621.49,D,0,0,Qualifier Tournament for the XIX Pan American Games - Torneo Clasificatorio para los XIX Juegos Panamericanos Group A 2023,20.0,0.3478
2023-06-29 10:00:00,121868,El Salvador,58,806.36,804.41,-1.95,Cuba,1501.29,L,0,15,XXIV Central American and Caribbean Games - Men's Baseball 2023,20.0,0.065
2023-06-29 10:00:00,121868,Cuba,7,1501.29,1503.24,1.95,El Salvador,806.36,W,15,0,XXIV Central American and Caribbean Games - Men's Baseball 2023,20.0,0.935
2023-06-29 13:00:00,121820,Cuba,7,1503.24,1502.94,-0.3,Dominican Republic,1487.63,D,0,0,Qualifier Tournament for the XIX Pan American Games - Torneo Clasificatorio para los XIX Juegos Panamericanos Group A 2023,20.0,0.515
2023-06-29 13:00:00,121820,Dominican Republic,9,1487.63,1487.93,0.3,Cuba,1503.24,D,0,0,Qualifier Tournament for the XIX Pan American Games - Torneo Clasificatorio para los XIX Juegos Panamericanos Group A 2023,20.0,0.485
2023-06-29 13:00:00,121870,Cuba,7,1502.94,1517.51,14.57,Dominican Republic,1487.93,W,12,0,XXIV Central American and Caribbean Games - Men's Baseball 2023,20.0,0.5144
2023-06-29 13:00:00,121870,Dominican Republic,9,1487.93,1473.36,-14.57,Cuba,1502.94,L,0,12,XXIV Central American and Caribbean Games - Men's Baseball 2023,20.0,0.4856
2023-06-29 15:05:00,121869,Mexico,3,1618.45,1625.86,7.41,Puerto Rico,1460.66,W,5,4,XXIV Central American and Caribbean Games - Men's Baseball 2023,20.0,0.6469
2023-06-29 15:05:00,121869,Puerto Rico,11,1460.66,1453.24,-7.41,Mexico,1618.45,L,4,5,XXIV Central American and Caribbean Games - Men's Baseball 2023,20.0,0.3531
2023-06-29 16:30:00,121821,Nicaragua,21,1230.7,1226.44,-4.26,Curaçao,993.49,D,0,0,Qualifier Tournament for the XIX Pan American Games - Torneo Clasificatorio para los XIX Juegos Panamericanos Group A 2023,20.0,0.7131
2023-06-29 16:30:00,121821,Curaçao,39,993.49,997.75,4.26,Nicaragua,1230.7,D,0,0,Qualifier Tournament for the XIX Pan American Games - Torneo Clasificatorio para los XIX Juegos Panamericanos Group A 2023,20.0,0.2869
2023-06-29 18:00:00,121871,Nicaragua,21,1226.44,1232.61,6.17,Curaçao,997.75,W,6,5,XXIV Central American and Caribbean Games - Men's Baseball 2023,20.0,0.7063
2023-06-29 18:00:00,121871,Curaçao,39,997.75,991.58,-6.17,Nicaragua,1226.44,L,5,6,XXIV Central American and Caribbean Games - Men's Baseball 2023,20.0,0.2937
2023-06-29 20:00:00,121822,Venezuela,4,1577.21,1568.19,-9.02,El Salvador,804.41,D,0,0,Qualifier Tournament for the XIX Pan American Games - Torneo Clasificatorio para los XIX Juegos Panamericanos Group A 2023,20.0,0.951
2023-06-29 20:00:00,121822,El Salvador,58,804.41,813.43,9.02,Venezuela,1577.21,D,0,0,Qualifier Tournament for the XIX Pan American Games - Torneo Clasificatorio para los XIX Juegos Panamericanos Group A 2023,20.0,0.049
2023-06-30 09:30:00,121823,Cuba,7,1517.51,1512.53,-4.98,Nicaragua,1232.61,D,0,0,Qualifier Tournament for the XIX Pan American Games - Torneo Clasificatorio para los XIX Juegos Panamericanos Group A 2023,20.0,0.749
2023-06-30 09:30:00,121823,Nicaragua,21,1232.61,1237.59,4.98,Cuba,1517.51,D,0,0,Qualifier Tournament for the XIX Pan American Games - Torneo Clasificatorio para los XIX Juegos Panamericanos Group A 2023,20.0,0.251
2023-06-30 09:30:00,121872,Venezuela,4,1568.19,1569.29,1.1,El Salvador,813.43,W,4,3,XXIV Central American and Caribbean Games - Men's Baseball 2023,20.0,0.9477
2023-06-30 09:30:00,121872,El Salvador,57,813.43,812.33,-1.1,Venezuela,1568.19,L,3,4,XXIV Central American and Caribbean Games - Men's Baseball 2023,20.0,0.0523
2023-06-30 12:00:00,121873,Cuba,7,1512.53,1519.24,6.71,Nicaragua,1237.59,W,8,2,XXIV Central American and Caribbean Games - Men's Baseball 2023,20.0,0.7418
2023-06-30 12:00:00,121873,Nicaragua,21,1237.59,1230.87,-6.71,Cuba,1512.53,L,2,8,XXIV Central American and Caribbean Games - Men's Baseball 2023,20.0,0.2582
2023-06-30 13:00:00,121824,Dominican Republic,10,1473.36,1466.08,-7.28,Curaçao,991.58,D,0,0,Qualifier Tournament for the XIX Pan American Games - Torneo Clasificatorio para los XIX Juegos Panamericanos Group A 2023,20.0,0.864
2023-06-30 13:00:00,121824,Curaçao,40,991.58,998.86,7.28,Dominican Republic,1473.36,D,0,0,Qualifier Tournament for the XIX Pan American Games - Torneo Clasificatorio para los XIX Juegos Panamericanos Group A 2023,20.0,0.136
2023-06-30 16:20:00,121881,Dominican Republic,10,1466.08,1470.36,4.28,Curaçao,998.86,W,10,0,XXIV Central American and Caribbean Games - Men's Baseball 2023,20.0,0.8573
2023-06-30 16:20:00,121881,Curaçao,39,998.86,994.58,-4.28,Dominican Republic,1466.08,L,0,10,XXIV Central American and Caribbean Games - Men's Baseball 2023,20.0,0.1427
2023-06-30 16:30:00,121826,Venezuela,4,1569.29,1570.37,1.08,Mexico,1625.86,D,0,0,Qualifier Tournament for the XIX Pan American Games - Torneo Clasificatorio para los XIX Juegos Panamericanos Group A 2023,20.0,0.4459
2023-06-30 16:30:00,121826,Mexico,3,1625.86,1624.78,-1.08,Venezuela,1569.29,D,0,0,Qualifier Tournament for the XIX Pan American Games - Torneo Clasificatorio para los XIX Juegos Panamericanos Group A 2023,20.0,0.5541
2023-06-30 17:00:00,121882,Venezuela,4,1570.37,1556.93,-13.44,Mexico,1624.78,L,1,11,XXIV Central American and Caribbean Games - Men's Baseball 2023,20.0,0.448
2023-06-30 17:00:00,121882,Mexico,3,1624.78,1638.22,13.44,Venezuela,1570.37,W,11,1,XXIV Central American and Caribbean Games - Men's Baseball 2023,20.0,0.552
2023-06-30 19:30:00,121883,Puerto Rico,11,1453.24,1444.82,-8.43,El Salvador,812.33,D,0,0,XXIV Central American and Caribbean Games - Men's Baseball 2023,20.0,0.9213
2023-06-30 19:30:00,121883,El Salvador,57,812.33,820.76,8.43,Puerto Rico,1453.24,D,0,0,XXIV Central American and Caribbean Games - Men's Baseball 2023,20.0,0.0787
2023-06-30 20:00:00,121825,Puerto Rico,11,1444.82,1436.49,-8.33,El Salvador,820.76,D,0,0,Qualifier Tournament for the XIX Pan American Games - Torneo Clasificatorio para los XIX Juegos Panamericanos Group A 2023,20.0,0.9164
2023-06-30 20:00:00,121825,El Salvador,56,820.76,829.08,8.33,Puerto Rico,1444.82,D,0,0,Qualifier Tournament for the XIX Pan American Games - Torneo Clasificatorio para los XIX Juegos Panamericanos Group A 2023,20.0,0.0836
2023-07-01 10:00:00,121859,Cuba,7,1519.24,1533.72,14.47,Venezuela,1556.93,W,11,4,XXIV Central American and Caribbean Games - Men's Baseball 2023,20.0,0.4639
2023-07-01 10:00:00,121859,Venezuela,4,1556.93,1542.46,-14.47,Cuba,1519.24,L,4,11,XXIV Central American and Caribbean Games - Men's Baseball 2023,20.0,0.5361
2023-07-01 13:30:00,121884,Venezuela,6,1542.46,1551.51,9.06,Dominican Republic,1470.36,W,8,7,XXIV Central American and Caribbean Games - Men's Baseball 2023,20.0,0.5687
2023-07-01 13:30:00,121884,Dominican Republic,10,1470.36,1461.31,-9.06,Venezuela,1542.46,L,7,8,XXIV Central American and Caribbean Games - Men's Baseball 2023,20.0,0.4313
2023-07-01 18:00:00,121885,Mexico,3,1638.22,1636.24,-1.98,Cuba,1533.72,D,0,0,XXIV Central American and Caribbean Games - Men's Baseball 2023,20.0,0.5989
2023-07-01 18:00:00,121885,Cuba,7,1533.72,1535.7,1.98,Mexico,1638.22,D,0,0,XXIV Central American and Caribbean Games - Men's Baseball 2023,20.0,0.4011
2023-07-03 11:00:00,115668,Hungary,47,860.2,858.38,-1.81,Poland,749.52,L,13,23,U-12 Baseball European Championship 2023 Qualifier,2.0,0.6046
2023-07-03 11:00:00,115668,Poland,96,749.52,751.34,1.81,Hungary,860.2,W,23,13,U-12 Baseball European Championship 2023 Qualifier,2.0,0.3954
2023-07-03 14:00:00,115669,Slovakia,36,1038.93,1037.75,-1.18,Ukraine,1151.98,L,1,12,U-12 Baseball European Championship 2023 Qualifier,2.0,0.3932
2023-07-03 14:00:00,115669,Ukraine,27,1151.98,1153.15,1.18,Slovakia,1038.93,W,12,1,U-12 Baseball European Championship 2023 Qualifier,2.0,0.6068
2023-07-03 18:00:00,115670,Bulgaria,57,816.24,815.7,-0.54,Belgium,1212.17,L,2,31,U-12 Baseball European Championship 2023 Qualifier,2.0,0.1795
2023-07-03 18:00:00,115670,Belgium,23,1212.17,1212.71,0.54,Bulgaria,816.24,W,31,2,U-12 Baseball European Championship 2023 Qualifier,2.0,0.8205
2023-07-04 11:00:00,115671,Belgium,23,1212.71,1213.32,0.61,Hungary,858.38,W,16,6,U-12 Baseball European Championship 2023 Qualifier,2.0,0.7957
2023-07-04 11:00:00,115671,Hungary,47,858.38,857.77,-0.61,Belgium,1212.71,L,6,16,U-12 Baseball European Championship 2023 Qualifier,2.0,0.2043
2023-07-04 14:00:00,115672,Poland,96,751.34,753.14,1.8,Slovakia,1037.75,W,6,2,U-12 Baseball European Championship 2023 Qualifier,2.0,0.2499
2023-07-04 14:00:00,115672,Slovakia,36,1037.75,1035.95,-1.8,Poland,751.34,L,2,6,U-12 Baseball European Championship 2023 Qualifier,2.0,0.7501
2023-07-04 18:00:00,115673,Ukraine,27,1153.15,1153.8,0.65,Bulgaria,815.7,W,17,0,U-12 Baseball European Championship 2023 Qualifier,2.0,0.785
2023-07-04 18:00:00,115673,Bulgaria,57,815.7,815.06,-0.65,Ukraine,1153.15,L,0,17,U-12 Baseball European Championship 2023 Qualifier,2.0,0.215
2023-07-05 10:30:00,115776,Germany,19,1261.27,1263.0,1.72,Great Britain,1339.52,W,15,5,U-12 Baseball European Championship 2023,2.0,0.4255
2023-07-05 10:30:00,115776,Great Britain,15,1339.52,1337.8,-1.72,Germany,1261.27,L,5,15,U-12 Baseball European Championship 2023,2.0,0.5745
2023-07-05 11:00:00,115674,Hungary,47,857.77,857.04,-0.73,Ukraine,1153.8,L,4,21,U-12 Baseball European Championship 2023 Qualifier,2.0,0.243
2023-07-05 11:00:00,115674,Ukraine,27,1153.8,1154.53,0.73,Hungary,857.77,W,21,4,U-12 Baseball European Championship 2023 Qualifier,2.0,0.757
2023-07-05 13:00:00,115777,Netherlands,11,1442.23,1442.85,0.62,Austria,1138.14,W,9,3,U-12 Baseball European Championship 2023,2.0,0.7626
2023-07-05 13:00:00,115777,Austria,29,1138.14,1137.52,-0.62,Netherlands,1442.23,L,3,9,U-12 Baseball European Championship 2023,2.0,0.2374
2023-07-05 14:00:00,115675,Belgium,23,1213.32,1213.76,0.44,Poland,753.14,W,13,3,U-12 Baseball European Championship 2023 Qualifier,2.0,0.854
2023-07-05 14:00:00,115675,Poland,95,753.14,752.7,-0.44,Belgium,1213.32,L,3,13,U-12 Baseball European Championship 2023 Qualifier,2.0,0.146
2023-07-05 16:30:00,115778,Czechia,15,1338.78,1339.46,0.68,Lithuania,1018.31,W,25,1,U-12 Baseball European Championship 2023,2.0,0.7738
2023-07-05 16:30:00,115778,Lithuania,37,1018.31,1017.63,-0.68,Czechia,1338.78,L,1,25,U-12 Baseball European Championship 2023,2.0,0.2262
2023-07-05 18:00:00,115676,Bulgaria,57,815.06,814.16,-0.9,Slovakia,1035.95,L,1,14,U-12 Baseball European Championship 2023 Qualifier,2.0,0.2999
2023-07-05 18:00:00,115676,Slovakia,36,1035.95,1036.85,0.9,Bulgaria,815.06,W,14,1,U-12 Baseball European Championship 2023 Qualifier,2.0,0.7001
2023-07-05 18:40:00,115779,Italy,14,1369.59,1370.46,0.87,France,1173.98,W,11,4,U-12 Baseball European Championship 2023,2.0,0.6793
2023-07-05 18:40:00,115779,France,25,1173.98,1173.12,-0.87,Italy,1369.59,L,4,11,U-12 Baseball European Championship 2023,2.0,0.3207
2023-07-06 10:30:00,115780,Netherlands,11,1442.85,1443.34,0.49,Lithuania,1017.63,W,24,0,U-12 Baseball European Championship 2023,2.0,0.8364
2023-07-06 10:30:00,115780,Lithuania,37,1017.63,1017.14,-0.49,Netherlands,1442.85,L,0,24,U-12 Baseball European Championship 2023,2.0,0.1636
2023-07-06 11:00:00,115677,Ukraine,27,1154.53,1155.7,1.17,Belgium,1213.76,W,5,4,U-12 Baseball European Championship 2023 Qualifier,2.0,0.4434
2023-07-06 11:00:00,115677,Belgium,23,1213.76,1212.59,-1.17,Ukraine,1154.53,L,4,5,U-12 Baseball European Championship 2023 Qualifier,2.0,0.5566
2023-07-06 13:00:00,115781,Austria,29,1137.52,1136.58,-0.95,Czechia,1339.46,L,0,24,U-12 Baseball European Championship 2023,2.0,0.3154
2023-07-06 13:00:00,115781,Czechia,15,1339.46,1340.4,0.95,Austria,1137.52,W,24,0,U-12 Baseball European Championship 2023,2.0,0.6846
2023-07-06 14:00:00,115678,Slovakia,36,1036.85,1034.99,-1.86,Hungary,857.04,L,11,19,U-12 Baseball European Championship 2023 Qualifier,2.0,0.666
2023-07-06 14:00:00,115678,Hungary,47,857.04,858.91,1.86,Slovakia,1036.85,W,19,11,U-12 Baseball European Championship 2023 Qualifier,2.0,0.334
2023-07-06 15:30:00,115782,Italy,14,1370.46,1371.86,1.41,Great Britain,1337.8,W,24,2,U-12 Baseball European Championship 2023,2.0,0.5313
2023-07-06 15:30:00,115782,Great Britain,16,1337.8,1336.39,-1.41,Italy,1370.46,L,2,24,U-12 Baseball European Championship 2023,2.0,0.4687
2023-07-06 18:00:00,115679,Bulgaria,57,814.16,812.48,-1.68,Poland,752.7,L,5,20,U-12 Baseball European Championship 2023 Qualifier,2.0,0.5587
2023-07-06 18:00:00,115679,Poland,95,752.7,754.37,1.68,Bulgaria,814.16,W,20,5,U-12 Baseball European Championship 2023 Qualifier,2.0,0.4413
2023-07-06 18:00:00,115783,France,25,1173.12,1171.87,-1.24,Germany,1263.0,L,4,19,U-12 Baseball European Championship 2023,2.0,0.4146
2023-07-06 18:00:00,115783,Germany,19,1263.0,1264.24,1.24,France,1173.12,W,19,4,U-12 Baseball European Championship 2023,2.0,0.5854
2023-07-07 10:30:00,115784,Lithuania,37,1017.14,1015.98,-1.16,Austria,1136.58,L,0,25,U-12 Baseball European Championship 2023,2.0,0.3874
2023-07-07 10:30:00,115784,Austria,29,1136.58,1137.74,1.16,Lithuania,1017.14,W,25,0,U-12 Baseball European Championship 2023,2.0,0.6126
2023-07-07 11:00:00,115680,Belgium,23,1212.59,1213.6,1.01,Slovakia,1034.99,W,18,1,U-12 Baseball European Championship 2023 Qualifier,2.0,0.6641
2023-07-07 11:00:00,115680,Slovakia,36,1034.99,1033.98,-1.01,Belgium,1212.59,L,1,18,U-12 Baseball European Championship 2023 Qualifier,2.0,0.3359
2023-07-07 13:00:00,115785,Czechia,15,1340.4,1342.2,1.79,Netherlands,1443.34,W,18,8,U-12 Baseball European Championship 2023,2.0,0.4025
2023-07-07 13:00:00,115785,Netherlands,11,1443.34,1441.55,-1.79,Czechia,1340.4,L,8,18,U-12 Baseball European Championship 2023,2.0,0.5975
2023-07-07 14:00:00,115681,Poland,95,754.37,753.99,-0.39,Ukraine,1155.7,L,3,5,U-12 Baseball European Championship 2023 Qualifier,2.0,0.1765
2023-07-07 14:00:00,115681,Ukraine,27,1155.7,1156.09,0.39,Poland,754.37,W,5,3,U-12 Baseball European Championship 2023 Qualifier,2.0,0.8235
2023-07-07 15:30:00,115786,Germany,19,1264.24,1263.05,-1.19,Italy,1371.86,L,10,22,U-12 Baseball European Championship 2023,2.0,0.3982
2023-07-07 15:30:00,115786,Italy,14,1371.86,1373.06,1.19,Germany,1264.24,W,22,10,U-12 Baseball European Championship 2023,2.0,0.6018
2023-07-07 18:00:00,115682,Hungary,47,858.91,860.27,1.37,Bulgaria,812.48,W,22,3,U-12 Baseball European Championship 2023 Qualifier,2.0,0.5444
2023-07-07 18:00:00,115682,Bulgaria,57,812.48,811.12,-1.37,Hungary,858.91,L,3,22,U-12 Baseball European Championship 2023 Qualifier,2.0,0.4556
2023-07-07 18:00:00,115787,Great Britain,16,1336.39,1334.43,-1.96,France,1171.87,L,1,11,U-12 Baseball European Championship 2023,2.0,0.6528
2023-07-07 18:00:00,115787,France,25,1171.87,1173.83,1.96,Great Britain,1336.39,W,11,1,U-12 Baseball European Championship 2023,2.0,0.3472
2023-07-08 10:00:00,115788,Austria,29,1137.74,1139.3,1.56,Great Britain,1334.43,W,11,8,U-12 Baseball European Championship 2023,2.0,0.3198
2023-07-08 10:00:00,115788,Great Britain,16,1334.43,1332.87,-1.56,Austria,1137.74,L,8,11,U-12 Baseball European Championship 2023,2.0,0.6802
2023-07-08 12:00:00,115683,Ukraine,27,1156.09,1157.75,1.66,Belgium,1213.6,W,13,2,U-12 Baseball European Championship 2023 Qualifier,2.0,0.445
2023-07-08 12:00:00,115683,Belgium,23,1213.6,1211.93,-1.66,Ukraine,1156.09,L,2,13,U-12 Baseball European Championship 2023 Qualifier,2.0,0.555
2023-07-08 12:30:00,115789,France,25,1173.83,1174.89,1.06,Lithuania,1015.98,W,19,0,U-12 Baseball European Championship 2023,2.0,0.647
2023-07-08 12:30:00,115789,Lithuania,37,1015.98,1014.92,-1.06,France,1173.83,L,0,19,U-12 Baseball European Championship 2023,2.0,0.353
2023-07-08 15:00:00,115790,Italy,14,1373.06,1371.97,-1.09,Netherlands,1441.55,L,9,14,U-12 Baseball European Championship 2023,2.0,0.4347
2023-07-08 15:00:00,115790,Netherlands,11,1441.55,1442.64,1.09,Italy,1373.06,W,14,9,U-12 Baseball European Championship 2023,2.0,0.5653
2023-07-08 17:30:00,115791,Czechia,15,1342.2,1340.76,-1.44,Germany,1263.05,L,6,11,U-12 Baseball European Championship 2023,2.0,0.5754
2023-07-08 17:30:00,115791,Germany,19,1263.05,1264.48,1.44,Czechia,1342.2,W,11,6,U-12 Baseball European Championship 2023,2.0,0.4246
2023-07-09 09:00:00,115792,Great Britain,16,1332.87,1331.01,-1.85,Lithuania,1014.92,L,12,16,U-12 Baseball European Championship 2023,2.0,0.7721
2023-07-09 09:00:00,115792,Lithuania,37,1014.92,1016.77,1.85,Great Britain,1332.87,W,16,12,U-12 Baseball European Championship 2023,2.0,0.2279
2023-07-09 11:30:00,115793,France,25,1174.89,1176.29,1.4,Austria,1139.3,W,17,1,U-12 Baseball European Championship 2023,2.0,0.5341
2023-07-09 11:30:00,115793,Austria,29,1139.3,1137.91,-1.4,France,1174.89,L,1,17,U-12 Baseball European Championship 2023,2.0,0.4659
2023-07-09 14:00:00,115794,Czechia,15,1340.76,1339.63,-1.13,Italy,1371.97,L,7,11,U-12 Baseball European Championship 2023,2.0,0.4701
2023-07-09 14:00:00,115794,Italy,14,1371.97,1373.1,1.13,Czechia,1340.76,W,11,7,U-12 Baseball European Championship 2023,2.0,0.5299
2023-07-09 16:30:00,115795,Germany,19,1264.48,1265.88,1.4,Netherlands,1442.64,W,3,2,U-12 Baseball European Championship 2023,2.0,0.3354
2023-07-09 16:30:00,115795,Netherlands,11,1442.64,1441.24,-1.4,Germany,1264.48,L,2,3,U-12 Baseball European Championship 2023,2.0,0.6646
2023-07-10 13:30:00,115699,Lithuania,37,1016.77,1015.67,-1.1,Ukraine,1157.75,L,2,13,U-18 Baseball European Championship Qualifier 2023 - Pool 1 (SUI),2.0,0.3679
2023-07-10 13:30:00,115699,Ukraine,27,1157.75,1158.85,1.1,Lithuania,1016.77,W,13,2,U-18 Baseball European Championship Qualifier 2023 - Pool 1 (SUI),2.0,0.6321
2023-07-10 18:00:00,115700,Sweden,41,980.17,981.31,1.14,Switzerland,853.12,W,11,1,U-18 Baseball European Championship Qualifier 2023 - Pool 1 (SUI),2.0,0.6195
2023-07-10 18:00:00,115700,Switzerland,48,853.12,851.98,-1.14,Sweden,980.17,L,1,11,U-18 Baseball European Championship Qualifier 2023 - Pool 1 (SUI),2.0,0.3805
2023-07-11 13:30:00,115701,Hungary,47,860.27,862.47,2.2,Ukraine,1158.85,W,9,0,U-18 Baseball European Championship Qualifier 2023 - Pool 1 (SUI),2.0,0.2412
2023-07-11 13:30:00,115701,Ukraine,27,1158.85,1156.65,-2.2,Hungary,860.27,L,0,9,U-18 Baseball European Championship Qualifier 2023 - Pool 1 (SUI),2.0,0.7588
2023-07-11 18:00:00,115702,Switzerland,49,851.98,851.07,-0.9,Lithuania,1015.67,L,6,12,U-18 Baseball European Championship Qualifier 2023 - Pool 1 (SUI),2.0,0.3479
2023-07-11 18:00:00,115702,Lithuania,37,1015.67,1016.57,0.9,Switzerland,851.98,W,12,6,U-18 Baseball European Championship Qualifier 2023 - Pool 1 (SUI),2.0,0.6521
2023-07-12 13:30:00,115703,Hungary,47,862.47,861.65,-0.82,Lithuania,1016.57,L,5,8,U-18 Baseball European Championship Qualifier 2023 - Pool 1 (SUI),2.0,0.3563
2023-07-12 13:30:00,115703,Lithuania,37,1016.57,1017.39,0.82,Hungary,862.47,W,8,5,U-18 Baseball European Championship Qualifier 2023 - Pool 1 (SUI),2.0,0.6437
2023-07-13 13:30:00,115705,Sweden,41,981.31,982.17,0.85,Hungary,861.65,W,10,8,U-18 Baseball European Championship Qualifier 2023 - Pool 1 (SUI),2.0,0.6128
2023-07-13 13:30:00,115705,Hungary,47,861.65,860.8,-0.85,Sweden,981.31,L,8,10,U-18 Baseball European Championship Qualifier 2023 - Pool 1 (SUI),2.0,0.3872
2023-07-13 18:00:00,115706,Ukraine,27,1156.65,1157.36,0.71,Switzerland,851.07,W,21,11,U-18 Baseball European Championship Qualifier 2023 - Pool 1 (SUI),2.0,0.7636
2023-07-13 18:00:00,115706,Switzerland,49,851.07,850.36,-0.71,Ukraine,1156.65,L,11,21,U-18 Baseball European Championship Qualifier 2023 - Pool 1 (SUI),2.0,0.2364
2023-07-14 10:00:00,115704,Ukraine,27,1157.36,1155.97,-1.39,Sweden,982.17,L,2,3,U-18 Baseball European Championship Qualifier 2023 - Pool 1 (SUI),2.0,0.662
2023-07-14 10:00:00,115704,Sweden,41,982.17,983.56,1.39,Ukraine,1157.36,W,3,2,U-18 Baseball European Championship Qualifier 2023 - Pool 1 (SUI),2.0,0.338
2023-07-14 14:00:00,115707,Lithuania,37,1017.39,1018.37,0.98,Sweden,983.56,W,7,6,U-18 Baseball European Championship Qualifier 2023 - Pool 1 (SUI),2.0,0.5324
2023-07-14 14:00:00,115707,Sweden,41,983.56,982.57,-0.98,Lithuania,1017.39,L,6,7,U-18 Baseball European Championship Qualifier 2023 - Pool 1 (SUI),2.0,0.4676
2023-07-14 18:00:00,115708,Switzerland,49,850.36,848.89,-1.47,Hungary,860.8,L,4,14,U-18 Baseball European Championship Qualifier 2023 - Pool 1 (SUI),2.0,0.49
2023-07-14 18:00:00,115708,Hungary,47,860.8,862.27,1.47,Switzerland,850.36,W,14,4,U-18 Baseball European Championship Qualifier 2023 - Pool 1 (SUI),2.0,0.51
2023-07-15 13:30:00,115709,Lithuania,37,1018.37,1016.77,-1.6,Sweden,982.57,L,0,18,U-18 Baseball European Championship Qualifier 2023 - Pool 1 (SUI),2.0,0.5343
2023-07-15 13:30:00,115709,Sweden,41,982.57,984.18,1.6,Lithuania,1018.37,W,18,0,U-18 Baseball European Championship Qualifier 2023 - Pool 1 (SUI),2.0,0.4657
2023-07-18 10:00:00,115684,Czechia,15,1339.63,1340.04,0.41,Hungary,862.27,W,13,3,U-15 Baseball European Championship 2023,2.0,0.862
2023-07-18 10:00:00,115684,Hungary,47,862.27,861.86,-0.41,Czechia,1339.63,L,3,13,U-15 Baseball European Championship 2023,2.0,0.138
2023-07-18 13:30:00,115685,Italy,14,1373.1,1373.94,0.84,Germany,1265.88,W,7,6,U-15 Baseball European Championship 2023,2.0,0.6014
2023-07-18 13:30:00,115685,Germany,19,1265.88,1265.04,-0.84,Italy,1373.1,L,6,7,U-15 Baseball European Championship 2023,2.0,0.3986
2023-07-18 17:00:00,115686,Slovakia,36,1033.98,1032.88,-1.1,France,1176.29,L,0,16,U-15 Baseball European Championship 2023,2.0,0.3668
2023-07-18 17:00:00,115686,France,25,1176.29,1177.39,1.1,Slovakia,1033.98,W,16,0,U-15 Baseball European Championship 2023,2.0,0.6332
2023-07-19 10:00:00,115687,Italy,14,1373.94,1374.3,0.37,Hungary,861.86,W,16,6,U-15 Baseball European Championship 2023,2.0,0.8771
2023-07-19 10:00:00,115687,Hungary,47,861.86,861.49,-0.37,Italy,1373.94,L,6,16,U-15 Baseball European Championship 2023,2.0,0.1229
2023-07-19 13:30:00,115688,Germany,19,1265.04,1263.76,-1.29,Czechia,1340.04,L,2,12,U-15 Baseball European Championship 2023,2.0,0.4285
2023-07-19 13:30:00,115688,Czechia,15,1340.04,1341.33,1.29,Germany,1265.04,W,12,2,U-15 Baseball European Championship 2023,2.0,0.5715
2023-07-19 17:00:00,115689,France,25,1177.39,1176.75,-0.64,Netherlands,1441.24,L,9,13,U-15 Baseball European Championship 2023,2.0,0.2665
2023-07-19 17:00:00,115689,Netherlands,11,1441.24,1441.88,0.64,France,1177.39,W,13,9,U-15 Baseball European Championship 2023,2.0,0.7335
2023-07-20 10:00:00,115690,Hungary,47,861.49,860.96,-0.53,Germany,1263.76,L,1,22,U-15 Baseball European Championship 2023,2.0,0.176
2023-07-20 10:00:00,115690,Germany,19,1263.76,1264.29,0.53,Hungary,861.49,W,22,1,U-15 Baseball European Championship 2023,2.0,0.824
2023-07-20 13:30:00,115691,Czechia,15,1341.33,1340.25,-1.08,Italy,1374.3,L,7,10,U-15 Baseball European Championship 2023,2.0,0.4684
2023-07-20 13:30:00,115691,Italy,14,1374.3,1375.38,1.08,Czechia,1341.33,W,10,7,U-15 Baseball European Championship 2023,2.0,0.5316
2023-07-20 17:00:00,115692,Netherlands,11,1441.88,1442.4,0.52,Slovakia,1032.88,W,17,2,U-15 Baseball European Championship 2023,2.0,0.8277
2023-07-20 17:00:00,115692,Slovakia,36,1032.88,1032.36,-0.52,Netherlands,1441.88,L,2,17,U-15 Baseball European Championship 2023,2.0,0.1723
2023-07-21 10:00:00,115693,Slovakia,36,1032.36,1030.78,-1.58,Hungary,860.96,L,4,8,U-15 Baseball European Championship 2023,2.0,0.6588
2023-07-21 10:00:00,115693,Hungary,47,860.96,862.54,1.58,Slovakia,1032.36,W,8,4,U-15 Baseball European Championship 2023,2.0,0.3412
2023-07-21 13:30:00,115694,Netherlands,11,1442.4,1443.37,0.97,Czechia,1340.25,W,13,9,U-15 Baseball European Championship 2023,2.0,0.5968
2023-07-21 13:30:00,115694,Czechia,15,1340.25,1339.28,-0.97,Netherlands,1442.4,L,9,13,U-15 Baseball European Championship 2023,2.0,0.4032
2023-07-21 17:00:00,115695,Italy,14,1375.38,1376.05,0.67,France,1176.75,W,10,9,U-15 Baseball European Championship 2023,2.0,0.6818
2023-07-21 17:00:00,115695,France,25,1176.75,1176.08,-0.67,Italy,1375.38,L,9,10,U-15 Baseball European Championship 2023,2.0,0.3182
2023-07-22 10:00:00,115696,Slovakia,36,1030.78,1029.91,-0.87,Germany,1264.29,L,0,22,U-15 Baseball European Championship 2023,2.0,0.2899
2023-07-22 10:00:00,115696,Germany,19,1264.29,1265.16,0.87,Slovakia,1030.78,W,22,0,U-15 Baseball European Championship 2023,2.0,0.7101
2023-07-22 13:30:00,115697,France,25,1176.08,1175.03,-1.05,Czechia,1339.28,L,6,20,U-15 Baseball European Championship 2023,2.0,0.3483
2023-07-22 13:30:00,115697,Czechia,15,1339.28,1340.33,1.05,France,1176.08,W,20,6,U-15 Baseball European Championship 2023,2.0,0.6517
2023-07-22 17:00:00,115698,Netherlands,11,1443.37,1444.67,1.31,Italy,1376.05,W,14,4,U-15 Baseball European Championship 2023,2.0,0.5642
2023-07-22 17:00:00,115698,Italy,14,1376.05,1374.74,-1.31,Netherlands,1443.37,L,4,14,U-15 Baseball European Championship 2023,2.0,0.4358
2023-07-27 13:00:00,117835,Slovakia,36,1029.91,1028.05,-1.86,Poland,753.99,L,0,5,U-18 Baseball European Championship Qualifier 2023 - Pool 2 (IRL),2.0,0.7425
2023-07-27 13:00:00,117835,Poland,95,753.99,755.84,1.86,Slovakia,1029.91,W,5,0,U-18 Baseball European Championship Qualifier 2023 - Pool 2 (IRL),2.0,0.2575
2023-07-27 18:00:00,117837,Croatia,31,1087.02,1088.06,1.04,Ireland,923.34,W,12,2,U-18 Baseball European Championship Qualifier 2023 - Pool 2 (IRL),2.0,0.6521
2023-07-27 18:00:00,117837,Ireland,43,923.34,922.3,-1.04,Croatia,1087.02,L,2,12,U-18 Baseball European Championship Qualifier 2023 - Pool 2 (IRL),2.0,0.3479
2023-07-28 13:00:00,117838,Poland,95,755.84,757.48,1.64,Croatia,1088.06,W,4,3,U-18 Baseball European Championship Qualifier 2023 - Pool 2 (IRL),2.0,0.2184
2023-07-28 13:00:00,117838,Croatia,31,1088.06,1086.42,-1.64,Poland,755.84,L,3,4,U-18 Baseball European Championship Qualifier 2023 - Pool 2 (IRL),2.0,0.7816
2023-07-28 18:00:00,117840,Slovakia,36,1028.05,1029.25,1.2,Ireland,922.3,W,13,3,U-18 Baseball European Championship Qualifier 2023 - Pool 2 (IRL),2.0,0.6001
2023-07-28 18:00:00,117840,Ireland,43,922.3,921.1,-1.2,Slovakia,1028.05,L,3,13,U-18 Baseball European Championship Qualifier 2023 - Pool 2 (IRL),2.0,0.3999
2023-07-29 11:00:00,122374,New Zealand,52,830.13,829.9,-0.23,United States of America,1725.64,L,1,43,VII U-12 Baseball World Cup 2023,5.0,0.0312
2023-07-29 11:00:00,122374,United States of America,2,1725.64,1725.87,0.23,New Zealand,830.13,W,43,1,VII U-12 Baseball World Cup 2023,5.0,0.9688
2023-07-29 11:00:00,122375,Panama,9,1473.9,1470.94,-2.97,Republic of Korea,1554.17,L,3,11,VII U-12 Baseball World Cup 2023,5.0,0.4236
2023-07-29 11:00:00,122375,Republic of Korea,4,1554.17,1557.13,2.97,Panama,1473.9,W,11,3,VII U-12 Baseball World Cup 2023,5.0,0.5764
2023-07-29 11:00:00,117841,Croatia,31,1086.42,1087.76,1.34,Slovakia,1029.25,W,14,4,U-18 Baseball European Championship Qualifier 2023 - Pool 2 (IRL),2.0,0.5546
2023-07-29 11:00:00,117841,Slovakia,36,1029.25,1027.92,-1.34,Croatia,1086.42,L,4,14,U-18 Baseball European Championship Qualifier 2023 - Pool 2 (IRL),2.0,0.4454
2023-07-29 14:30:00,122376,Germany,19,1265.16,1269.43,4.27,Australia,1500.89,W,7,3,VII U-12 Baseball World Cup 2023,5.0,0.2881
2023-07-29 14:30:00,122376,Australia,8,1500.89,1496.62,-4.27,Germany,1265.16,L,3,7,VII U-12 Baseball World Cup 2023,5.0,0.7119
2023-07-29 14:30:00,122377,Mexico,3,1636.24,1631.89,-4.35,Venezuela,1551.51,L,0,10,VII U-12 Baseball World Cup 2023,5.0,0.5806
2023-07-29 14:30:00,122377,Venezuela,5,1551.51,1555.87,4.35,Mexico,1636.24,W,10,0,VII U-12 Baseball World Cup 2023,5.0,0.4194
2023-07-29 16:00:00,117842,Ireland,43,921.1,919.14,-1.96,Poland,757.48,L,5,21,U-18 Baseball European Championship Qualifier 2023 - Pool 2 (IRL),2.0,0.652
2023-07-29 16:00:00,117842,Poland,95,757.48,759.44,1.96,Ireland,921.1,W,21,5,U-18 Baseball European Championship Qualifier 2023 - Pool 2 (IRL),2.0,0.348
2023-07-29 18:30:00,122378,Dominican Republic,10,1461.31,1464.2,2.89,Czechia,1340.33,W,19,0,VII U-12 Baseball World Cup 2023,5.0,0.614
2023-07-29 18:30:00,122378,Czechia,15,1340.33,1337.43,-2.89,Dominican Republic,1461.31,L,0,19,VII U-12 Baseball World Cup 2023,5.0,0.386
2023-07-29 18:30:00,122379,Chinese Taipei,6,1550.03,1554.17,4.14,Japan,1893.92,W,3,2,VII U-12 Baseball World Cup 2023,5.0,0.2109
2023-07-29 18:30:00,122379,Japan,1,1893.92,1889.77,-4.14,Chinese Taipei,1550.03,L,2,3,VII U-12 Baseball World Cup 2023,5.0,0.7891
2023-07-30 10:30:00,117843,Poland,94,759.44,758.93,-0.51,Croatia,1087.76,L,2,5,U-18 Baseball European Championship Qualifier 2023 - Pool 2 (IRL),2.0,0.221
2023-07-30 10:30:00,117843,Croatia,31,1087.76,1088.27,0.51,Poland,759.44,W,5,2,U-18 Baseball European Championship Qualifier 2023 - Pool 2 (IRL),2.0,0.779
2023-07-30 11:00:00,122380,Australia,8,1496.62,1493.3,-3.33,Venezuela,1555.87,L,2,19,VII U-12 Baseball World Cup 2023,5.0,0.4434
2023-07-30 11:00:00,122380,Venezuela,5,1555.87,1559.19,3.33,Australia,1496.62,W,19,2,VII U-12 Baseball World Cup 2023,5.0,0.5566
2023-07-30 11:00:00,122381,United States of America,2,1725.87,1727.37,1.5,Panama,1470.94,W,6,4,VII U-12 Baseball World Cup 2023,5.0,0.7268
2023-07-30 11:00:00,122381,Panama,9,1470.94,1469.44,-1.5,United States of America,1725.87,L,4,6,VII U-12 Baseball World Cup 2023,5.0,0.2732
2023-07-30 14:30:00,122382,Czechia,15,1337.43,1338.09,0.66,New Zealand,829.9,W,8,7,VII U-12 Baseball World Cup 2023,5.0,0.8752
2023-07-30 14:30:00,122382,New Zealand,52,829.9,829.24,-0.66,Czechia,1337.43,L,7,8,VII U-12 Baseball World Cup 2023,5.0,0.1248
2023-07-30 14:30:00,122383,Mexico,3,1631.89,1628.73,-3.16,Chinese Taipei,1554.17,L,3,5,VII U-12 Baseball World Cup 2023,5.0,0.574
2023-07-30 14:30:00,122383,Chinese Taipei,6,1554.17,1557.33,3.16,Mexico,1631.89,W,5,3,VII U-12 Baseball World Cup 2023,5.0,0.426
2023-07-30 18:30:00,122384,Republic of Korea,6,1557.13,1559.29,2.16,Dominican Republic,1464.2,W,9,8,VII U-12 Baseball World Cup 2023,5.0,0.5882
2023-07-30 18:30:00,122384,Dominican Republic,10,1464.2,1462.04,-2.16,Republic of Korea,1557.13,L,8,9,VII U-12 Baseball World Cup 2023,5.0,0.4118
2023-07-30 18:30:00,122385,Japan,1,1889.77,1890.41,0.63,Germany,1269.43,W,16,0,VII U-12 Baseball World Cup 2023,5.0,0.9153
2023-07-30 18:30:00,122385,Germany,19,1269.43,1268.79,-0.63,Japan,1889.77,L,0,16,VII U-12 Baseball World Cup 2023,5.0,0.0847
2023-07-31 11:00:00,122386,Panama,9,1469.44,1470.03,0.59,New Zealand,829.24,W,19,0,VII U-12 Baseball World Cup 2023,5.0,0.9211
2023-07-31 11:00:00,122386,New Zealand,53,829.24,828.65,-0.59,Panama,1469.44,L,0,19,VII U-12 Baseball World Cup 2023,5.0,0.0789
2023-07-31 11:00:00,122387,Australia,8,1493.3,1490.5,-2.8,Mexico,1628.73,L,0,14,VII U-12 Baseball World Cup 2023,5.0,0.3729
2023-07-31 11:00:00,122387,Mexico,3,1628.73,1631.53,2.8,Australia,1493.3,W,14,0,VII U-12 Baseball World Cup 2023,5.0,0.6271
2023-07-31 14:30:00,122388,Venezuela,5,1559.19,1564.27,5.08,Japan,1890.41,W,7,1,VII U-12 Baseball World Cup 2023,5.0,0.2191
2023-07-31 14:30:00,122388,Japan,1,1890.41,1885.33,-5.08,Venezuela,1559.19,L,1,7,VII U-12 Baseball World Cup 2023,5.0,0.7809
2023-07-31 14:30:00,122389,Republic of Korea,5,1559.29,1561.54,2.25,Czechia,1338.09,W,17,5,VII U-12 Baseball World Cup 2023,5.0,0.7003
2023-07-31 14:30:00,122389,Czechia,15,1338.09,1335.84,-2.25,Republic of Korea,1559.29,L,5,17,VII U-12 Baseball World Cup 2023,5.0,0.2997
2023-07-31 18:30:00,122390,Dominican Republic,10,1462.04,1466.45,4.41,United States of America,1727.37,W,13,9,VII U-12 Baseball World Cup 2023,5.0,0.2654
2023-07-31 18:30:00,122390,United States of America,2,1727.37,1722.97,-4.41,Dominican Republic,1462.04,L,9,13,VII U-12 Baseball World Cup 2023,5.0,0.7346
2023-07-31 18:30:00,122391,Germany,19,1268.79,1266.93,-1.86,Chinese Taipei,1557.33,L,2,13,VII U-12 Baseball World Cup 2023,5.0,0.2484
2023-07-31 18:30:00,122391,Chinese Taipei,6,1557.33,1559.19,1.86,Germany,1268.79,W,13,2,VII U-12 Baseball World Cup 2023,5.0,0.7516
2023-08-01 11:00:00,122392,Czechia,15,1335.84,1333.41,-2.43,Panama,1470.03,L,4,10,VII U-12 Baseball World Cup 2023,5.0,0.374
2023-08-01 11:00:00,122392,Panama,9,1470.03,1472.46,2.43,Czechia,1335.84,W,10,4,VII U-12 Baseball World Cup 2023,5.0,0.626
2023-08-01 11:00:00,122393,Japan,1,1885.33,1886.68,1.35,Australia,1490.5,W,15,0,VII U-12 Baseball World Cup 2023,5.0,0.8198
2023-08-01 11:00:00,122393,Australia,8,1490.5,1489.15,-1.35,Japan,1885.33,L,0,15,VII U-12 Baseball World Cup 2023,5.0,0.1802
2023-08-01 14:30:00,122394,Mexico,3,1631.53,1633.01,1.48,Germany,1266.93,W,10,0,VII U-12 Baseball World Cup 2023,5.0,0.8021
2023-08-01 14:30:00,122394,Germany,19,1266.93,1265.44,-1.48,Mexico,1631.53,L,0,10,VII U-12 Baseball World Cup 2023,5.0,0.1979
2023-08-01 14:30:00,122395,New Zealand,54,828.65,828.05,-0.6,Dominican Republic,1466.45,L,3,23,VII U-12 Baseball World Cup 2023,5.0,0.0796
2023-08-01 14:30:00,122395,Dominican Republic,10,1466.45,1467.04,0.6,New Zealand,828.65,W,23,3,VII U-12 Baseball World Cup 2023,5.0,0.9204
2023-08-01 18:30:00,122396,United States of America,2,1722.97,1725.07,2.1,Republic of Korea,1561.54,W,5,1,VII U-12 Baseball World Cup 2023,5.0,0.6501
2023-08-01 18:30:00,122396,Republic of Korea,5,1561.54,1559.44,-2.1,United States of America,1722.97,L,1,5,VII U-12 Baseball World Cup 2023,5.0,0.3499
2023-08-01 18:30:00,122397,Chinese Taipei,6,1559.19,1561.97,2.78,Venezuela,1564.27,W,4,2,VII U-12 Baseball World Cup 2023,5.0,0.4951
2023-08-01 18:30:00,122397,Venezuela,4,1564.27,1561.49,-2.78,Chinese Taipei,1559.19,L,2,4,VII U-12 Baseball World Cup 2023,5.0,0.5049
2023-08-02 11:00:00,122366,Dominican Republic,10,1467.04,1469.82,2.78,Panama,1472.46,W,7,5,VII U-12 Baseball World Cup 2023,5.0,0.4948
2023-08-02 11:00:00,122366,Panama,9,1472.46,1469.68,-2.78,Dominican Republic,1467.04,L,5,7,VII U-12 Baseball World Cup 2023,5.0,0.5052
2023-08-02 11:00:00,122365,Japan,1,1886.68,1888.47,1.78,Mexico,1633.01,W,12,6,VII U-12 Baseball World Cup 2023,5.0,0.7258
2023-08-02 11:00:00,122365,Mexico,3,1633.01,1631.23,-1.78,Japan,1886.68,L,6,12,VII U-12 Baseball World Cup 2023,5.0,0.2742
2023-08-02 14:30:00,122367,Republic of Korea,6,1559.44,1559.87,0.43,New Zealand,828.05,W,15,0,VII U-12 Baseball World Cup 2023,5.0,0.943
2023-08-02 14:30:00,122367,New Zealand,55,828.05,827.63,-0.43,Republic of Korea,1559.44,L,0,15,VII U-12 Baseball World Cup 2023,5.0,0.057
2023-08-02 14:30:00,122368,United States of America,2,1725.07,1726.43,1.36,Czechia,1333.41,W,25,0,VII U-12 Baseball World Cup 2023,5.0,0.818
2023-08-02 14:30:00,122368,Czechia,15,1333.41,1332.05,-1.36,United States of America,1725.07,L,0,25,VII U-12 Baseball World Cup 2023,5.0,0.182
2023-08-02 18:30:00,122372,Venezuela,5,1561.49,1563.32,1.82,Germany,1265.44,W,11,1,VII U-12 Baseball World Cup 2023,5.0,0.757
2023-08-02 18:30:00,122372,Germany,19,1265.44,1263.62,-1.82,Venezuela,1561.49,L,1,11,VII U-12 Baseball World Cup 2023,5.0,0.243
2023-08-02 18:30:00,122373,Chinese Taipei,5,1561.97,1565.2,3.23,Australia,1489.15,W,18,0,VII U-12 Baseball World Cup 2023,5.0,0.5694
2023-08-02 18:30:00,122373,Australia,8,1489.15,1485.92,-3.23,Chinese Taipei,1561.97,L,0,18,VII U-12 Baseball World Cup 2023,5.0,0.4306
2023-08-03 11:00:00,122402,Mexico,3,1631.23,1633.06,1.84,Panama,1469.68,W,3,2,VII U-12 Baseball World Cup 2023,5.0,0.6502
2023-08-03 11:00:00,122402,Panama,10,1469.68,1467.84,-1.84,Mexico,1631.23,L,2,3,VII U-12 Baseball World Cup 2023,5.0,0.3498
2023-08-03 11:00:00,122399,Japan,1,1888.47,1889.74,1.27,Republic of Korea,1559.87,W,7,4,VII U-12 Baseball World Cup 2023,5.0,0.7792
2023-08-03 11:00:00,122399,Republic of Korea,6,1559.87,1558.6,-1.27,Japan,1888.47,L,4,7,VII U-12 Baseball World Cup 2023,5.0,0.2208
2023-08-03 14:30:00,122398,New Zealand,55,827.63,827.07,-0.56,Australia,1485.92,L,2,17,VII U-12 Baseball World Cup 2023,5.0,0.074
2023-08-03 14:30:00,122398,Australia,8,1485.92,1486.47,0.56,New Zealand,827.63,W,17,2,VII U-12 Baseball World Cup 2023,5.0,0.926
2023-08-03 14:30:00,122401,United States of America,2,1726.43,1728.78,2.35,Venezuela,1563.32,W,11,4,VII U-12 Baseball World Cup 2023,5.0,0.6516
2023-08-03 14:30:00,122401,Venezuela,5,1563.32,1560.96,-2.35,United States of America,1726.43,L,4,11,VII U-12 Baseball World Cup 2023,5.0,0.3484
2023-08-03 18:30:00,122400,Germany,19,1263.62,1266.87,3.25,Czechia,1332.05,W,6,3,VII U-12 Baseball World Cup 2023,5.0,0.4347
2023-08-03 18:30:00,122400,Czechia,15,1332.05,1328.79,-3.25,Germany,1263.62,L,3,6,VII U-12 Baseball World Cup 2023,5.0,0.5653
2023-08-03 18:30:00,122403,Dominican Republic,9,1469.82,1467.37,-2.46,Chinese Taipei,1565.2,L,0,4,VII U-12 Baseball World Cup 2023,5.0,0.4095
2023-08-03 18:30:00,122403,Chinese Taipei,4,1565.2,1567.66,2.46,Dominican Republic,1469.82,W,4,0,VII U-12 Baseball World Cup 2023,5.0,0.5905
2023-08-04 11:00:00,122406,Panama,9,1467.84,1471.73,3.88,Australia,1486.47,W,13,3,VII U-12 Baseball World Cup 2023,5.0,0.4821
2023-08-04 11:00:00,122406,Australia,8,1486.47,1482.59,-3.88,Panama,1467.84,L,3,13,VII U-12 Baseball World Cup 2023,5.0,0.5179
2023-08-04 11:00:00,122405,United States of America,2,1728.78,1726.42,-2.36,Japan,1889.74,L,0,7,VII U-12 Baseball World Cup 2023,5.0,0.3503
2023-08-04 11:00:00,122405,Japan,1,1889.74,1892.1,2.36,United States of America,1728.78,W,7,0,VII U-12 Baseball World Cup 2023,5.0,0.6497
2023-08-04 14:30:00,122408,Mexico,3,1633.06,1634.84,1.78,Czechia,1328.79,W,15,0,VII U-12 Baseball World Cup 2023,5.0,0.7627
2023-08-04 14:30:00,122408,Czechia,17,1328.79,1327.02,-1.78,Mexico,1633.06,L,0,15,VII U-12 Baseball World Cup 2023,5.0,0.2373
2023-08-04 14:30:00,122407,Dominican Republic,10,1467.37,1464.69,-2.67,Venezuela,1560.96,L,2,8,VII U-12 Baseball World Cup 2023,5.0,0.4112
2023-08-04 14:30:00,122407,Venezuela,5,1560.96,1563.64,2.67,Dominican Republic,1467.37,W,8,2,VII U-12 Baseball World Cup 2023,5.0,0.5888
2023-08-04 18:30:00,122404,Germany,19,1266.87,1268.0,1.13,New Zealand,827.07,W,11,2,VII U-12 Baseball World Cup 2023,5.0,0.8439
2023-08-04 18:30:00,122404,New Zealand,55,827.07,825.94,-1.13,Germany,1266.87,L,2,11,VII U-12 Baseball World Cup 2023,5.0,0.1561
2023-08-04 18:30:00,122409,Chinese Taipei,4,1567.66,1570.24,2.58,Republic of Korea,1558.6,W,1,0,VII U-12 Baseball World Cup 2023,5.0,0.5087
2023-08-04 18:30:00,122409,Republic of Korea,6,1558.6,1556.02,-2.58,Chinese Taipei,1567.66,L,0,1,VII U-12 Baseball World Cup 2023,5.0,0.4913
2023-08-05 11:00:00,122410,Czechia,17,1327.02,1330.89,3.87,Australia,1482.59,W,4,0,VII U-12 Baseball World Cup 2023,5.0,0.355
2023-08-05 11:00:00,122410,Australia,8,1482.59,1478.72,-3.87,Czechia,1327.02,L,0,4,VII U-12 Baseball World Cup 2023,5.0,0.645
2023-08-05 11:00:00,122411,Dominican Republic,10,1464.69,1463.48,-1.22,Japan,1892.1,L,1,13,VII U-12 Baseball World Cup 2023,5.0,0.1624
2023-08-05 11:00:00,122411,Japan,1,1892.1,1893.32,1.22,Dominican Republic,1464.69,W,13,1,VII U-12 Baseball World Cup 2023,5.0,0.8376
2023-08-05 14:30:00,122412,Mexico,3,1634.84,1635.17,0.32,New Zealand,825.94,W,29,0,VII U-12 Baseball World Cup 2023,5.0,0.9571
2023-08-05 14:30:00,122412,New Zealand,56,825.94,825.62,-0.32,Mexico,1634.84,L,0,29,VII U-12 Baseball World Cup 2023,5.0,0.0429
2023-08-05 14:30:00,122413,Venezuela,5,1563.64,1566.22,2.59,Republic of Korea,1556.02,W,5,4,VII U-12 Baseball World Cup 2023,5.0,0.5073
2023-08-05 14:30:00,122413,Republic of Korea,6,1556.02,1553.43,-2.59,Venezuela,1563.64,L,4,5,VII U-12 Baseball World Cup 2023,5.0,0.4927
2023-08-05 18:30:00,122414,Panama,9,1471.73,1473.85,2.12,Germany,1268.0,W,9,2,VII U-12 Baseball World Cup 2023,5.0,0.6861
2023-08-05 18:30:00,122414,Germany,19,1268.0,1265.88,-2.12,Panama,1471.73,L,2,9,VII U-12 Baseball World Cup 2023,5.0,0.3139
2023-08-05 18:30:00,122415,Chinese Taipei,4,1570.24,1567.76,-2.48,United States of America,1726.42,L,3,11,VII U-12 Baseball World Cup 2023,5.0,0.3545
2023-08-05 18:30:00,122415,United States of America,2,1726.42,1728.9,2.48,Chinese Taipei,1570.24,W,11,3,VII U-12 Baseball World Cup 2023,5.0,0.6455
2023-08-06 14:30:00,122417,Japan,1,1893.32,1889.23,-4.09,Venezuela,1566.22,L,8,9,VII U-12 Baseball World Cup 2023,5.0,0.7782
2023-08-06 14:30:00,122417,Venezuela,5,1566.22,1570.31,4.09,Japan,1893.32,W,9,8,VII U-12 Baseball World Cup 2023,5.0,0.2218
2023-08-06 18:30:00,122418,Chinese Taipei,5,1567.76,1565.48,-2.28,United States of America,1728.9,L,4,10,VII U-12 Baseball World Cup 2023,5.0,0.3501
2023-08-06 18:30:00,122418,United States of America,2,1728.9,1731.18,2.28,Chinese Taipei,1567.76,W,10,4,VII U-12 Baseball World Cup 2023,5.0,0.6499
2023-08-08 10:00:00,117846,Italy,14,1374.74,1375.6,0.86,France,1175.03,W,7,0,U-23 Baseball European Championship 2023,2.0,0.6827
2023-08-08 10:00:00,117846,France,25,1175.03,1174.18,-0.86,Italy,1374.74,L,0,7,U-23 Baseball European Championship 2023,2.0,0.3173
2023-08-08 14:30:00,117847,Germany,19,1265.88,1266.96,1.08,Belgium,1211.93,W,5,1,U-23 Baseball European Championship 2023,2.0,0.5516
2023-08-08 14:30:00,117847,Belgium,23,1211.93,1210.86,-1.08,Germany,1265.88,L,1,5,U-23 Baseball European Championship 2023,2.0,0.4484
2023-08-08 16:00:00,117848,Great Britain,16,1331.01,1332.26,1.25,Czechia,1330.89,W,8,3,U-23 Baseball European Championship 2023,2.0,0.5001
2023-08-08 16:00:00,117848,Czechia,17,1330.89,1329.64,-1.25,Great Britain,1331.01,L,3,8,U-23 Baseball European Championship 2023,2.0,0.4999
2023-08-08 19:30:00,117849,Netherlands,11,1444.67,1445.31,0.64,Austria,1137.91,W,8,1,U-23 Baseball European Championship 2023,2.0,0.7645
2023-08-08 19:30:00,117849,Austria,29,1137.91,1137.27,-0.64,Netherlands,1444.67,L,1,8,U-23 Baseball European Championship 2023,2.0,0.2355
2023-08-09 10:00:00,117850,France,25,1174.18,1175.65,1.47,Germany,1266.96,W,8,3,U-23 Baseball European Championship 2023,2.0,0.4119
2023-08-09 10:00:00,117850,Germany,19,1266.96,1265.49,-1.47,France,1174.18,L,3,8,U-23 Baseball European Championship 2023,2.0,0.5881
2023-08-09 14:30:00,117851,Czechia,17,1329.64,1328.81,-0.82,Netherlands,1445.31,L,1,2,U-23 Baseball European Championship 2023,2.0,0.3908
2023-08-09 14:30:00,117851,Netherlands,11,1445.31,1446.13,0.82,Czechia,1329.64,W,2,1,U-23 Baseball European Championship 2023,2.0,0.6092
2023-08-09 16:00:00,117852,Italy,14,1375.6,1376.64,1.04,Belgium,1210.86,W,14,4,U-23 Baseball European Championship 2023,2.0,0.653
2023-08-09 16:00:00,117852,Belgium,23,1210.86,1209.82,-1.04,Italy,1375.6,L,4,14,U-23 Baseball European Championship 2023,2.0,0.347
2023-08-09 19:30:00,117853,Great Britain,15,1332.26,1333.1,0.84,Austria,1137.27,W,10,4,U-23 Baseball European Championship 2023,2.0,0.6788
2023-08-09 19:30:00,117853,Austria,29,1137.27,1136.44,-0.84,Great Britain,1332.26,L,4,10,U-23 Baseball European Championship 2023,2.0,0.3212
2023-08-10 10:00:00,117854,Netherlands,11,1446.13,1446.95,0.83,Great Britain,1333.1,W,1,0,U-23 Baseball European Championship 2023,2.0,0.6068
2023-08-10 10:00:00,117854,Great Britain,15,1333.1,1332.27,-0.83,Netherlands,1446.13,L,0,1,U-23 Baseball European Championship 2023,2.0,0.3932
2023-08-10 14:30:00,117855,Germany,19,1265.49,1267.31,1.82,Italy,1376.64,W,13,3,U-23 Baseball European Championship 2023,2.0,0.395
2023-08-10 14:30:00,117855,Italy,14,1376.64,1374.82,-1.82,Germany,1265.49,L,3,13,U-23 Baseball European Championship 2023,2.0,0.605
2023-08-10 16:00:00,117856,Belgium,23,1209.82,1208.33,-1.49,France,1175.65,L,0,8,U-23 Baseball European Championship 2023,2.0,0.5327
2023-08-10 16:00:00,117856,France,25,1175.65,1177.14,1.49,Belgium,1209.82,W,8,0,U-23 Baseball European Championship 2023,2.0,0.4673
2023-08-10 19:30:00,117858,Austria,29,1136.44,1135.63,-0.81,Czechia,1328.81,L,0,5,U-23 Baseball European Championship 2023,2.0,0.3234
2023-08-10 19:30:00,117858,Czechia,17,1328.81,1329.62,0.81,Austria,1136.44,W,5,0,U-23 Baseball European Championship 2023,2.0,0.6766
2023-08-11 10:00:00,117859,Netherlands,11,1446.95,1447.51,0.55,France,1177.14,W,6,5,U-23 Baseball European Championship 2023,2.0,0.738
2023-08-11 10:00:00,117859,France,25,1177.14,1176.59,-0.55,Netherlands,1446.95,L,5,6,U-23 Baseball European Championship 2023,2.0,0.262
2023-08-11 14:30:00,117860,Germany,19,1267.31,1266.39,-0.92,Great Britain,1332.27,L,5,6,U-23 Baseball European Championship 2023,2.0,0.438
2023-08-11 14:30:00,117860,Great Britain,15,1332.27,1333.19,0.92,Germany,1267.31,W,6,5,U-23 Baseball European Championship 2023,2.0,0.562
2023-08-11 16:00:00,117861,Czechia,17,1329.62,1330.47,0.85,Belgium,1208.33,W,3,1,U-23 Baseball European Championship 2023,2.0,0.6143
2023-08-11 16:00:00,117861,Belgium,23,1208.33,1207.48,-0.85,Czechia,1329.62,L,1,3,U-23 Baseball European Championship 2023,2.0,0.3857
2023-08-11 19:30:00,117862,Italy,14,1374.82,1375.65,0.83,Austria,1135.63,W,11,2,U-23 Baseball European Championship 2023,2.0,0.7146
2023-08-11 19:30:00,117862,Austria,29,1135.63,1134.8,-0.83,Italy,1374.82,L,2,11,U-23 Baseball European Championship 2023,2.0,0.2854
2023-08-12 10:00:00,117863,Italy,14,1375.65,1376.75,1.1,Czechia,1330.47,W,11,7,U-23 Baseball European Championship 2023,2.0,0.5432
2023-08-12 10:00:00,117863,Czechia,17,1330.47,1329.38,-1.1,Italy,1375.65,L,7,11,U-23 Baseball European Championship 2023,2.0,0.4568
2023-08-12 14:30:00,117864,Austria,29,1134.8,1136.17,1.37,Belgium,1207.48,W,6,2,U-23 Baseball European Championship 2023,2.0,0.4307
2023-08-12 14:30:00,117864,Belgium,23,1207.48,1206.11,-1.37,Austria,1134.8,L,2,6,U-23 Baseball European Championship 2023,2.0,0.5693
2023-08-12 14:30:00,117865,Germany,19,1266.39,1264.92,-1.46,France,1176.59,L,0,5,U-23 Baseball European Championship 2023,2.0,0.5853
2023-08-12 14:30:00,117865,France,25,1176.59,1178.05,1.46,Germany,1266.39,W,5,0,U-23 Baseball European Championship 2023,2.0,0.4147
2023-08-12 19:00:00,117866,Great Britain,15,1333.19,1332.02,-1.18,Netherlands,1447.51,L,5,23,U-23 Baseball European Championship 2023,2.0,0.3921
2023-08-12 19:00:00,117866,Netherlands,11,1447.51,1448.68,1.18,Great Britain,1333.19,W,23,5,U-23 Baseball European Championship 2023,2.0,0.6079
2023-08-20 10:00:00,124328,Republic of Korea,6,1553.43,1553.68,0.25,Sri Lanka,928.41,W,26,0,BFA XI U15 Asian Baseball Championship 2023,2.0,0.9167
2023-08-20 10:00:00,124328,Sri Lanka,42,928.41,928.16,-0.25,Republic of Korea,1553.43,L,0,26,BFA XI U15 Asian Baseball Championship 2023,2.0,0.0833
2023-08-20 14:00:00,124329,Philippines,30,1101.55,1101.15,-0.4,Chinese Taipei,1565.48,L,1,9,BFA XI U15 Asian Baseball Championship 2023,2.0,0.1443
2023-08-20 14:00:00,124329,Chinese Taipei,5,1565.48,1565.88,0.4,Philippines,1101.55,W,9,1,BFA XI U15 Asian Baseball Championship 2023,2.0,0.8557
2023-08-20 14:00:00,124330,Hong Kong,34,1079.24,1079.11,-0.13,Japan,1889.23,L,1,21,BFA XI U15 Asian Baseball Championship 2023,2.0,0.0428
2023-08-20 14:00:00,124330,Japan,1,1889.23,1889.36,0.13,Hong Kong,1079.24,W,21,1,BFA XI U15 Asian Baseball Championship 2023,2.0,0.9572
2023-08-20 20:00:00,124331,China,28,1146.54,1147.86,1.32,Pakistan,1083.76,W,15,0,BFA XI U15 Asian Baseball Championship 2023,2.0,0.5599
2023-08-20 20:00:00,124331,Pakistan,32,1083.76,1082.44,-1.32,China,1146.54,L,0,15,BFA XI U15 Asian Baseball Championship 2023,2.0,0.4401
2023-08-22 10:00:00,124336,Chinese Taipei,5,1565.88,1566.12,0.24,Sri Lanka,928.16,W,18,0,BFA XI U15 Asian Baseball Championship 2023,2.0,0.9204
2023-08-22 10:00:00,124336,Sri Lanka,42,928.16,927.92,-0.24,Chinese Taipei,1565.88,L,0,18,BFA XI U15 Asian Baseball Championship 2023,2.0,0.0796
2023-08-22 14:00:00,124337,Republic of Korea,6,1553.68,1554.1,0.42,Philippines,1101.15,W,9,1,BFA XI U15 Asian Baseball Championship 2023,2.0,0.8503
2023-08-22 14:00:00,124337,Philippines,30,1101.15,1100.73,-0.42,Republic of Korea,1553.68,L,1,9,BFA XI U15 Asian Baseball Championship 2023,2.0,0.1497
2023-08-22 14:00:00,124338,Japan,1,1889.36,1889.49,0.13,Pakistan,1082.44,W,15,0,BFA XI U15 Asian Baseball Championship 2023,2.0,0.9568
2023-08-22 14:00:00,124338,Pakistan,32,1082.44,1082.31,-0.13,Japan,1889.36,L,0,15,BFA XI U15 Asian Baseball Championship 2023,2.0,0.0432
2023-08-22 18:00:00,124339,China,28,1147.86,1149.17,1.3,Hong Kong,1079.11,W,12,0,BFA XI U15 Asian Baseball Championship 2023,2.0,0.5656
2023-08-22 18:00:00,124339,Hong Kong,34,1079.11,1077.81,-1.3,China,1147.86,L,0,12,BFA XI U15 Asian Baseball Championship 2023,2.0,0.4344
2023-08-23 10:00:00,124332,Sri Lanka,42,927.92,926.9,-1.02,Philippines,1100.73,L,1,13,BFA XI U15 Asian Baseball Championship 2023,2.0,0.34
2023-08-23 10:00:00,124332,Philippines,30,1100.73,1101.75,1.02,Sri Lanka,927.92,W,13,1,BFA XI U15 Asian Baseball Championship 2023,2.0,0.66
2023-08-23 14:00:00,124333,Chinese Taipei,5,1566.12,1567.15,1.03,Republic of Korea,1554.1,W,1,0,BFA XI U15 Asian Baseball Championship 2023,2.0,0.5115
2023-08-23 14:00:00,124333,Republic of Korea,6,1554.1,1553.08,-1.03,Chinese Taipei,1566.12,L,0,1,BFA XI U15 Asian Baseball Championship 2023,2.0,0.4885
2023-08-23 14:00:00,124334,Pakistan,32,1082.31,1080.89,-1.41,Hong Kong,1077.81,L,3,11,BFA XI U15 Asian Baseball Championship 2023,2.0,0.5043
2023-08-23 14:00:00,124334,Hong Kong,34,1077.81,1079.22,1.41,Pakistan,1082.31,W,11,3,BFA XI U15 Asian Baseball Championship 2023,2.0,0.4957
2023-08-23 18:00:00,124335,Japan,1,1889.49,1889.62,0.13,China,1149.17,W,3,0,BFA XI U15 Asian Baseball Championship 2023,2.0,0.9449
2023-08-23 18:00:00,124335,China,28,1149.17,1149.04,-0.13,Japan,1889.49,L,0,3,BFA XI U15 Asian Baseball Championship 2023,2.0,0.0551
2023-08-24 10:00:00,124340,Sri Lanka,42,926.9,928.26,1.35,Pakistan,1080.89,W,10,9,BFA XI U15 Asian Baseball Championship 2023,2.0,0.3564
2023-08-24 10:00:00,124340,Pakistan,32,1080.89,1079.54,-1.35,Sri Lanka,926.9,L,9,10,BFA XI U15 Asian Baseball Championship 2023,2.0,0.6436
2023-08-24 14:00:00,124357,Hong Kong,34,1079.22,1077.78,-1.44,Philippines,1101.75,L,2,15,BFA XI U15 Asian Baseball Championship 2023,2.0,0.4784
2023-08-24 14:00:00,124357,Philippines,30,1101.75,1103.18,1.44,Hong Kong,1079.22,W,15,2,BFA XI U15 Asian Baseball Championship 2023,2.0,0.5216
2023-08-24 14:00:00,124358,Chinese Taipei,5,1567.15,1566.68,-0.47,Japan,1889.62,L,5,6,BFA XI U15 Asian Baseball Championship 2023,2.0,0.2249
2023-08-24 14:00:00,124358,Japan,1,1889.62,1890.09,0.47,Chinese Taipei,1567.15,W,6,5,BFA XI U15 Asian Baseball Championship 2023,2.0,0.7751
2023-08-24 18:00:00,124356,China,28,1149.04,1148.52,-0.53,Republic of Korea,1553.08,L,1,11,BFA XI U15 Asian Baseball Championship 2023,2.0,0.175
2023-08-24 18:00:00,124356,Republic of Korea,6,1553.08,1553.6,0.53,China,1149.04,W,11,1,BFA XI U15 Asian Baseball Championship 2023,2.0,0.825
2023-08-25 10:00:00,124359,Philippines,30,1103.18,1104.61,1.43,Pakistan,1079.54,W,15,1,BFA XI U15 Asian Baseball Championship 2023,2.0,0.5227
2023-08-25 10:00:00,124359,Pakistan,33,1079.54,1078.11,-1.43,Philippines,1103.18,L,1,15,BFA XI U15 Asian Baseball Championship 2023,2.0,0.4773
2023-08-25 14:00:00,124360,Japan,1,1890.09,1890.61,0.52,Republic of Korea,1553.6,W,5,1,BFA XI U15 Asian Baseball Championship 2023,2.0,0.7844
2023-08-25 14:00:00,124360,Republic of Korea,6,1553.6,1553.08,-0.52,Japan,1890.09,L,1,5,BFA XI U15 Asian Baseball Championship 2023,2.0,0.2156
2023-08-25 14:00:00,124361,Hong Kong,34,1077.78,1078.69,0.9,Sri Lanka,928.26,W,9,4,BFA XI U15 Asian Baseball Championship 2023,2.0,0.6396
2023-08-25 14:00:00,124361,Sri Lanka,42,928.26,927.36,-0.9,Hong Kong,1077.78,L,4,9,BFA XI U15 Asian Baseball Championship 2023,2.0,0.3604
2023-08-25 18:00:00,124362,Chinese Taipei,5,1566.68,1567.09,0.42,China,1148.52,W,6,1,BFA XI U15 Asian Baseball Championship 2023,2.0,0.8327
2023-08-25 18:00:00,124362,China,28,1148.52,1148.1,-0.42,Chinese Taipei,1566.68,L,1,6,BFA XI U15 Asian Baseball Championship 2023,2.0,0.1673
2023-08-26 13:00:00,124363,Republic of Korea,6,1553.08,1553.45,0.37,China,1148.1,W,2,1,BFA XI U15 Asian Baseball Championship 2023,2.0,0.8255
2023-08-26 13:00:00,124363,China,28,1148.1,1147.73,-0.37,Republic of Korea,1553.08,L,1,2,BFA XI U15 Asian Baseball Championship 2023,2.0,0.1745
2023-08-26 18:00:00,124364,Japan,1,1890.61,1888.9,-1.71,Chinese Taipei,1567.09,L,4,6,BFA XI U15 Asian Baseball Championship 2023,2.0,0.7758
2023-08-26 18:00:00,124364,Chinese Taipei,5,1567.09,1568.8,1.71,Japan,1890.61,W,6,4,BFA XI U15 Asian Baseball Championship 2023,2.0,0.2242
2023-08-31 18:30:00,122638,Chinese Taipei,5,1568.8,1571.18,2.38,Australia,1478.72,W,3,0,XXXI U-18 Baseball World Cup 2023,5.0,0.5856
2023-08-31 18:30:00,122638,Australia,8,1478.72,1476.34,-2.38,Chinese Taipei,1568.8,L,0,3,XXXI U-18 Baseball World Cup 2023,5.0,0.4144
2023-09-01 10:30:00,122639,United States of America,2,1731.18,1732.5,1.33,Netherlands,1448.68,W,2,1,XXXI U-18 Baseball World Cup 2023,5.0,0.7473
2023-09-01 10:30:00,122639,Netherlands,11,1448.68,1447.35,-1.33,United States of America,1731.18,L,1,2,XXXI U-18 Baseball World Cup 2023,5.0,0.2527
2023-09-01 11:30:00,122642,Republic of Korea,6,1553.45,1552.9,-0.55,Puerto Rico,1436.49,D,0,0,XXXI U-18 Baseball World Cup 2023,5.0,0.6104
2023-09-01 11:30:00,122642,Puerto Rico,12,1436.49,1437.04,0.55,Republic of Korea,1553.45,D,0,0,XXXI U-18 Baseball World Cup 2023,5.0,0.3896
2023-09-01 13:00:00,122640,Mexico,3,1635.17,1633.85,-1.32,Czechia,1329.38,D,0,0,XXXI U-18 Baseball World Cup 2023,5.0,0.7638
2023-09-01 13:00:00,122640,Czechia,17,1329.38,1330.69,1.32,Mexico,1635.17,D,0,0,XXXI U-18 Baseball World Cup 2023,5.0,0.2362
2023-09-01 14:30:00,122641,Venezuela,5,1570.31,1566.02,-4.29,Panama,1473.85,L,4,13,XXXI U-18 Baseball World Cup 2023,5.0,0.5915
2023-09-01 14:30:00,122641,Panama,9,1473.85,1478.14,4.29,Venezuela,1570.31,W,13,4,XXXI U-18 Baseball World Cup 2023,5.0,0.4085
2023-09-01 18:30:00,122643,Japan,1,1888.9,1889.69,0.79,Spain,1331.29,W,10,0,XXXI U-18 Baseball World Cup 2023,5.0,0.8947
2023-09-01 18:30:00,122643,Spain,16,1331.29,1330.5,-0.79,Japan,1888.9,L,0,10,XXXI U-18 Baseball World Cup 2023,5.0,0.1053
2023-09-02 10:30:00,122644,Australia,9,1476.34,1479.89,3.56,Mexico,1633.85,W,4,2,XXXI U-18 Baseball World Cup 2023,5.0,0.3533
2023-09-02 10:30:00,122644,Mexico,3,1633.85,1630.29,-3.56,Australia,1476.34,L,2,4,XXXI U-18 Baseball World Cup 2023,5.0,0.6467
2023-09-02 10:30:00,122645,Netherlands,11,1447.35,1451.33,3.98,Venezuela,1566.02,W,8,2,XXXI U-18 Baseball World Cup 2023,5.0,0.3881
2023-09-02 10:30:00,122645,Venezuela,5,1566.02,1562.04,-3.98,Netherlands,1447.35,L,2,8,XXXI U-18 Baseball World Cup 2023,5.0,0.6119
2023-09-02 14:30:00,122646,Puerto Rico,12,1437.04,1439.44,2.4,Czechia,1330.69,W,6,2,XXXI U-18 Baseball World Cup 2023,5.0,0.6006
2023-09-02 14:30:00,122646,Czechia,16,1330.69,1328.3,-2.4,Puerto Rico,1437.04,L,2,6,XXXI U-18 Baseball World Cup 2023,5.0,0.3994
2023-09-02 14:30:00,122647,Spain,16,1330.5,1329.4,-1.1,United States of America,1732.5,L,2,7,XXXI U-18 Baseball World Cup 2023,5.0,0.1761
2023-09-02 14:30:00,122647,United States of America,2,1732.5,1733.6,1.1,Spain,1330.5,W,7,2,XXXI U-18 Baseball World Cup 2023,5.0,0.8239
2023-09-02 18:30:00,122648,Chinese Taipei,4,1571.18,1574.2,3.02,Republic of Korea,1552.9,W,6,1,XXXI U-18 Baseball World Cup 2023,5.0,0.5175
2023-09-02 18:30:00,122648,Republic of Korea,6,1552.9,1549.88,-3.02,Chinese Taipei,1571.18,L,1,6,XXXI U-18 Baseball World Cup 2023,5.0,0.4825
2023-09-02 18:30:00,122649,Japan,1,1889.69,1890.84,1.15,Panama,1478.14,W,7,0,XXXI U-18 Baseball World Cup 2023,5.0,0.8291
2023-09-02 18:30:00,122649,Panama,9,1478.14,1476.98,-1.15,Japan,1889.69,L,0,7,XXXI U-18 Baseball World Cup 2023,5.0,0.1709
2023-09-03 09:00:00,122650,Puerto Rico,12,1439.44,1442.94,3.5,Australia,1479.89,W,6,0,XXXI U-18 Baseball World Cup 2023,5.0,0.4613
2023-09-03 09:00:00,122650,Australia,8,1479.89,1476.39,-3.5,Puerto Rico,1439.44,L,0,6,XXXI U-18 Baseball World Cup 2023,5.0,0.5387
2023-09-03 09:00:00,122651,Venezuela,5,1562.04,1563.86,1.82,Spain,1329.4,W,6,1,XXXI U-18 Baseball World Cup 2023,5.0,0.7095
2023-09-03 09:00:00,122651,Spain,16,1329.4,1327.58,-1.82,Venezuela,1562.04,L,1,6,XXXI U-18 Baseball World Cup 2023,5.0,0.2905
2023-09-03 12:00:00,122652,Mexico,3,1630.29,1627.11,-3.18,Chinese Taipei,1574.2,L,1,4,XXXI U-18 Baseball World Cup 2023,5.0,0.5536
2023-09-03 12:00:00,122652,Chinese Taipei,4,1574.2,1577.38,3.18,Mexico,1630.29,W,4,1,XXXI U-18 Baseball World Cup 2023,5.0,0.4464
2023-09-03 13:35:00,122653,Panama,8,1476.98,1474.23,-2.75,Netherlands,1451.33,L,3,4,XXXI U-18 Baseball World Cup 2023,5.0,0.5246
2023-09-03 13:35:00,122653,Netherlands,11,1451.33,1454.09,2.75,Panama,1476.98,W,4,3,XXXI U-18 Baseball World Cup 2023,5.0,0.4754
2023-09-03 16:30:00,122655,United States of America,2,1733.6,1731.75,-1.86,Japan,1890.84,L,3,4,XXXI U-18 Baseball World Cup 2023,5.0,0.3536
2023-09-03 16:30:00,122655,Japan,1,1890.84,1892.7,1.86,United States of America,1733.6,W,4,3,XXXI U-18 Baseball World Cup 2023,5.0,0.6464
2023-09-03 17:00:00,122654,Czechia,16,1328.3,1326.05,-2.25,Republic of Korea,1549.88,L,1,14,XXXI U-18 Baseball World Cup 2023,5.0,0.2994
2023-09-03 17:00:00,122654,Republic of Korea,6,1549.88,1552.13,2.25,Czechia,1328.3,W,14,1,XXXI U-18 Baseball World Cup 2023,5.0,0.7006
2023-09-04 13:30:00,122656,Mexico,3,1627.11,1623.59,-3.52,Puerto Rico,1442.94,L,0,1,XXXI U-18 Baseball World Cup 2023,5.0,0.6697
2023-09-04 13:30:00,122656,Puerto Rico,12,1442.94,1446.45,3.52,Mexico,1627.11,W,1,0,XXXI U-18 Baseball World Cup 2023,5.0,0.3303
2023-09-04 14:00:00,122657,Netherlands,11,1454.09,1456.47,2.38,Spain,1327.58,W,5,0,XXXI U-18 Baseball World Cup 2023,5.0,0.619
2023-09-04 14:00:00,122657,Spain,16,1327.58,1325.2,-2.38,Netherlands,1454.09,L,0,5,XXXI U-18 Baseball World Cup 2023,5.0,0.381
2023-09-04 16:30:00,122658,Republic of Korea,6,1552.13,1554.59,2.46,Australia,1476.39,W,3,0,XXXI U-18 Baseball World Cup 2023,5.0,0.5722
2023-09-04 16:30:00,122658,Australia,8,1476.39,1473.93,-2.46,Republic of Korea,1552.13,L,0,3,XXXI U-18 Baseball World Cup 2023,5.0,0.4278
2023-09-04 17:00:00,122659,Panama,8,1474.23,1472.74,-1.49,United States of America,1731.75,L,4,6,XXXI U-18 Baseball World Cup 2023,5.0,0.2713
2023-09-04 17:00:00,122659,United States of America,2,1731.75,1733.24,1.49,Panama,1474.23,W,6,4,XXXI U-18 Baseball World Cup 2023,5.0,0.7287
2023-09-04 19:30:00,122660,Czechia,16,1326.05,1324.47,-1.59,Chinese Taipei,1577.38,L,1,4,XXXI U-18 Baseball World Cup 2023,5.0,0.276
2023-09-04 19:30:00,122660,Chinese Taipei,4,1577.38,1578.97,1.59,Czechia,1326.05,W,4,1,XXXI U-18 Baseball World Cup 2023,5.0,0.724
2023-09-04 20:00:00,122661,Venezuela,5,1563.86,1562.2,-1.65,Japan,1892.7,L,0,10,XXXI U-18 Baseball World Cup 2023,5.0,0.2206
2023-09-04 20:00:00,122661,Japan,1,1892.7,1894.36,1.65,Venezuela,1563.86,W,10,0,XXXI U-18 Baseball World Cup 2023,5.0,0.7794
2023-09-05 09:00:00,122662,Republic of Korea,6,1554.59,1557.56,2.97,Mexico,1623.59,W,2,1,XXXI U-18 Baseball World Cup 2023,5.0,0.4342
2023-09-05 09:00:00,122662,Mexico,3,1623.59,1620.62,-2.97,Republic of Korea,1554.59,L,1,2,XXXI U-18 Baseball World Cup 2023,5.0,0.5658
2023-09-05 10:30:00,122663,Spain,17,1325.2,1323.21,-1.99,Panama,1472.74,L,1,3,XXXI U-18 Baseball World Cup 2023,5.0,0.3621
2023-09-05 10:30:00,122663,Panama,9,1472.74,1474.73,1.99,Spain,1325.2,W,3,1,XXXI U-18 Baseball World Cup 2023,5.0,0.6379
2023-09-05 12:00:00,122664,Australia,9,1473.93,1470.25,-3.68,Czechia,1324.47,L,2,5,XXXI U-18 Baseball World Cup 2023,5.0,0.6396
2023-09-05 12:00:00,122664,Czechia,17,1324.47,1328.14,3.68,Australia,1473.93,W,5,2,XXXI U-18 Baseball World Cup 2023,5.0,0.3604
2023-09-05 14:30:00,122665,United States of America,2,1733.24,1735.2,1.96,Venezuela,1562.2,W,4,1,XXXI U-18 Baseball World Cup 2023,5.0,0.6584
2023-09-05 14:30:00,122665,Venezuela,5,1562.2,1560.24,-1.96,United States of America,1733.24,L,1,4,XXXI U-18 Baseball World Cup 2023,5.0,0.3416
2023-09-05 18:30:00,122666,Chinese Taipei,4,1578.97,1578.35,-0.62,Puerto Rico,1446.45,D,0,0,XXXI U-18 Baseball World Cup 2023,5.0,0.6245
2023-09-05 18:30:00,122666,Puerto Rico,12,1446.45,1447.08,0.62,Chinese Taipei,1578.97,D,0,0,XXXI U-18 Baseball World Cup 2023,5.0,0.3755
2023-09-05 18:30:00,122667,Japan,1,1894.36,1889.93,-4.43,Netherlands,1456.47,L,0,1,XXXI U-18 Baseball World Cup 2023,5.0,0.843
2023-09-05 18:30:00,122667,Netherlands,11,1456.47,1460.89,4.43,Japan,1894.36,W,1,0,XXXI U-18 Baseball World Cup 2023,5.0,0.157
2023-09-06 09:00:00,125491,Chinese Taipei,4,1578.35,1581.17,2.82,Puerto Rico,1447.08,W,16,2,XXXI U-18 Baseball World Cup 2023,5.0,0.6233
2023-09-06 09:00:00,125491,Puerto Rico,12,1447.08,1444.25,-2.82,Chinese Taipei,1578.35,L,2,16,XXXI U-18 Baseball World Cup 2023,5.0,0.3767
2023-09-06 11:30:00,125489,Republic of Korea,6,1557.56,1557.02,-0.54,Puerto Rico,1444.25,D,0,0,XXXI U-18 Baseball World Cup 2023,5.0,0.607
2023-09-06 11:30:00,125489,Puerto Rico,12,1444.25,1444.79,0.54,Republic of Korea,1557.56,D,0,0,XXXI U-18 Baseball World Cup 2023,5.0,0.393
2023-09-06 14:00:00,125490,Mexico,3,1620.62,1619.35,-1.27,Czechia,1328.14,D,0,0,XXXI U-18 Baseball World Cup 2023,5.0,0.7544
2023-09-06 14:00:00,125490,Czechia,16,1328.14,1329.42,1.27,Mexico,1620.62,D,0,0,XXXI U-18 Baseball World Cup 2023,5.0,0.2456
2023-09-07 09:00:00,125522,Republic of Korea,6,1557.02,1559.68,2.66,Puerto Rico,1444.79,W,8,1,XXXI U-18 Baseball World Cup 2023,5.0,0.606
2023-09-07 09:00:00,125522,Puerto Rico,12,1444.79,1442.13,-2.66,Republic of Korea,1557.02,L,1,8,XXXI U-18 Baseball World Cup 2023,5.0,0.394
2023-09-07 09:30:00,122669,Czechia,16,1329.42,1332.38,2.96,Spain,1323.21,W,4,0,XXXI U-18 Baseball World Cup 2023,5.0,0.506
2023-09-07 09:30:00,122669,Spain,18,1323.21,1320.25,-2.96,Czechia,1329.42,L,0,4,XXXI U-18 Baseball World Cup 2023,5.0,0.494
2023-09-07 11:30:00,122668,Netherlands,11,1460.89,1458.17,-2.72,Puerto Rico,1442.13,L,2,3,XXXI U-18 Baseball World Cup 2023,5.0,0.518
2023-09-07 11:30:00,122668,Puerto Rico,12,1442.13,1444.85,2.72,Netherlands,1460.89,W,3,2,XXXI U-18 Baseball World Cup 2023,5.0,0.482
2023-09-07 12:30:00,122671,Mexico,3,1619.35,1616.15,-3.2,Venezuela,1560.24,L,2,5,XXXI U-18 Baseball World Cup 2023,5.0,0.5565
2023-09-07 12:30:00,122671,Venezuela,5,1560.24,1563.44,3.2,Mexico,1619.35,W,5,2,XXXI U-18 Baseball World Cup 2023,5.0,0.4435
2023-09-07 14:30:00,122670,Japan,1,1889.93,1891.36,1.43,Republic of Korea,1559.68,W,7,1,XXXI U-18 Baseball World Cup 2023,5.0,0.7803
2023-09-07 14:30:00,122670,Republic of Korea,6,1559.68,1558.25,-1.43,Japan,1889.93,L,1,7,XXXI U-18 Baseball World Cup 2023,5.0,0.2197
2023-09-07 15:30:00,122673,Australia,9,1470.25,1467.65,-2.6,Panama,1474.73,L,1,2,XXXI U-18 Baseball World Cup 2023,5.0,0.4957
2023-09-07 15:30:00,122673,Panama,8,1474.73,1477.33,2.6,Australia,1470.25,W,2,1,XXXI U-18 Baseball World Cup 2023,5.0,0.5043
2023-09-07 18:30:00,122672,United States of America,2,1735.2,1731.5,-3.7,Chinese Taipei,1581.17,L,0,3,XXXI U-18 Baseball World Cup 2023,5.0,0.6436
2023-09-07 18:30:00,122672,Chinese Taipei,4,1581.17,1584.87,3.7,United States of America,1735.2,W,3,0,XXXI U-18 Baseball World Cup 2023,5.0,0.3564
2023-09-08 09:00:00,125595,Mexico,3,1616.15,1617.6,1.45,Czechia,1332.38,W,4,1,XXXI U-18 Baseball World Cup 2023,5.0,0.7482
2023-09-08 09:00:00,125595,Czechia,15,1332.38,1330.93,-1.45,Mexico,1616.15,L,1,4,XXXI U-18 Baseball World Cup 2023,5.0,0.2518
2023-09-08 10:30:00,122674,Japan,1,1891.36,1892.5,1.15,Puerto Rico,1444.85,W,10,0,XXXI U-18 Baseball World Cup 2023,5.0,0.8473
2023-09-08 10:30:00,122674,Puerto Rico,12,1444.85,1443.7,-1.15,Japan,1891.36,L,0,10,XXXI U-18 Baseball World Cup 2023,5.0,0.1527
2023-09-08 12:00:00,122675,Mexico,3,1617.6,1618.87,1.27,Spain,1320.25,W,6,5,XXXI U-18 Baseball World Cup 2023,5.0,0.7579
2023-09-08 12:00:00,122675,Spain,18,1320.25,1318.98,-1.27,Mexico,1617.6,L,5,6,XXXI U-18 Baseball World Cup 2023,5.0,0.2421
2023-09-08 14:30:00,122676,United States of America,2,1731.5,1733.54,2.04,Republic of Korea,1558.25,W,5,1,XXXI U-18 Baseball World Cup 2023,5.0,0.6604
2023-09-08 14:30:00,122676,Republic of Korea,6,1558.25,1556.22,-2.04,United States of America,1731.5,L,1,5,XXXI U-18 Baseball World Cup 2023,5.0,0.3396
2023-09-08 15:00:00,122677,Panama,8,1477.33,1479.42,2.09,Czechia,1330.93,W,4,1,XXXI U-18 Baseball World Cup 2023,5.0,0.6369
2023-09-08 15:00:00,122677,Czechia,16,1330.93,1328.84,-2.09,Panama,1477.33,L,1,4,XXXI U-18 Baseball World Cup 2023,5.0,0.3631
2023-09-08 18:00:00,122679,Australia,9,1467.65,1468.11,0.45,Venezuela,1563.44,D,0,0,XXXI U-18 Baseball World Cup 2023,5.0,0.4091
2023-09-08 18:00:00,122679,Venezuela,5,1563.44,1562.99,-0.45,Australia,1467.65,D,0,0,XXXI U-18 Baseball World Cup 2023,5.0,0.5909
2023-09-08 18:30:00,122678,Chinese Taipei,4,1584.87,1587.35,2.48,Netherlands,1458.17,W,6,0,XXXI U-18 Baseball World Cup 2023,5.0,0.6192
2023-09-08 18:30:00,122678,Netherlands,11,1458.17,1455.7,-2.48,Chinese Taipei,1584.87,L,0,6,XXXI U-18 Baseball World Cup 2023,5.0,0.3808
2023-09-09 09:00:00,122685,Panama,8,1479.42,1477.02,-2.4,Mexico,1618.87,L,2,8,XXXI U-18 Baseball World Cup 2023,5.0,0.3693
2023-09-09 09:00:00,122685,Mexico,3,1618.87,1621.27,2.4,Panama,1479.42,W,8,2,XXXI U-18 Baseball World Cup 2023,5.0,0.6307
2023-09-09 10:00:00,122680,United States of America,2,1733.54,1729.59,-3.95,Puerto Rico,1443.7,L,3,4,XXXI U-18 Baseball World Cup 2023,5.0,0.7526
2023-09-09 10:00:00,122680,Puerto Rico,12,1443.7,1447.65,3.95,United States of America,1733.54,W,4,3,XXXI U-18 Baseball World Cup 2023,5.0,0.2474
2023-09-09 11:30:00,122683,Australia,9,1468.11,1470.09,1.98,Spain,1318.98,W,2,0,XXXI U-18 Baseball World Cup 2023,5.0,0.6393
2023-09-09 11:30:00,122683,Spain,18,1318.98,1316.99,-1.98,Australia,1468.11,L,0,2,XXXI U-18 Baseball World Cup 2023,5.0,0.3607
2023-09-09 14:00:00,125640,Australia,9,1470.09,1470.53,0.44,Venezuela,1562.99,D,0,0,XXXI U-18 Baseball World Cup 2023,5.0,0.4118
2023-09-09 14:00:00,125640,Venezuela,5,1562.99,1562.54,-0.44,Australia,1470.09,D,0,0,XXXI U-18 Baseball World Cup 2023,5.0,0.5882
2023-09-09 14:00:00,122682,Republic of Korea,6,1556.22,1558.44,2.23,Netherlands,1455.7,W,3,1,XXXI U-18 Baseball World Cup 2023,5.0,0.5953
2023-09-09 14:00:00,122682,Netherlands,11,1455.7,1453.47,-2.23,Republic of Korea,1556.22,L,1,3,XXXI U-18 Baseball World Cup 2023,5.0,0.4047
2023-09-09 16:30:00,122681,Venezuela,5,1562.54,1561.49,-1.05,Czechia,1328.84,D,0,0,XXXI U-18 Baseball World Cup 2023,5.0,0.7103
2023-09-09 16:30:00,122681,Czechia,16,1328.84,1329.9,1.05,Venezuela,1562.54,D,0,0,XXXI U-18 Baseball World Cup 2023,5.0,0.2897
2023-09-09 18:00:00,122684,Chinese Taipei,4,1587.35,1591.74,4.39,Japan,1892.5,W,5,2,XXXI U-18 Baseball World Cup 2023,5.0,0.2367
2023-09-09 18:00:00,122684,Japan,1,1892.5,1888.11,-4.39,Chinese Taipei,1587.35,L,2,5,XXXI U-18 Baseball World Cup 2023,5.0,0.7633
2023-09-10 09:00:00,125711,Australia,9,1470.53,1474.49,3.96,Venezuela,1561.49,W,8,1,XXXI U-18 Baseball World Cup 2023,5.0,0.4136
2023-09-10 09:00:00,125711,Venezuela,5,1561.49,1557.54,-3.96,Australia,1470.53,L,1,8,XXXI U-18 Baseball World Cup 2023,5.0,0.5864
2023-09-10 11:00:00,125710,Venezuela,6,1557.54,1552.77,-4.76,Czechia,1329.9,L,0,7,XXXI U-18 Baseball World Cup 2023,5.0,0.7055
2023-09-10 11:00:00,125710,Czechia,16,1329.9,1334.66,4.76,Venezuela,1557.54,W,7,0,XXXI U-18 Baseball World Cup 2023,5.0,0.2945
2023-09-10 14:00:00,122686,United States of America,2,1729.59,1725.64,-3.95,Republic of Korea,1558.44,L,0,4,XXXI U-18 Baseball World Cup 2023,5.0,0.6585
2023-09-10 14:00:00,122686,Republic of Korea,5,1558.44,1562.39,3.95,United States of America,1729.59,W,4,0,XXXI U-18 Baseball World Cup 2023,5.0,0.3415
2023-09-10 18:00:00,122688,Chinese Taipei,4,1591.74,1590.46,-1.27,Japan,1888.11,L,1,2,XXXI U-18 Baseball World Cup 2023,5.0,0.2428
2023-09-10 18:00:00,122688,Japan,1,1888.11,1889.39,1.27,Chinese Taipei,1591.74,W,2,1,XXXI U-18 Baseball World Cup 2023,5.0,0.7572
2023-09-24 11:00:00,115942,Israel,22,1216.51,1222.39,5.88,Switzerland,848.89,W,14,1,Baseball European Championship 2023,20.0,0.8039
2023-09-24 11:00:00,115942,Switzerland,49,848.89,843.01,-5.88,Israel,1216.51,L,1,14,Baseball European Championship 2023,20.0,0.1961
2023-09-24 11:00:00,115944,Croatia,31,1088.27,1105.21,16.94,Ukraine,1155.97,W,11,1,Baseball European Championship 2023,20.0,0.4354
2023-09-24 11:00:00,115944,Ukraine,27,1155.97,1139.04,-16.94,Croatia,1088.27,L,1,11,Baseball European Championship 2023,20.0,0.5646
2023-09-24 11:00:00,115946,Italy,14,1376.75,1380.41,3.66,Hungary,862.54,W,15,2,Baseball European Championship 2023,20.0,0.878
2023-09-24 11:00:00,115946,Hungary,47,862.54,858.88,-3.66,Italy,1376.75,L,2,15,Baseball European Championship 2023,20.0,0.122
2023-09-24 11:00:00,115948,Spain,18,1316.99,1325.42,8.43,Greece,1072.0,W,14,1,Baseball European Championship 2023,20.0,0.7191
2023-09-24 11:00:00,115948,Greece,35,1072.0,1063.57,-8.43,Spain,1316.99,L,1,14,Baseball European Championship 2023,20.0,0.2809
2023-09-24 17:30:00,115943,Belgium,23,1206.11,1192.8,-13.31,Germany,1264.92,L,4,15,Baseball European Championship 2023,20.0,0.4438
2023-09-24 17:30:00,115943,Germany,19,1264.92,1278.24,13.31,Belgium,1206.11,W,15,4,Baseball European Championship 2023,20.0,0.5562
2023-09-24 17:30:00,115945,Netherlands,11,1453.47,1460.95,7.48,France,1178.05,W,9,0,Baseball European Championship 2023,20.0,0.7421
2023-09-24 17:30:00,115945,France,25,1178.05,1170.57,-7.48,Netherlands,1453.47,L,0,9,Baseball European Championship 2023,20.0,0.2579
2023-09-24 17:30:00,115947,Great Britain,16,1332.02,1337.02,5.0,Sweden,984.18,W,4,0,Baseball European Championship 2023,20.0,0.7916
2023-09-24 17:30:00,115947,Sweden,41,984.18,979.18,-5.0,Great Britain,1332.02,L,0,4,Baseball European Championship 2023,20.0,0.2084
2023-09-24 18:00:00,115949,Czechia,16,1334.66,1343.89,9.23,Austria,1136.17,W,9,0,Baseball European Championship 2023,20.0,0.6817
2023-09-24 18:00:00,115949,Austria,29,1136.17,1126.94,-9.23,Czechia,1334.66,L,0,9,Baseball European Championship 2023,20.0,0.3183
2023-09-25 11:00:00,115950,Belgium,24,1192.8,1172.97,-19.82,Switzerland,843.01,L,2,7,Baseball European Championship 2023,20.0,0.7929
2023-09-25 11:00:00,115950,Switzerland,50,843.01,862.83,19.82,Belgium,1192.8,W,7,2,Baseball European Championship 2023,20.0,0.2071
2023-09-25 11:00:00,115952,Ukraine,28,1139.04,1132.28,-6.76,Netherlands,1460.95,L,3,16,Baseball European Championship 2023,20.0,0.2252
2023-09-25 11:00:00,115952,Netherlands,11,1460.95,1467.71,6.76,Ukraine,1139.04,W,16,3,Baseball European Championship 2023,20.0,0.7748
2023-09-25 11:00:00,115954,Great Britain,16,1337.02,1341.15,4.13,Hungary,858.88,W,22,3,Baseball European Championship 2023,20.0,0.8623
2023-09-25 11:00:00,115954,Hungary,48,858.88,854.75,-4.13,Great Britain,1337.02,L,3,22,Baseball European Championship 2023,20.0,0.1377
2023-09-25 11:00:00,115956,Austria,29,1126.94,1117.39,-9.55,Spain,1325.42,L,1,13,Baseball European Championship 2023,20.0,0.3183
2023-09-25 11:00:00,115956,Spain,18,1325.42,1334.97,9.55,Austria,1126.94,W,13,1,Baseball European Championship 2023,20.0,0.6817
2023-09-25 17:30:00,115953,Croatia,30,1105.21,1095.58,-9.63,France,1170.57,L,1,3,Baseball European Championship 2023,20.0,0.4376
2023-09-25 17:30:00,115953,France,25,1170.57,1180.2,9.63,Croatia,1105.21,W,3,1,Baseball European Championship 2023,20.0,0.5624
2023-09-25 17:30:00,115955,Sweden,41,979.18,999.76,20.59,Italy,1380.41,W,8,3,Baseball European Championship 2023,20.0,0.1766
2023-09-25 17:30:00,115955,Italy,14,1380.41,1359.82,-20.59,Sweden,979.18,L,3,8,Baseball European Championship 2023,20.0,0.8234
2023-09-25 17:40:00,115957,Czechia,15,1343.89,1351.52,7.63,Greece,1063.57,W,14,0,Baseball European Championship 2023,20.0,0.7457
2023-09-25 17:40:00,115957,Greece,35,1063.57,1055.94,-7.63,Czechia,1343.89,L,0,14,Baseball European Championship 2023,20.0,0.2543
2023-09-25 20:00:00,115951,Germany,19,1278.24,1288.06,9.83,Israel,1222.39,W,2,0,Baseball European Championship 2023,20.0,0.5534
2023-09-25 20:00:00,115951,Israel,22,1222.39,1212.56,-9.83,Germany,1278.24,L,0,2,Baseball European Championship 2023,20.0,0.4466
2023-09-26 11:00:00,115958,Israel,22,1212.56,1223.19,10.63,Belgium,1172.97,W,11,8,Baseball European Championship 2023,20.0,0.5379
2023-09-26 11:00:00,115958,Belgium,25,1172.97,1162.35,-10.63,Israel,1212.56,L,8,11,Baseball European Championship 2023,20.0,0.4621
2023-09-26 11:00:00,115960,France,24,1180.2,1193.83,13.62,Ukraine,1132.28,W,10,0,Baseball European Championship 2023,20.0,0.5458
2023-09-26 11:00:00,115960,Ukraine,28,1132.28,1118.65,-13.62,France,1180.2,L,0,10,Baseball European Championship 2023,20.0,0.4542
2023-09-26 11:00:00,115962,Hungary,48,854.75,843.82,-10.93,Sweden,999.76,L,7,17,Baseball European Championship 2023,20.0,0.3644
2023-09-26 11:00:00,115962,Sweden,39,999.76,1010.69,10.93,Hungary,854.75,W,17,7,Baseball European Championship 2023,20.0,0.6356
2023-09-26 11:00:00,115964,Greece,35,1055.94,1069.91,13.97,Austria,1117.39,W,11,6,Baseball European Championship 2023,20.0,0.4413
2023-09-26 11:00:00,115964,Austria,29,1117.39,1103.42,-13.97,Greece,1055.94,L,6,11,Baseball European Championship 2023,20.0,0.5587
2023-09-26 17:30:00,115959,Switzerland,47,862.83,857.93,-4.91,Germany,1288.06,L,5,15,Baseball European Championship 2023,20.0,0.1636
2023-09-26 17:30:00,115959,Germany,19,1288.06,1292.97,4.91,Switzerland,862.83,W,15,5,Baseball European Championship 2023,20.0,0.8364
2023-09-26 17:30:00,115961,Netherlands,10,1467.71,1473.51,5.8,Croatia,1095.58,W,15,2,Baseball European Championship 2023,20.0,0.8066
2023-09-26 17:30:00,115961,Croatia,31,1095.58,1089.78,-5.8,Netherlands,1467.71,L,2,15,Baseball European Championship 2023,20.0,0.1934
2023-09-26 17:30:00,115963,Italy,14,1359.82,1348.95,-10.88,Great Britain,1341.15,L,10,11,Baseball European Championship 2023,20.0,0.5179
2023-09-26 17:30:00,115963,Great Britain,16,1341.15,1352.02,10.88,Italy,1359.82,W,11,10,Baseball European Championship 2023,20.0,0.4821
2023-09-26 17:40:00,115965,Spain,17,1334.97,1349.93,14.96,Czechia,1351.52,W,9,0,Baseball European Championship 2023,20.0,0.4841
2023-09-26 17:40:00,115965,Czechia,15,1351.52,1336.56,-14.96,Spain,1334.97,L,0,9,Baseball European Championship 2023,20.0,0.5159
2023-09-26 18:30:00,126782,Thailand,51,830.37,841.35,10.98,Laos,806.83,W,4,1,XIX Asian Games 2022 | Men's Baseball,20.0,0.5226
2023-09-26 18:30:00,126782,Laos,58,806.83,795.85,-10.98,Thailand,830.37,L,1,4,XIX Asian Games 2022 | Men's Baseball,20.0,0.4774
2023-09-27 18:30:00,125913,Laos,82,795.85,806.05,10.21,Singapore,781.21,W,8,7,XIX Asian Games 2022 | Men's Baseball,20.0,0.514
2023-09-27 18:30:00,125913,Singapore,89,781.21,771.01,-10.21,Laos,795.85,L,7,8,XIX Asian Games 2022 | Men's Baseball,20.0,0.486
2023-09-28 10:00:00,115968,Switzerland,47,857.93,877.35,19.43,Austria,1103.42,W,9,2,Baseball European Championship 2023,20.0,0.2805
2023-09-28 10:00:00,115968,Austria,30,1103.42,1083.99,-19.43,Switzerland,857.93,L,2,9,Baseball European Championship 2023,20.0,0.7195
2023-09-28 12:00:00,115967,Italy,16,1348.95,1357.72,8.77,Ukraine,1118.65,W,15,0,Baseball European Championship 2023,20.0,0.7076
2023-09-28 12:00:00,115967,Ukraine,28,1118.65,1109.88,-8.77,Italy,1348.95,L,0,15,Baseball European Championship 2023,20.0,0.2924
2023-09-28 12:00:00,115970,Germany,19,1292.97,1301.5,8.53,France,1193.83,W,6,5,Baseball European Championship 2023,20.0,0.594
2023-09-28 12:00:00,115970,France,24,1193.83,1185.3,-8.53,Germany,1292.97,L,5,6,Baseball European Championship 2023,20.0,0.406
2023-09-28 12:00:00,115973,Spain,16,1349.93,1356.34,6.42,Sweden,1010.69,W,18,3,Baseball European Championship 2023,20.0,0.7861
2023-09-28 12:00:00,115973,Sweden,38,1010.69,1004.28,-6.42,Spain,1349.93,L,3,18,Baseball European Championship 2023,20.0,0.2139
2023-09-28 15:00:00,115969,Greece,35,1069.91,1061.25,-8.66,Belgium,1162.35,L,4,5,Baseball European Championship 2023,20.0,0.4122
2023-09-28 15:00:00,115969,Belgium,26,1162.35,1171.0,8.66,Greece,1069.91,W,5,4,Baseball European Championship 2023,20.0,0.5878
2023-09-28 18:30:00,125914,Singapore,91,771.01,758.02,-12.99,Thailand,841.35,L,0,17,XIX Asian Games 2022 | Men's Baseball,20.0,0.4329
2023-09-28 18:30:00,125914,Thailand,51,841.35,854.34,12.99,Singapore,771.01,W,17,0,XIX Asian Games 2022 | Men's Baseball,20.0,0.5671
2023-09-28 18:30:00,115966,Croatia,30,1089.78,1097.34,7.56,Hungary,843.82,W,9,2,Baseball European Championship 2023,20.0,0.7199
2023-09-28 18:30:00,115966,Hungary,51,843.82,836.26,-7.56,Croatia,1089.78,L,2,9,Baseball European Championship 2023,20.0,0.2801
2023-09-28 18:30:00,115971,Netherlands,10,1473.51,1481.81,8.3,Israel,1223.19,W,12,2,Baseball European Championship 2023,20.0,0.7232
2023-09-28 18:30:00,115971,Israel,22,1223.19,1214.89,-8.3,Netherlands,1473.51,L,2,12,Baseball European Championship 2023,20.0,0.2768
2023-09-28 18:30:00,115972,Great Britain,16,1352.02,1366.58,14.56,Czechia,1336.56,W,12,2,Baseball European Championship 2023,20.0,0.5148
2023-09-28 18:30:00,115972,Czechia,17,1336.56,1322.0,-14.56,Great Britain,1352.02,L,2,12,Baseball European Championship 2023,20.0,0.4852
2023-09-29 10:00:00,115976,Austria,31,1083.99,1070.21,-13.78,Ukraine,1109.88,L,0,9,Baseball European Championship 2023,20.0,0.4752
2023-09-29 10:00:00,115976,Ukraine,28,1109.88,1123.66,13.78,Austria,1083.99,W,9,0,Baseball European Championship 2023,20.0,0.5248
2023-09-29 12:00:00,115974,Switzerland,47,877.35,873.39,-3.96,Italy,1357.72,L,3,12,Baseball European Championship 2023,20.0,0.1366
2023-09-29 12:00:00,115974,Italy,15,1357.72,1361.68,3.96,Switzerland,877.35,W,12,3,Baseball European Championship 2023,20.0,0.8634
2023-09-29 12:00:00,115979,Sweden,38,1004.28,997.5,-6.78,Israel,1214.89,L,4,6,Baseball European Championship 2023,20.0,0.3083
2023-09-29 12:00:00,115979,Israel,22,1214.89,1221.67,6.78,Sweden,1004.28,W,6,4,Baseball European Championship 2023,20.0,0.6917
2023-09-29 12:00:00,115980,Great Britain,14,1366.58,1377.09,10.51,Germany,1301.5,W,8,4,Baseball European Championship 2023,20.0,0.5621
2023-09-29 12:00:00,115980,Germany,19,1301.5,1290.99,-10.51,Great Britain,1366.58,L,4,8,Baseball European Championship 2023,20.0,0.4379
2023-09-29 15:00:00,115977,Greece,35,1061.25,1068.67,7.42,Hungary,836.26,W,19,14,Baseball European Championship 2023,20.0,0.7034
2023-09-29 15:00:00,115977,Hungary,51,836.26,828.84,-7.42,Greece,1061.25,L,14,19,Baseball European Championship 2023,20.0,0.2966
2023-09-29 18:30:00,115975,Croatia,30,1097.34,1109.88,12.54,Belgium,1171.0,W,7,5,Baseball European Championship 2023,20.0,0.4298
2023-09-29 18:30:00,115975,Belgium,25,1171.0,1158.46,-12.54,Croatia,1097.34,L,5,7,Baseball European Championship 2023,20.0,0.5702
2023-09-29 18:30:00,115978,Czechia,18,1322.0,1333.16,11.15,France,1185.3,W,11,1,Baseball European Championship 2023,20.0,0.6282
2023-09-29 18:30:00,115978,France,24,1185.3,1174.15,-11.15,Czechia,1322.0,L,1,11,Baseball European Championship 2023,20.0,0.3718
2023-09-29 18:30:00,115981,Netherlands,8,1481.81,1468.83,-12.98,Spain,1356.34,L,6,7,Baseball European Championship 2023,20.0,0.6181
2023-09-29 18:30:00,115981,Spain,16,1356.34,1369.32,12.98,Netherlands,1481.81,W,7,6,Baseball European Championship 2023,20.0,0.3819
2023-09-30 10:00:00,115982,Austria,34,1070.21,1078.72,8.51,Hungary,828.84,W,15,5,Baseball European Championship 2023,20.0,0.7163
2023-09-30 10:00:00,115982,Hungary,53,828.84,820.33,-8.51,Austria,1070.21,L,5,15,Baseball European Championship 2023,20.0,0.2837
2023-09-30 12:00:00,115984,Belgium,26,1158.46,1164.73,6.27,Switzerland,873.39,W,8,3,Baseball European Championship 2023,20.0,0.7491
2023-09-30 12:00:00,115984,Switzerland,47,873.39,867.12,-6.27,Belgium,1158.46,L,3,8,Baseball European Championship 2023,20.0,0.2509
2023-09-30 12:00:00,115986,France,24,1174.15,1184.25,10.1,Sweden,997.5,W,13,0,Baseball European Championship 2023,20.0,0.6633
2023-09-30 12:00:00,115986,Sweden,39,997.5,987.39,-10.1,France,1174.15,L,0,13,Baseball European Championship 2023,20.0,0.3367
2023-09-30 14:30:00,115983,Greece,35,1068.67,1081.93,13.26,Ukraine,1123.66,W,8,4,Baseball European Championship 2023,20.0,0.4474
2023-09-30 14:30:00,115983,Ukraine,28,1123.66,1110.4,-13.26,Greece,1068.67,L,4,8,Baseball European Championship 2023,20.0,0.5526
2023-09-30 18:30:00,115985,Italy,16,1361.68,1367.47,5.79,Croatia,1109.88,W,6,5,Baseball European Championship 2023,20.0,0.7244
2023-09-30 18:30:00,115985,Croatia,29,1109.88,1104.1,-5.79,Italy,1361.68,L,5,6,Baseball European Championship 2023,20.0,0.2756
2023-09-30 18:30:00,115987,Czechia,17,1333.16,1342.63,9.47,Israel,1221.67,W,5,1,Baseball European Championship 2023,20.0,0.6054
2023-09-30 18:30:00,115987,Israel,22,1221.67,1212.2,-9.47,Czechia,1333.16,L,1,5,Baseball European Championship 2023,20.0,0.3946
2023-10-01 12:00:00,125915,China,27,1147.73,1154.1,6.37,Laos,806.05,W,15,0,XIX Asian Games 2022 | Men's Baseball,20.0,0.7877
2023-10-01 12:00:00,125915,Laos,58,806.05,799.68,-6.37,China,1147.73,L,0,15,XIX Asian Games 2022 | Men's Baseball,20.0,0.2123
2023-10-01 12:00:00,125916,Philippines,29,1104.61,1103.39,-1.22,Japan,1889.39,L,0,6,XIX Asian Games 2022 | Men's Baseball,20.0,0.0469
2023-10-01 12:00:00,125916,Japan,1,1889.39,1890.61,1.22,Philippines,1104.61,W,6,0,XIX Asian Games 2022 | Men's Baseball,20.0,0.9531
2023-10-01 12:00:00,115988,Netherlands,10,1468.83,1475.88,7.05,Germany,1290.99,W,5,4,Baseball European Championship 2023,20.0,0.6643
2023-10-01 12:00:00,115988,Germany,19,1290.99,1283.94,-7.05,Netherlands,1468.83,L,4,5,Baseball European Championship 2023,20.0,0.3357
2023-10-01 16:00:00,127019,Cuba,7,1535.7,1531.26,-4.44,Virgin Islands,798.91,D,0,0,V Caribbean Baseball Cup 2023 - V Copa del Caribe de Béisbol 2023,10.0,0.9441
2023-10-01 16:00:00,127019,Virgin Islands,80,798.91,803.35,4.44,Cuba,1535.7,D,0,0,V Caribbean Baseball Cup 2023 - V Copa del Caribe de Béisbol 2023,10.0,0.0559
2023-10-01 18:30:00,125917,Republic of Korea,5,1562.39,1566.45,4.05,Hong Kong,1078.69,W,10,0,XIX Asian Games 2022 | Men's Baseball,20.0,0.8649
2023-10-01 18:30:00,125917,Hong Kong,34,1078.69,1074.63,-4.05,Republic of Korea,1562.39,L,0,10,XIX Asian Games 2022 | Men's Baseball,20.0,0.1351
2023-10-01 18:30:00,125918,Chinese Taipei,4,1590.46,1592.14,1.68,Thailand,854.34,W,12,1,XIX Asian Games 2022 | Men's Baseball,20.0,0.944
2023-10-01 18:30:00,125918,Thailand,48,854.34,852.66,-1.68,Chinese Taipei,1590.46,L,1,12,XIX Asian Games 2022 | Men's Baseball,20.0,0.056
2023-10-01 18:30:00,115989,Great Britain,14,1377.09,1362.37,-14.72,Spain,1369.32,L,2,11,Baseball European Championship 2023,20.0,0.5074
2023-10-01 18:30:00,115989,Spain,15,1369.32,1384.04,14.72,Great Britain,1377.09,W,11,2,Baseball European Championship 2023,20.0,0.4926
2023-10-01 19:30:00,127020,Puerto Rico,12,1447.65,1444.15,-3.51,Curaçao,994.58,D,0,0,V Caribbean Baseball Cup 2023 - V Copa del Caribe de Béisbol 2023,10.0,0.8505
2023-10-01 19:30:00,127020,Curaçao,39,994.58,998.09,3.51,Puerto Rico,1447.65,D,0,0,V Caribbean Baseball Cup 2023 - V Copa del Caribe de Béisbol 2023,10.0,0.1495
2023-10-02 12:00:00,125919,China,27,1154.1,1164.03,9.93,Philippines,1103.39,W,2,0,XIX Asian Games 2022 | Men's Baseball,20.0,0.5485
2023-10-02 12:00:00,125919,Philippines,30,1103.39,1093.46,-9.93,China,1154.1,L,0,2,XIX Asian Games 2022 | Men's Baseball,20.0,0.4515
2023-10-02 12:00:00,125920,Thailand,48,852.66,844.29,-8.37,Hong Kong,1074.63,L,0,8,XIX Asian Games 2022 | Men's Baseball,20.0,0.299
2023-10-02 12:00:00,125920,Hong Kong,35,1074.63,1083.0,8.37,Thailand,852.66,W,8,0,XIX Asian Games 2022 | Men's Baseball,20.0,0.701
2023-10-02 18:30:00,125921,Chinese Taipei,4,1592.14,1603.55,11.41,Republic of Korea,1566.45,W,4,0,XIX Asian Games 2022 | Men's Baseball,20.0,0.5246
2023-10-02 18:30:00,125921,Republic of Korea,5,1566.45,1555.04,-11.41,Chinese Taipei,1592.14,L,0,4,XIX Asian Games 2022 | Men's Baseball,20.0,0.4754
2023-10-02 18:30:00,125922,Japan,1,1890.61,1891.06,0.45,Laos,799.68,W,18,0,XIX Asian Games 2022 | Men's Baseball,20.0,0.985
2023-10-02 18:30:00,125922,Laos,80,799.68,799.24,-0.45,Japan,1890.61,L,0,18,XIX Asian Games 2022 | Men's Baseball,20.0,0.015
2023-10-03 12:00:00,125923,Hong Kong,31,1083.0,1079.42,-3.58,Chinese Taipei,1603.55,L,0,15,XIX Asian Games 2022 | Men's Baseball,20.0,0.1194
2023-10-03 12:00:00,125923,Chinese Taipei,4,1603.55,1607.13,3.58,Hong Kong,1083.0,W,15,0,XIX Asian Games 2022 | Men's Baseball,20.0,0.8806
2023-10-03 12:00:00,125924,Republic of Korea,5,1555.04,1556.88,1.84,Thailand,844.29,W,17,0,XIX Asian Games 2022 | Men's Baseball,20.0,0.9386
2023-10-03 12:00:00,125924,Thailand,50,844.29,842.45,-1.84,Republic of Korea,1555.04,L,0,17,XIX Asian Games 2022 | Men's Baseball,20.0,0.0614
2023-10-03 18:30:00,125925,Japan,1,1891.06,1871.27,-19.78,China,1164.03,L,0,1,XIX Asian Games 2022 | Men's Baseball,20.0,0.9421
2023-10-03 18:30:00,125925,China,27,1164.03,1183.82,19.78,Japan,1891.06,W,1,0,XIX Asian Games 2022 | Men's Baseball,20.0,0.0579
2023-10-03 18:30:00,125926,Laos,80,799.24,792.64,-6.6,Philippines,1093.46,L,0,7,XIX Asian Games 2022 | Men's Baseball,20.0,0.2443
2023-10-03 18:30:00,125926,Philippines,30,1093.46,1100.06,6.6,Laos,799.24,W,7,0,XIX Asian Games 2022 | Men's Baseball,20.0,0.7557
2023-10-05 12:00:00,125927,Thailand,50,842.45,854.21,11.76,Laos,792.64,W,6,0,XIX Asian Games 2022 | Men's Baseball,20.0,0.5476
2023-10-05 12:00:00,125927,Laos,85,792.64,780.88,-11.76,Thailand,842.45,L,0,6,XIX Asian Games 2022 | Men's Baseball,20.0,0.4524
2023-10-05 12:00:00,125928,Republic of Korea,5,1556.88,1573.81,16.93,Japan,1871.27,W,2,0,XIX Asian Games 2022 | Men's Baseball,20.0,0.2303
2023-10-05 12:00:00,125928,Japan,1,1871.27,1854.34,-16.93,Republic of Korea,1556.88,L,0,2,XIX Asian Games 2022 | Men's Baseball,20.0,0.7697
2023-10-05 18:30:00,125929,Philippines,30,1100.06,1111.58,11.53,Hong Kong,1079.42,W,5,1,XIX Asian Games 2022 | Men's Baseball,20.0,0.5198
2023-10-05 18:30:00,125929,Hong Kong,33,1079.42,1067.9,-11.53,Philippines,1100.06,L,1,5,XIX Asian Games 2022 | Men's Baseball,20.0,0.4802
2023-10-05 18:30:00,125930,China,25,1183.82,1180.03,-3.79,Chinese Taipei,1607.13,L,1,4,XIX Asian Games 2022 | Men's Baseball,20.0,0.1646
2023-10-05 18:30:00,125930,Chinese Taipei,4,1607.13,1610.92,3.79,China,1183.82,W,4,1,XIX Asian Games 2022 | Men's Baseball,20.0,0.8354
2023-10-06 12:00:00,125939,Philippines,28,1111.58,1119.72,8.14,Thailand,854.21,W,11,1,XIX Asian Games 2022 | Men's Baseball,20.0,0.7286
2023-10-06 12:00:00,125939,Thailand,48,854.21,846.07,-8.14,Philippines,1111.58,L,1,11,XIX Asian Games 2022 | Men's Baseball,20.0,0.2714
2023-10-06 12:00:00,125940,China,25,1180.03,1175.15,-4.88,Republic of Korea,1573.81,L,1,8,XIX Asian Games 2022 | Men's Baseball,20.0,0.1808
2023-10-06 12:00:00,125940,Republic of Korea,5,1573.81,1578.69,4.88,China,1180.03,W,8,1,XIX Asian Games 2022 | Men's Baseball,20.0,0.8192
2023-10-06 18:30:00,125941,Hong Kong,35,1067.9,1075.38,7.48,Laos,780.88,W,11,0,XIX Asian Games 2022 | Men's Baseball,20.0,0.7505
2023-10-06 18:30:00,125941,Laos,88,780.88,773.39,-7.48,Hong Kong,1067.9,L,0,11,XIX Asian Games 2022 | Men's Baseball,20.0,0.2495
2023-10-06 18:30:00,125942,Chinese Taipei,4,1610.92,1604.71,-6.21,Japan,1854.34,L,0,2,XIX Asian Games 2022 | Men's Baseball,20.0,0.2821
2023-10-06 18:30:00,125942,Japan,1,1854.34,1860.54,6.21,Chinese Taipei,1610.92,W,2,0,XIX Asian Games 2022 | Men's Baseball,20.0,0.7179
2023-10-07 12:00:00,125946,China,25,1175.15,1173.74,-1.41,Japan,1860.54,L,3,4,XIX Asian Games 2022 | Men's Baseball,20.0,0.0672
2023-10-07 12:00:00,125946,Japan,1,1860.54,1861.96,1.41,China,1175.15,W,4,3,XIX Asian Games 2022 | Men's Baseball,20.0,0.9328
2023-10-07 18:00:00,125947,Chinese Taipei,4,1604.71,1593.17,-11.55,Republic of Korea,1578.69,L,0,2,XIX Asian Games 2022 | Men's Baseball,20.0,0.5249
2023-10-07 18:00:00,125947,Republic of Korea,5,1578.69,1590.24,11.55,Chinese Taipei,1604.71,W,2,0,XIX Asian Games 2022 | Men's Baseball,20.0,0.4751
2023-10-18 09:30:00,125651,Chile,63,800.0,798.77,-1.23,Mexico,1621.27,L,0,16,XIX Pan American Games - Santiago 2023 - Men's Baseball,20.0,0.041
2023-10-18 09:30:00,125651,Mexico,3,1621.27,1622.5,1.23,Chile,800.0,W,16,0,XIX Pan American Games - Santiago 2023 - Men's Baseball,20.0,0.959
2023-10-19 09:30:00,125652,Dominican Republic,11,1463.48,1452.27,-11.2,Panama,1477.02,L,1,4,XIX Pan American Games - Santiago 2023 - Men's Baseball,20.0,0.487
2023-10-19 09:30:00,125652,Panama,8,1477.02,1488.22,11.2,Dominican Republic,1463.48,W,4,1,XIX Pan American Games - Santiago 2023 - Men's Baseball,20.0,0.513
2023-10-19 15:00:00,125653,Brazil,20,1256.9,1273.55,16.65,Venezuela,1552.77,W,3,1,XIX Pan American Games - Santiago 2023 - Men's Baseball,20.0,0.2432
2023-10-19 15:00:00,125653,Venezuela,6,1552.77,1536.12,-16.65,Brazil,1256.9,L,1,3,XIX Pan American Games - Santiago 2023 - Men's Baseball,20.0,0.7568
2023-10-20 09:30:00,125654,Cuba,7,1531.26,1537.82,6.56,Colombia,1325.86,W,4,3,XIX Pan American Games - Santiago 2023 - Men's Baseball,20.0,0.6875
2023-10-20 09:30:00,125654,Colombia,18,1325.86,1319.29,-6.56,Cuba,1531.26,L,3,4,XIX Pan American Games - Santiago 2023 - Men's Baseball,20.0,0.3125
2023-10-21 09:30:00,125655,Mexico,3,1622.5,1629.69,7.19,Dominican Republic,1452.27,W,1,0,XIX Pan American Games - Santiago 2023 - Men's Baseball,20.0,0.6577
2023-10-21 09:30:00,125655,Dominican Republic,11,1452.27,1445.09,-7.19,Mexico,1622.5,L,0,1,XIX Pan American Games - Santiago 2023 - Men's Baseball,20.0,0.3423
2023-10-21 15:00:00,125656,Panama,8,1488.22,1489.94,1.72,Chile,798.77,W,6,0,XIX Pan American Games - Santiago 2023 - Men's Baseball,20.0,0.9338
2023-10-21 15:00:00,125656,Chile,79,798.77,797.05,-1.72,Panama,1488.22,L,0,6,XIX Pan American Games - Santiago 2023 - Men's Baseball,20.0,0.0662
2023-10-22 09:30:00,125657,Colombia,18,1319.29,1307.87,-11.42,Brazil,1273.55,L,7,8,XIX Pan American Games - Santiago 2023 - Men's Baseball,20.0,0.5438
2023-10-22 09:30:00,125657,Brazil,20,1273.55,1284.97,11.42,Colombia,1319.29,W,8,7,XIX Pan American Games - Santiago 2023 - Men's Baseball,20.0,0.4562
2023-10-22 15:00:00,125658,Venezuela,7,1536.12,1546.66,10.53,Cuba,1537.82,W,6,5,XIX Pan American Games - Santiago 2023 - Men's Baseball,20.0,0.4984
2023-10-22 15:00:00,125658,Cuba,6,1537.82,1527.29,-10.53,Venezuela,1536.12,L,5,6,XIX Pan American Games - Santiago 2023 - Men's Baseball,20.0,0.5016
2023-10-23 09:30:00,125659,Mexico,3,1629.69,1613.28,-16.4,Panama,1489.94,L,2,8,XIX Pan American Games - Santiago 2023 - Men's Baseball,20.0,0.6309
2023-10-23 09:30:00,125659,Panama,8,1489.94,1506.35,16.4,Mexico,1629.69,W,8,2,XIX Pan American Games - Santiago 2023 - Men's Baseball,20.0,0.3691
2023-10-23 15:00:00,125660,Dominican Republic,11,1445.09,1447.39,2.3,Chile,797.05,W,12,2,XIX Pan American Games - Santiago 2023 - Men's Baseball,20.0,0.9232
2023-10-23 15:00:00,125660,Chile,79,797.05,794.74,-2.3,Dominican Republic,1445.09,L,2,12,XIX Pan American Games - Santiago 2023 - Men's Baseball,20.0,0.0768
2023-10-24 09:30:00,125661,Cuba,7,1527.29,1511.51,-15.78,Brazil,1284.97,L,2,4,XIX Pan American Games - Santiago 2023 - Men's Baseball,20.0,0.7171
2023-10-24 09:30:00,125661,Brazil,19,1284.97,1300.74,15.78,Cuba,1527.29,W,4,2,XIX Pan American Games - Santiago 2023 - Men's Baseball,20.0,0.2829
2023-10-24 15:00:00,125662,Venezuela,6,1546.66,1529.51,-17.14,Colombia,1307.87,L,2,6,XIX Pan American Games - Santiago 2023 - Men's Baseball,20.0,0.7143
2023-10-24 15:00:00,125662,Colombia,18,1307.87,1325.02,17.14,Venezuela,1546.66,W,6,2,XIX Pan American Games - Santiago 2023 - Men's Baseball,20.0,0.2857
2023-10-25 09:30:00,125665,Venezuela,6,1529.51,1531.03,1.52,Chile,794.74,W,7,0,XIX Pan American Games - Santiago 2023 - Men's Baseball,20.0,0.9437
2023-10-25 09:30:00,125665,Chile,83,794.74,793.22,-1.52,Venezuela,1529.51,L,0,7,XIX Pan American Games - Santiago 2023 - Men's Baseball,20.0,0.0563
2023-10-25 15:00:00,125670,Panama,8,1506.35,1491.22,-15.13,Brazil,1300.74,L,3,5,XIX Pan American Games - Santiago 2023 - Men's Baseball,20.0,0.6876
2023-10-25 15:00:00,125670,Brazil,19,1300.74,1315.87,15.13,Panama,1506.35,W,5,3,XIX Pan American Games - Santiago 2023 - Men's Baseball,20.0,0.3124
2023-10-26 09:30:00,125669,Colombia,18,1325.02,1346.06,21.04,Mexico,1613.28,W,10,2,XIX Pan American Games - Santiago 2023 - Men's Baseball,20.0,0.2486
2023-10-26 09:30:00,125669,Mexico,3,1613.28,1592.24,-21.04,Colombia,1325.02,L,2,10,XIX Pan American Games - Santiago 2023 - Men's Baseball,20.0,0.7514
2023-10-26 15:00:00,125666,Dominican Republic,11,1447.39,1459.18,11.79,Cuba,1511.51,W,5,4,XIX Pan American Games - Santiago 2023 - Men's Baseball,20.0,0.4388
2023-10-26 15:00:00,125666,Cuba,7,1511.51,1499.73,-11.79,Dominican Republic,1447.39,L,4,5,XIX Pan American Games - Santiago 2023 - Men's Baseball,20.0,0.5612
2023-10-27 09:30:00,125671,Panama,8,1491.22,1477.87,-13.35,Colombia,1346.06,L,1,2,XIX Pan American Games - Santiago 2023 - Men's Baseball,20.0,0.6358
2023-10-27 09:30:00,125671,Colombia,17,1346.06,1359.41,13.35,Panama,1491.22,W,2,1,XIX Pan American Games - Santiago 2023 - Men's Baseball,20.0,0.3642
2023-10-27 15:00:00,125672,Brazil,19,1315.87,1309.7,-6.17,Mexico,1592.24,L,1,5,XIX Pan American Games - Santiago 2023 - Men's Baseball,20.0,0.2572
2023-10-27 15:00:00,125672,Mexico,4,1592.24,1598.41,6.17,Brazil,1315.87,W,5,1,XIX Pan American Games - Santiago 2023 - Men's Baseball,20.0,0.7428
2023-10-28 09:30:00,125667,Panama,8,1477.87,1467.05,-10.82,Mexico,1598.41,L,2,10,XIX Pan American Games - Santiago 2023 - Men's Baseball,20.0,0.3864
2023-10-28 09:30:00,125667,Mexico,3,1598.41,1609.23,10.82,Panama,1477.87,W,10,2,XIX Pan American Games - Santiago 2023 - Men's Baseball,20.0,0.6136
2023-10-28 15:00:00,125668,Brazil,19,1309.7,1297.03,-12.67,Colombia,1359.41,L,1,9,XIX Pan American Games - Santiago 2023 - Men's Baseball,20.0,0.4525
2023-10-28 15:00:00,125668,Colombia,17,1359.41,1372.08,12.67,Brazil,1309.7,W,9,1,XIX Pan American Games - Santiago 2023 - Men's Baseball,20.0,0.5475
2023-11-24 18:05:00,127961,Nicaragua,21,1230.87,1234.52,3.64,Puerto Rico,1444.15,W,3,2,U-23 Men´s Baseball World Cup Americas Qualifier 2023,5.0,0.3061
2023-11-24 18:05:00,127961,Puerto Rico,12,1444.15,1440.5,-3.64,Nicaragua,1230.87,L,2,3,U-23 Men´s Baseball World Cup Americas Qualifier 2023,5.0,0.6939
2023-11-25 11:05:00,128013,Dominican Republic,11,1459.18,1460.6,1.43,Argentina,1201.9,W,6,5,U-23 Men´s Baseball World Cup Americas Qualifier 2023,5.0,0.7286
2023-11-25 11:05:00,128013,Argentina,23,1201.9,1200.48,-1.43,Dominican Republic,1459.18,L,5,6,U-23 Men´s Baseball World Cup Americas Qualifier 2023,5.0,0.2714
2023-11-25 11:05:00,128682,Cuba,7,1499.73,1500.2,0.47,Costa Rica,796.44,W,13,0,U-23 Men´s Baseball World Cup Americas Qualifier 2023,5.0,0.937
2023-11-25 11:05:00,128682,Costa Rica,79,796.44,795.96,-0.47,Cuba,1499.73,L,0,13,U-23 Men´s Baseball World Cup Americas Qualifier 2023,5.0,0.063
2023-11-25 18:05:00,128009,Colombia,15,1372.08,1375.18,3.1,Panama,1467.05,W,2,1,U-23 Men´s Baseball World Cup Americas Qualifier 2023,5.0,0.4099
2023-11-25 18:05:00,128009,Panama,10,1467.05,1463.95,-3.1,Colombia,1372.08,L,1,2,U-23 Men´s Baseball World Cup Americas Qualifier 2023,5.0,0.5901
2023-11-25 20:45:00,128032,Venezuela,6,1531.03,1531.81,0.77,Curaçao,998.09,W,7,0,U-23 Men´s Baseball World Cup Americas Qualifier 2023,5.0,0.8855
2023-11-25 20:45:00,128032,Curaçao,39,998.09,997.31,-0.77,Venezuela,1531.03,L,0,7,U-23 Men´s Baseball World Cup Americas Qualifier 2023,5.0,0.1145
2023-11-26 11:05:00,128026,Puerto Rico,12,1440.5,1444.93,4.43,Mexico,1609.23,W,7,0,U-23 Men´s Baseball World Cup Americas Qualifier 2023,5.0,0.3435
2023-11-26 11:05:00,128026,Mexico,3,1609.23,1604.8,-4.43,Puerto Rico,1440.5,L,0,7,U-23 Men´s Baseball World Cup Americas Qualifier 2023,5.0,0.6565
2023-11-26 11:05:00,128031,Colombia,15,1375.18,1375.91,0.73,Costa Rica,795.96,W,10,0,U-23 Men´s Baseball World Cup Americas Qualifier 2023,5.0,0.9023
2023-11-26 11:05:00,128031,Costa Rica,80,795.96,795.23,-0.73,Colombia,1375.18,L,0,10,U-23 Men´s Baseball World Cup Americas Qualifier 2023,5.0,0.0977
2023-11-26 15:05:00,128010,Cuba,7,1500.2,1500.96,0.76,Curaçao,997.31,W,5,1,U-23 Men´s Baseball World Cup Americas Qualifier 2023,5.0,0.8732
2023-11-26 15:05:00,128010,Curaçao,39,997.31,996.55,-0.76,Cuba,1500.2,L,1,5,U-23 Men´s Baseball World Cup Americas Qualifier 2023,5.0,0.1268
2023-11-26 18:05:00,128019,Nicaragua,21,1234.52,1238.02,3.51,Argentina,1200.48,W,13,0,U-23 Men´s Baseball World Cup Americas Qualifier 2023,5.0,0.5326
2023-11-26 18:05:00,128019,Argentina,23,1200.48,1196.97,-3.51,Nicaragua,1234.52,L,0,13,U-23 Men´s Baseball World Cup Americas Qualifier 2023,5.0,0.4674
2023-11-26 19:05:00,128022,Panama,10,1463.95,1460.69,-3.26,Venezuela,1531.81,L,1,13,U-23 Men´s Baseball World Cup Americas Qualifier 2023,5.0,0.4353
2023-11-26 19:05:00,128022,Venezuela,6,1531.81,1535.07,3.26,Panama,1463.95,W,13,1,U-23 Men´s Baseball World Cup Americas Qualifier 2023,5.0,0.5647
2023-11-27 11:05:00,128028,Argentina,23,1196.97,1195.68,-1.3,Mexico,1604.8,L,1,11,U-23 Men´s Baseball World Cup Americas Qualifier 2023,5.0,0.1729
2023-11-27 11:05:00,128028,Mexico,3,1604.8,1606.1,1.3,Argentina,1196.97,W,11,1,U-23 Men´s Baseball World Cup Americas Qualifier 2023,5.0,0.8271
2023-11-27 11:05:00,128011,Costa Rica,81,795.23,794.94,-0.29,Venezuela,1535.07,L,4,5,U-23 Men´s Baseball World Cup Americas Qualifier 2023,5.0,0.0552
2023-11-27 11:05:00,128011,Venezuela,6,1535.07,1535.36,0.29,Costa Rica,795.23,W,5,4,U-23 Men´s Baseball World Cup Americas Qualifier 2023,5.0,0.9448
2023-11-27 15:05:00,128683,Panama,10,1460.69,1461.66,0.97,Curaçao,996.55,W,7,0,U-23 Men´s Baseball World Cup Americas Qualifier 2023,5.0,0.8558
2023-11-27 15:05:00,128683,Curaçao,39,996.55,995.58,-0.97,Panama,1460.69,L,0,7,U-23 Men´s Baseball World Cup Americas Qualifier 2023,5.0,0.1442
2023-11-27 18:05:00,128021,Cuba,7,1500.96,1497.41,-3.55,Colombia,1375.91,L,4,7,U-23 Men´s Baseball World Cup Americas Qualifier 2023,5.0,0.6177
2023-11-27 18:05:00,128021,Colombia,15,1375.91,1379.46,3.55,Cuba,1500.96,W,7,4,U-23 Men´s Baseball World Cup Americas Qualifier 2023,5.0,0.3823
2023-11-27 19:05:00,128027,Dominican Republic,11,1460.6,1455.34,-5.26,Nicaragua,1238.02,L,5,15,U-23 Men´s Baseball World Cup Americas Qualifier 2023,5.0,0.7014
2023-11-27 19:05:00,128027,Nicaragua,21,1238.02,1243.28,5.26,Dominican Republic,1460.6,W,15,5,U-23 Men´s Baseball World Cup Americas Qualifier 2023,5.0,0.2986
2023-11-28 11:05:00,128017,Costa Rica,82,794.94,794.44,-0.5,Panama,1461.66,L,0,8,U-23 Men´s Baseball World Cup Americas Qualifier 2023,5.0,0.0718
2023-11-28 11:05:00,128017,Panama,10,1461.66,1462.16,0.5,Costa Rica,794.94,W,8,0,U-23 Men´s Baseball World Cup Americas Qualifier 2023,5.0,0.9282
2023-11-28 11:05:00,128034,Argentina,23,1195.68,1194.01,-1.67,Puerto Rico,1444.93,L,6,10,U-23 Men´s Baseball World Cup Americas Qualifier 2023,5.0,0.2776
2023-11-28 11:05:00,128034,Puerto Rico,12,1444.93,1446.6,1.67,Argentina,1195.68,W,10,6,U-23 Men´s Baseball World Cup Americas Qualifier 2023,5.0,0.7224
2023-11-28 15:05:00,128016,Venezuela,6,1535.36,1532.01,-3.35,Cuba,1497.41,L,5,10,U-23 Men´s Baseball World Cup Americas Qualifier 2023,5.0,0.5363
2023-11-28 15:05:00,128016,Cuba,7,1497.41,1500.76,3.35,Venezuela,1535.36,W,10,5,U-23 Men´s Baseball World Cup Americas Qualifier 2023,5.0,0.4637
2023-11-28 18:05:00,128018,Curaçao,39,995.58,994.23,-1.35,Colombia,1379.46,L,1,10,U-23 Men´s Baseball World Cup Americas Qualifier 2023,5.0,0.1865
2023-11-28 18:05:00,128018,Colombia,15,1379.46,1380.81,1.35,Curaçao,995.58,W,10,1,U-23 Men´s Baseball World Cup Americas Qualifier 2023,5.0,0.8135
2023-11-28 19:05:00,128015,Mexico,3,1606.1,1607.98,1.89,Dominican Republic,1455.34,W,6,5,U-23 Men´s Baseball World Cup Americas Qualifier 2023,5.0,0.6407
2023-11-28 19:05:00,128015,Dominican Republic,11,1455.34,1453.45,-1.89,Mexico,1606.1,L,5,6,U-23 Men´s Baseball World Cup Americas Qualifier 2023,5.0,0.3593
2023-11-29 11:05:00,128685,Venezuela,6,1532.01,1528.48,-3.53,Colombia,1380.81,L,1,3,U-23 Men´s Baseball World Cup Americas Qualifier 2023,5.0,0.6411
2023-11-29 11:05:00,128685,Colombia,15,1380.81,1384.34,3.53,Venezuela,1532.01,W,3,1,U-23 Men´s Baseball World Cup Americas Qualifier 2023,5.0,0.3589
2023-11-29 11:05:00,128025,Curaçao,39,994.23,995.97,1.74,Costa Rica,794.44,W,3,1,U-23 Men´s Baseball World Cup Americas Qualifier 2023,5.0,0.6828
2023-11-29 11:05:00,128025,Costa Rica,82,794.44,792.69,-1.74,Curaçao,994.23,L,1,3,U-23 Men´s Baseball World Cup Americas Qualifier 2023,5.0,0.3172
2023-11-29 15:05:00,128029,Puerto Rico,12,1446.6,1449.89,3.29,Dominican Republic,1453.45,W,13,7,U-23 Men´s Baseball World Cup Americas Qualifier 2023,5.0,0.4934
2023-11-29 15:05:00,128029,Dominican Republic,11,1453.45,1450.16,-3.29,Puerto Rico,1446.6,L,7,13,U-23 Men´s Baseball World Cup Americas Qualifier 2023,5.0,0.5066
2023-11-29 18:05:00,128684,Panama,10,1462.16,1465.38,3.22,Cuba,1500.76,W,15,11,U-23 Men´s Baseball World Cup Americas Qualifier 2023,5.0,0.463
2023-11-29 18:05:00,128684,Cuba,7,1500.76,1497.54,-3.22,Panama,1462.16,L,11,15,U-23 Men´s Baseball World Cup Americas Qualifier 2023,5.0,0.537
2023-11-29 19:05:00,128039,Mexico,3,1607.98,1603.17,-4.81,Nicaragua,1243.28,L,2,6,U-23 Men´s Baseball World Cup Americas Qualifier 2023,5.0,0.8021
2023-11-29 19:05:00,128039,Nicaragua,21,1243.28,1248.09,4.81,Mexico,1607.98,W,6,2,U-23 Men´s Baseball World Cup Americas Qualifier 2023,5.0,0.1979
2023-11-30 13:00:00,128040,Venezuela,6,1528.48,1530.93,2.44,Puerto Rico,1449.89,W,7,4,U-23 Men´s Baseball World Cup Americas Qualifier 2023,5.0,0.5748
2023-11-30 13:00:00,128040,Puerto Rico,12,1449.89,1447.45,-2.44,Venezuela,1528.48,L,4,7,U-23 Men´s Baseball World Cup Americas Qualifier 2023,5.0,0.4252
2023-11-30 18:05:00,128041,Nicaragua,21,1248.09,1246.14,-1.95,Colombia,1384.34,L,0,1,U-23 Men´s Baseball World Cup Americas Qualifier 2023,5.0,0.3722
2023-11-30 18:05:00,128041,Colombia,14,1384.34,1386.29,1.95,Nicaragua,1248.09,W,1,0,U-23 Men´s Baseball World Cup Americas Qualifier 2023,5.0,0.6278
2023-12-03 18:00:00,128008,Chinese Taipei,4,1593.17,1605.1,11.93,Republic of Korea,1590.24,W,4,0,BFA XXX Asian Championship 2023,20.0,0.5028
2023-12-03 18:00:00,128008,Republic of Korea,5,1590.24,1578.31,-11.93,Chinese Taipei,1593.17,L,0,4,BFA XXX Asian Championship 2023,20.0,0.4972
2023-12-04 10:00:00,128883,Brazil,19,1297.03,1296.34,-0.69,Venezuela,1530.93,L,2,6,U-18 Men's Baseball South American Championship  - Campeonato Sudamericano de Béisbol Masculino Sub-18 2023,2.0,0.2895
2023-12-04 10:00:00,128883,Venezuela,6,1530.93,1531.62,0.69,Brazil,1297.03,W,6,2,U-18 Men's Baseball South American Championship  - Campeonato Sudamericano de Béisbol Masculino Sub-18 2023,2.0,0.7105
2023-12-04 12:30:00,128335,Philippines,28,1119.72,1127.5,7.78,Thailand,846.07,W,14,4,BFA XXX Asian Championship 2023,20.0,0.7408
2023-12-04 12:30:00,128335,Thailand,50,846.07,838.29,-7.78,Philippines,1119.72,L,4,14,BFA XXX Asian Championship 2023,20.0,0.2592
2023-12-04 12:30:00,128337,Hong Kong,35,1075.38,1059.94,-15.44,Palestine,852.47,L,1,3,BFA XXX Asian Championship 2023,20.0,0.7017
2023-12-04 12:30:00,128337,Palestine,48,852.47,867.9,15.44,Hong Kong,1075.38,W,3,1,BFA XXX Asian Championship 2023,20.0,0.2983
2023-12-04 15:00:00,128884,Argentina,23,1194.01,1194.76,0.75,Peru,906.35,W,14,0,U-18 Men's Baseball South American Championship  - Campeonato Sudamericano de Béisbol Masculino Sub-18 2023,2.0,0.751
2023-12-04 15:00:00,128884,Peru,45,906.35,905.6,-0.75,Argentina,1194.01,L,0,14,U-18 Men's Baseball South American Championship  - Campeonato Sudamericano de Béisbol Masculino Sub-18 2023,2.0,0.249
2023-12-04 18:30:00,128336,Japan,1,1861.96,1863.37,1.41,Pakistan,1078.11,W,14,0,BFA XXX Asian Championship 2023,20.0,0.9529
2023-12-04 18:30:00,128336,Pakistan,34,1078.11,1076.7,-1.41,Japan,1861.96,L,0,14,BFA XXX Asian Championship 2023,20.0,0.0471
2023-12-05 10:00:00,128885,Peru,45,905.6,905.05,-0.55,Brazil,1296.34,L,0,14,U-18 Men's Baseball South American Championship  - Campeonato Sudamericano de Béisbol Masculino Sub-18 2023,2.0,0.1825
2023-12-05 10:00:00,128885,Brazil,19,1296.34,1296.88,0.55,Peru,905.6,W,14,0,U-18 Men's Baseball South American Championship  - Campeonato Sudamericano de Béisbol Masculino Sub-18 2023,2.0,0.8175
2023-12-05 12:30:00,128338,Philippines,28,1127.5,1137.43,9.93,Pakistan,1076.7,W,4,2,BFA XXX Asian Championship 2023,20.0,0.5486
2023-12-05 12:30:00,128338,Pakistan,34,1076.7,1066.77,-9.93,Philippines,1127.5,L,2,4,BFA XXX Asian Championship 2023,20.0,0.4514
2023-12-05 12:30:00,128339,Republic of Korea,5,1578.31,1581.8,3.49,Hong Kong,1059.94,W,9,0,BFA XXX Asian Championship 2023,20.0,0.8797
2023-12-05 12:30:00,128339,Hong Kong,35,1059.94,1056.45,-3.49,Republic of Korea,1578.31,L,0,9,BFA XXX Asian Championship 2023,20.0,0.1203
2023-12-05 15:00:00,128886,Venezuela,6,1531.62,1532.16,0.54,Argentina,1194.76,W,10,5,U-18 Men's Baseball South American Championship  - Campeonato Sudamericano de Béisbol Masculino Sub-18 2023,2.0,0.7846
2023-12-05 15:00:00,128886,Argentina,23,1194.76,1194.22,-0.54,Venezuela,1531.62,L,5,10,U-18 Men's Baseball South American Championship  - Campeonato Sudamericano de Béisbol Masculino Sub-18 2023,2.0,0.2154
2023-12-05 18:30:00,128340,Thailand,50,838.29,837.72,-0.58,Japan,1863.37,L,0,16,BFA XXX Asian Championship 2023,20.0,0.0192
2023-12-05 18:30:00,128340,Japan,1,1863.37,1863.94,0.58,Thailand,838.29,W,16,0,BFA XXX Asian Championship 2023,20.0,0.9808
2023-12-05 18:30:00,128341,Palestine,47,867.9,866.23,-1.67,Chinese Taipei,1605.1,L,0,19,BFA XXX Asian Championship 2023,20.0,0.0558
2023-12-05 18:30:00,128341,Chinese Taipei,3,1605.1,1606.77,1.67,Palestine,867.9,W,19,0,BFA XXX Asian Championship 2023,20.0,0.9442
2023-12-06 10:00:00,128887,Peru,45,905.05,904.8,-0.25,Venezuela,1532.16,L,0,15,U-18 Men's Baseball South American Championship  - Campeonato Sudamericano de Béisbol Masculino Sub-18 2023,2.0,0.0827
2023-12-06 10:00:00,128887,Venezuela,6,1532.16,1532.41,0.25,Peru,905.05,W,15,0,U-18 Men's Baseball South American Championship  - Campeonato Sudamericano de Béisbol Masculino Sub-18 2023,2.0,0.9173
2023-12-06 12:30:00,128342,Pakistan,34,1066.77,1073.52,6.75,Thailand,837.72,W,4,1,BFA XXX Asian Championship 2023,20.0,0.7066
2023-12-06 12:30:00,128342,Thailand,50,837.72,830.97,-6.75,Pakistan,1066.77,L,1,4,BFA XXX Asian Championship 2023,20.0,0.2934
2023-12-06 12:30:00,128343,Republic of Korea,5,1581.8,1583.61,1.81,Palestine,866.23,W,19,1,BFA XXX Asian Championship 2023,20.0,0.9397
2023-12-06 12:30:00,128343,Palestine,48,866.23,864.42,-1.81,Republic of Korea,1581.8,L,1,19,BFA XXX Asian Championship 2023,20.0,0.0603
2023-12-06 15:00:00,128888,Argentina,23,1194.22,1193.33,-0.89,Brazil,1296.88,L,2,4,U-18 Men's Baseball South American Championship  - Campeonato Sudamericano de Béisbol Masculino Sub-18 2023,2.0,0.4028
2023-12-06 15:00:00,128888,Brazil,19,1296.88,1297.77,0.89,Argentina,1194.22,W,4,2,U-18 Men's Baseball South American Championship  - Campeonato Sudamericano de Béisbol Masculino Sub-18 2023,2.0,0.5972
2023-12-06 18:30:00,128344,Japan,1,1863.94,1865.57,1.62,Philippines,1137.43,W,9,1,BFA XXX Asian Championship 2023,20.0,0.942
2023-12-06 18:30:00,128344,Philippines,28,1137.43,1135.81,-1.62,Japan,1863.94,L,1,9,BFA XXX Asian Championship 2023,20.0,0.058
2023-12-06 18:30:00,128345,Chinese Taipei,3,1606.77,1610.01,3.24,Hong Kong,1056.45,W,17,2,BFA XXX Asian Championship 2023,20.0,0.8921
2023-12-06 18:30:00,128345,Hong Kong,35,1056.45,1053.21,-3.24,Chinese Taipei,1606.77,L,2,17,BFA XXX Asian Championship 2023,20.0,0.1079
2023-12-08 10:00:00,128894,Venezuela,6,1532.41,1532.66,0.25,Peru,904.8,W,11,1,U-18 Men's Baseball South American Championship  - Campeonato Sudamericano de Béisbol Masculino Sub-18 2023,2.0,0.9175
2023-12-08 10:00:00,128894,Peru,45,904.8,904.56,-0.25,Venezuela,1532.41,L,1,11,U-18 Men's Baseball South American Championship  - Campeonato Sudamericano de Béisbol Masculino Sub-18 2023,2.0,0.0825
2023-12-08 12:30:00,128346,Thailand,50,830.97,824.39,-6.57,Hong Kong,1053.21,L,10,12,BFA XXX Asian Championship 2023,20.0,0.2988
2023-12-08 12:30:00,128346,Hong Kong,35,1053.21,1059.79,6.57,Thailand,830.97,W,12,10,BFA XXX Asian Championship 2023,20.0,0.7012
2023-12-08 12:30:00,128347,Republic of Korea,5,1583.61,1587.56,3.95,Philippines,1135.81,W,8,2,BFA XXX Asian Championship 2023,20.0,0.8479
2023-12-08 12:30:00,128347,Philippines,28,1135.81,1131.85,-3.95,Republic of Korea,1583.61,L,2,8,BFA XXX Asian Championship 2023,20.0,0.1521
2023-12-08 15:00:00,128895,Brazil,19,1297.77,1298.61,0.84,Argentina,1193.33,W,7,6,U-18 Men's Baseball South American Championship  - Campeonato Sudamericano de Béisbol Masculino Sub-18 2023,2.0,0.5989
2023-12-08 15:00:00,128895,Argentina,23,1193.33,1192.49,-0.84,Brazil,1297.77,L,6,7,U-18 Men's Baseball South American Championship  - Campeonato Sudamericano de Béisbol Masculino Sub-18 2023,2.0,0.4011
2023-12-08 18:30:00,128348,Pakistan,34,1073.52,1082.49,8.98,Palestine,864.42,W,12,3,BFA XXX Asian Championship 2023,20.0,0.6905
2023-12-08 18:30:00,128348,Palestine,48,864.42,855.45,-8.98,Pakistan,1073.52,L,3,12,BFA XXX Asian Championship 2023,20.0,0.3095
2023-12-08 18:30:00,128349,Chinese Taipei,3,1610.01,1604.28,-5.73,Japan,1865.57,L,0,1,BFA XXX Asian Championship 2023,20.0,0.2727
2023-12-08 18:30:00,128349,Japan,1,1865.57,1871.29,5.73,Chinese Taipei,1610.01,W,1,0,BFA XXX Asian Championship 2023,20.0,0.7273
2023-12-09 10:00:00,128909,Argentina,23,1192.49,1193.09,0.6,Peru,904.56,W,9,5,U-18 Men's Baseball South American Championship  - Campeonato Sudamericano de Béisbol Masculino Sub-18 2023,2.0,0.7512
2023-12-09 10:00:00,128909,Peru,45,904.56,903.96,-0.6,Argentina,1192.49,L,5,9,U-18 Men's Baseball South American Championship  - Campeonato Sudamericano de Béisbol Masculino Sub-18 2023,2.0,0.2488
2023-12-09 12:30:00,128350,Pakistan,31,1082.49,1071.53,-10.96,Hong Kong,1059.79,L,5,6,BFA XXX Asian Championship 2023,20.0,0.5218
2023-12-09 12:30:00,128350,Hong Kong,35,1059.79,1070.75,10.96,Pakistan,1082.49,W,6,5,BFA XXX Asian Championship 2023,20.0,0.4782
2023-12-09 12:30:00,128351,Japan,1,1871.29,1877.09,5.79,Republic of Korea,1587.56,W,5,2,BFA XXX Asian Championship 2023,20.0,0.7482
2023-12-09 12:30:00,128351,Republic of Korea,5,1587.56,1581.77,-5.79,Japan,1871.29,L,2,5,BFA XXX Asian Championship 2023,20.0,0.2518
2023-12-09 15:00:00,128910,Venezuela,6,1532.66,1533.26,0.61,Brazil,1298.61,W,2,1,U-18 Men's Baseball South American Championship  - Campeonato Sudamericano de Béisbol Masculino Sub-18 2023,2.0,0.7106
2023-12-09 15:00:00,128910,Brazil,19,1298.61,1298.0,-0.61,Venezuela,1532.66,L,1,2,U-18 Men's Baseball South American Championship  - Campeonato Sudamericano de Béisbol Masculino Sub-18 2023,2.0,0.2894
2023-12-09 18:30:00,128352,Palestine,48,855.45,866.73,11.29,Thailand,824.39,W,4,0,BFA XXX Asian Championship 2023,20.0,0.5298
2023-12-09 18:30:00,128352,Thailand,55,824.39,813.11,-11.29,Palestine,855.45,L,0,4,BFA XXX Asian Championship 2023,20.0,0.4702
2023-12-09 18:30:00,128353,Chinese Taipei,3,1604.28,1607.23,2.95,Philippines,1131.85,W,2,1,BFA XXX Asian Championship 2023,20.0,0.8597
2023-12-09 18:30:00,128353,Philippines,28,1131.85,1128.91,-2.95,Chinese Taipei,1604.28,L,1,2,BFA XXX Asian Championship 2023,20.0,0.1403
2023-12-10 12:30:00,128354,Republic of Korea,5,1581.77,1585.81,4.04,Philippines,1128.91,W,7,0,BFA XXX Asian Championship 2023,20.0,0.8504
2023-12-10 12:30:00,128354,Philippines,28,1128.91,1124.87,-4.04,Republic of Korea,1581.77,L,0,7,BFA XXX Asian Championship 2023,20.0,0.1496
2023-12-10 18:30:00,128355,Japan,1,1877.09,1882.59,5.5,Chinese Taipei,1607.23,W,1,0,BFA XXX Asian Championship 2023,20.0,0.738
2023-12-10 18:30:00,128355,Chinese Taipei,3,1607.23,1601.73,-5.5,Japan,1877.09,L,0,1,BFA XXX Asian Championship 2023,20.0,0.262
2024-03-16 10:00:00,137388,Mexico,3,1603.17,1603.3,0.13,Bahamas,792.7,W,16,2,VI Panamericano Sub-15 - VI U-15 Pan American 2024,2.0,0.9573
2024-03-16 10:00:00,137388,Bahamas,83,792.7,792.57,-0.13,Mexico,1603.17,L,2,16,VI Panamericano Sub-15 - VI U-15 Pan American 2024,2.0,0.0427
2024-03-16 10:00:00,137390,Cuba,7,1497.54,1497.8,0.26,Peru,903.96,W,11,3,VI Panamericano Sub-15 - VI U-15 Pan American 2024,2.0,0.907
2024-03-16 10:00:00,137390,Peru,45,903.96,903.7,-0.26,Cuba,1497.54,L,3,11,VI Panamericano Sub-15 - VI U-15 Pan American 2024,2.0,0.093
2024-03-16 10:00:00,137391,Puerto Rico,12,1447.45,1448.21,0.76,Nicaragua,1246.14,W,6,2,VI Panamericano Sub-15 - VI U-15 Pan American 2024,2.0,0.6841
2024-03-16 10:00:00,137391,Nicaragua,21,1246.14,1245.38,-0.76,Puerto Rico,1447.45,L,2,6,VI Panamericano Sub-15 - VI U-15 Pan American 2024,2.0,0.3159
2024-03-16 14:00:00,137387,Dominican Republic,11,1450.16,1450.98,0.81,Argentina,1193.09,W,20,4,VI Panamericano Sub-15 - VI U-15 Pan American 2024,2.0,0.7284
2024-03-16 14:00:00,137387,Argentina,23,1193.09,1192.27,-0.81,Dominican Republic,1450.16,L,4,20,VI Panamericano Sub-15 - VI U-15 Pan American 2024,2.0,0.2716
2024-03-16 14:00:00,137389,Panama,10,1465.38,1466.11,0.72,Brazil,1298.0,W,5,4,VI Panamericano Sub-15 - VI U-15 Pan American 2024,2.0,0.6553
2024-03-16 14:00:00,137389,Brazil,19,1298.0,1297.28,-0.72,Panama,1465.38,L,4,5,VI Panamericano Sub-15 - VI U-15 Pan American 2024,2.0,0.3447
2024-03-17 10:00:00,137395,Brazil,19,1297.28,1297.59,0.31,Bahamas,792.57,W,9,4,VI Panamericano Sub-15 - VI U-15 Pan American 2024,2.0,0.874
2024-03-17 10:00:00,137395,Bahamas,84,792.57,792.26,-0.31,Brazil,1297.28,L,4,9,VI Panamericano Sub-15 - VI U-15 Pan American 2024,2.0,0.126
2024-03-17 10:00:00,137400,Argentina,23,1192.27,1191.76,-0.51,Mexico,1603.3,L,0,20,VI Panamericano Sub-15 - VI U-15 Pan American 2024,2.0,0.1712
2024-03-17 10:00:00,137400,Mexico,3,1603.3,1603.81,0.51,Argentina,1192.27,W,20,0,VI Panamericano Sub-15 - VI U-15 Pan American 2024,2.0,0.8288
2024-03-17 10:00:00,137401,Peru,45,903.7,903.45,-0.25,Venezuela,1533.26,L,2,12,VI Panamericano Sub-15 - VI U-15 Pan American 2024,2.0,0.082
2024-03-17 10:00:00,137401,Venezuela,6,1533.26,1533.51,0.25,Peru,903.7,W,12,2,VI Panamericano Sub-15 - VI U-15 Pan American 2024,2.0,0.918
2024-03-17 14:00:00,137396,Dominican Republic,11,1450.98,1452.06,1.08,Panama,1466.11,W,11,10,VI Panamericano Sub-15 - VI U-15 Pan American 2024,2.0,0.4855
2024-03-17 14:00:00,137396,Panama,10,1466.11,1465.03,-1.08,Dominican Republic,1450.98,L,10,11,VI Panamericano Sub-15 - VI U-15 Pan American 2024,2.0,0.5145
2024-03-17 14:00:00,137399,Cuba,7,1497.8,1496.65,-1.15,Puerto Rico,1448.21,L,5,6,VI Panamericano Sub-15 - VI U-15 Pan American 2024,2.0,0.5474
2024-03-17 14:00:00,137399,Puerto Rico,12,1448.21,1449.36,1.15,Cuba,1497.8,W,6,5,VI Panamericano Sub-15 - VI U-15 Pan American 2024,2.0,0.4526
2024-03-18 10:30:00,138227,Nicaragua,21,1245.38,1246.02,0.64,Peru,903.45,W,26,0,VI Panamericano Sub-15 - VI U-15 Pan American 2024,2.0,0.7879
2024-03-18 10:30:00,138227,Peru,45,903.45,902.82,-0.64,Nicaragua,1245.38,L,0,26,VI Panamericano Sub-15 - VI U-15 Pan American 2024,2.0,0.2121
2024-03-18 10:30:00,138229,Brazil,19,1297.59,1298.79,1.2,Argentina,1191.76,W,12,2,VI Panamericano Sub-15 - VI U-15 Pan American 2024,2.0,0.6002
2024-03-18 10:30:00,138229,Argentina,23,1191.76,1190.56,-1.2,Brazil,1297.59,L,2,12,VI Panamericano Sub-15 - VI U-15 Pan American 2024,2.0,0.3998
2024-03-18 14:30:00,138228,Mexico,3,1603.81,1602.34,-1.48,Dominican Republic,1452.06,L,5,8,VI Panamericano Sub-15 - VI U-15 Pan American 2024,2.0,0.6416
2024-03-18 14:30:00,138228,Dominican Republic,11,1452.06,1453.53,1.48,Mexico,1603.81,W,8,5,VI Panamericano Sub-15 - VI U-15 Pan American 2024,2.0,0.3584
2024-03-18 14:30:00,138232,Bahamas,84,792.26,794.21,1.95,Panama,1465.03,W,6,5,VI Panamericano Sub-15 - VI U-15 Pan American 2024,2.0,0.0703
2024-03-18 14:30:00,138232,Panama,10,1465.03,1463.08,-1.95,Bahamas,792.26,L,5,6,VI Panamericano Sub-15 - VI U-15 Pan American 2024,2.0,0.9297
2024-03-19 10:30:00,138493,Puerto Rico,12,1449.36,1449.68,0.33,Peru,902.82,W,11,1,VI Panamericano Sub-15 - VI U-15 Pan American 2024,2.0,0.8907
2024-03-19 10:30:00,138493,Peru,45,902.82,902.49,-0.33,Puerto Rico,1449.36,L,1,11,VI Panamericano Sub-15 - VI U-15 Pan American 2024,2.0,0.1093
2024-03-19 10:30:00,138495,Panama,10,1463.08,1463.86,0.78,Argentina,1190.56,W,17,4,VI Panamericano Sub-15 - VI U-15 Pan American 2024,2.0,0.74
2024-03-19 10:30:00,138495,Argentina,23,1190.56,1189.78,-0.78,Panama,1463.08,L,4,17,VI Panamericano Sub-15 - VI U-15 Pan American 2024,2.0,0.26
2024-03-19 10:30:00,138497,Mexico,3,1602.34,1602.96,0.62,Brazil,1298.79,W,6,0,VI Panamericano Sub-15 - VI U-15 Pan American 2024,2.0,0.7622
2024-03-19 10:30:00,138497,Brazil,19,1298.79,1298.18,-0.62,Mexico,1602.34,L,0,6,VI Panamericano Sub-15 - VI U-15 Pan American 2024,2.0,0.2378
2024-03-19 12:30:00,138230,Venezuela,6,1533.51,1534.49,0.98,Cuba,1496.65,W,11,10,VI Panamericano Sub-15 - VI U-15 Pan American 2024,2.0,0.5353
2024-03-19 12:30:00,138230,Cuba,7,1496.65,1495.67,-0.98,Venezuela,1533.51,L,10,11,VI Panamericano Sub-15 - VI U-15 Pan American 2024,2.0,0.4647
2024-03-19 14:30:00,138494,Bahamas,82,794.21,794.0,-0.21,Dominican Republic,1453.53,L,3,11,VI Panamericano Sub-15 - VI U-15 Pan American 2024,2.0,0.0738
2024-03-19 14:30:00,138494,Dominican Republic,11,1453.53,1453.74,0.21,Bahamas,794.21,W,11,3,VI Panamericano Sub-15 - VI U-15 Pan American 2024,2.0,0.9262
2024-03-19 14:30:00,138496,Venezuela,6,1534.49,1532.61,-1.88,Nicaragua,1246.02,L,2,7,VI Panamericano Sub-15 - VI U-15 Pan American 2024,2.0,0.7516
2024-03-19 14:30:00,138496,Nicaragua,21,1246.02,1247.9,1.88,Venezuela,1534.49,W,7,2,VI Panamericano Sub-15 - VI U-15 Pan American 2024,2.0,0.2484
2024-03-20 10:30:00,138501,Cuba,7,1495.67,1493.51,-2.16,Nicaragua,1247.9,L,1,11,VI Panamericano Sub-15 - VI U-15 Pan American 2024,2.0,0.7213
2024-03-20 10:30:00,138501,Nicaragua,21,1247.9,1250.06,2.16,Cuba,1495.67,W,11,1,VI Panamericano Sub-15 - VI U-15 Pan American 2024,2.0,0.2787
2024-03-20 10:30:00,138505,Argentina,23,1189.78,1187.56,-2.21,Bahamas,794.0,L,11,18,VI Panamericano Sub-15 - VI U-15 Pan American 2024,2.0,0.8204
2024-03-20 10:30:00,138505,Bahamas,82,794.0,796.22,2.21,Argentina,1189.78,W,18,11,VI Panamericano Sub-15 - VI U-15 Pan American 2024,2.0,0.1796
2024-03-20 14:30:00,138502,Dominican Republic,11,1453.74,1454.8,1.07,Brazil,1298.18,W,13,3,VI Panamericano Sub-15 - VI U-15 Pan American 2024,2.0,0.645
2024-03-20 14:30:00,138502,Brazil,19,1298.18,1297.11,-1.07,Dominican Republic,1453.74,L,3,13,VI Panamericano Sub-15 - VI U-15 Pan American 2024,2.0,0.355
2024-03-20 14:30:00,138504,Puerto Rico,12,1449.68,1451.36,1.68,Venezuela,1532.61,W,11,2,VI Panamericano Sub-15 - VI U-15 Pan American 2024,2.0,0.4211
2024-03-20 14:30:00,138504,Venezuela,6,1532.61,1530.93,-1.68,Puerto Rico,1449.68,L,2,11,VI Panamericano Sub-15 - VI U-15 Pan American 2024,2.0,0.5789
2024-03-20 14:30:00,138506,Panama,10,1463.86,1462.89,-0.96,Mexico,1602.96,L,2,8,VI Panamericano Sub-15 - VI U-15 Pan American 2024,2.0,0.3696
2024-03-20 14:30:00,138506,Mexico,3,1602.96,1603.92,0.96,Panama,1463.86,W,8,2,VI Panamericano Sub-15 - VI U-15 Pan American 2024,2.0,0.6304
2024-03-21 10:30:00,138984,Venezuela,6,1530.93,1531.56,0.64,Brazil,1297.11,W,7,5,VI Panamericano Sub-15 - VI U-15 Pan American 2024,2.0,0.7104
2024-03-21 10:30:00,138984,Brazil,19,1297.11,1296.47,-0.64,Venezuela,1530.93,L,5,7,VI Panamericano Sub-15 - VI U-15 Pan American 2024,2.0,0.2896
2024-03-21 10:30:00,138986,Mexico,3,1603.92,1604.37,0.45,Nicaragua,1250.06,W,3,1,VI Panamericano Sub-15 - VI U-15 Pan American 2024,2.0,0.7954
2024-03-21 10:30:00,138986,Nicaragua,21,1250.06,1249.61,-0.45,Mexico,1603.92,L,1,3,VI Panamericano Sub-15 - VI U-15 Pan American 2024,2.0,0.2046
2024-03-21 14:30:00,138987,Dominican Republic,11,1454.8,1453.75,-1.06,Puerto Rico,1451.36,L,4,5,VI Panamericano Sub-15 - VI U-15 Pan American 2024,2.0,0.5033
2024-03-21 14:30:00,138987,Puerto Rico,12,1451.36,1452.42,1.06,Dominican Republic,1454.8,W,5,4,VI Panamericano Sub-15 - VI U-15 Pan American 2024,2.0,0.4967
2024-07-02 10:30:00,142972,Czechia,18,1342.63,1343.68,1.06,France,1184.25,W,14,4,U-12 Baseball European Championship 2024,2.0,0.6474
2024-07-02 10:30:00,142972,France,24,1184.25,1183.19,-1.06,Czechia,1342.63,L,4,14,U-12 Baseball European Championship 2024,2.0,0.3526
2024-07-02 13:00:00,142973,Netherlands,8,1475.88,1476.32,0.44,Lithuania,1016.77,W,26,0,U-12 Baseball European Championship 2024,2.0,0.8534
2024-07-02 13:00:00,142973,Lithuania,37,1016.77,1016.33,-0.44,Netherlands,1475.88,L,0,26,U-12 Baseball European Championship 2024,2.0,0.1466
2024-07-02 15:30:00,142974,Italy,16,1367.47,1368.21,0.74,Austria,1078.72,W,15,0,U-12 Baseball European Championship 2024,2.0,0.7518
2024-07-02 15:30:00,142974,Austria,33,1078.72,1077.98,-0.74,Italy,1367.47,L,0,15,U-12 Baseball European Championship 2024,2.0,0.2482
2024-07-02 18:00:00,142975,Germany,20,1283.94,1284.96,1.02,Ukraine,1110.4,W,16,3,U-12 Baseball European Championship 2024,2.0,0.6606
2024-07-02 18:00:00,142975,Ukraine,29,1110.4,1109.38,-1.02,Germany,1283.94,L,3,16,U-12 Baseball European Championship 2024,2.0,0.3394
2024-07-03 10:30:00,142976,Austria,33,1077.98,1077.44,-0.53,Netherlands,1476.32,L,2,12,U-12 Baseball European Championship 2024,2.0,0.1782
2024-07-03 10:30:00,142976,Netherlands,8,1476.32,1476.86,0.53,Austria,1077.98,W,12,2,U-12 Baseball European Championship 2024,2.0,0.8218
2024-07-03 11:00:00,145849,Poland,94,758.93,758.73,-0.2,Great Britain,1362.37,L,1,3,U-12 Baseball European Championship B Pool 2024,2.0,0.0898
2024-07-03 11:00:00,145849,Great Britain,17,1362.37,1362.57,0.2,Poland,758.93,W,3,1,U-12 Baseball European Championship B Pool 2024,2.0,0.9102
2024-07-03 13:00:00,142977,Ukraine,29,1109.38,1108.51,-0.87,Czechia,1343.68,L,0,21,U-12 Baseball European Championship 2024,2.0,0.2892
2024-07-03 13:00:00,142977,Czechia,18,1343.68,1344.55,0.87,Ukraine,1109.38,W,21,0,U-12 Baseball European Championship 2024,2.0,0.7108
2024-07-03 14:00:00,145850,Belgium,27,1164.73,1165.32,0.59,Hungary,820.33,W,10,2,U-12 Baseball European Championship B Pool 2024,2.0,0.7895
2024-07-03 14:00:00,145850,Hungary,55,820.33,819.74,-0.59,Belgium,1164.73,L,2,10,U-12 Baseball European Championship B Pool 2024,2.0,0.2105
2024-07-03 15:30:00,142978,Lithuania,37,1016.33,1015.71,-0.62,Italy,1368.21,L,0,21,U-12 Baseball European Championship 2024,2.0,0.2058
2024-07-03 15:30:00,142978,Italy,16,1368.21,1368.83,0.62,Lithuania,1016.33,W,21,0,U-12 Baseball European Championship 2024,2.0,0.7942
2024-07-03 17:00:00,145852,Slovakia,36,1027.92,1028.71,0.79,Romania,759.85,W,17,0,U-12 Baseball European Championship B Pool 2024,2.0,0.7367
2024-07-03 17:00:00,145852,Romania,92,759.85,759.06,-0.79,Slovakia,1027.92,L,0,17,U-12 Baseball European Championship B Pool 2024,2.0,0.2633
2024-07-03 18:00:00,142979,France,24,1183.19,1182.26,-0.93,Germany,1284.96,L,2,5,U-12 Baseball European Championship 2024,2.0,0.4036
2024-07-03 18:00:00,142979,Germany,20,1284.96,1285.88,0.93,France,1183.19,W,5,2,U-12 Baseball European Championship 2024,2.0,0.5964
2024-07-04 10:30:00,142980,Austria,33,1077.44,1078.77,1.32,Lithuania,1015.71,W,17,3,U-12 Baseball European Championship 2024,2.0,0.559
2024-07-04 10:30:00,142980,Lithuania,37,1015.71,1014.39,-1.32,Austria,1077.44,L,3,17,U-12 Baseball European Championship 2024,2.0,0.441
2024-07-04 11:00:00,145853,Hungary,55,819.74,818.4,-1.34,Poland,758.73,L,6,10,U-12 Baseball European Championship B Pool 2024,2.0,0.5583
2024-07-04 11:00:00,145853,Poland,94,758.73,760.07,1.34,Hungary,819.74,W,10,6,U-12 Baseball European Championship B Pool 2024,2.0,0.4417
2024-07-04 13:00:00,142981,Netherlands,8,1476.86,1477.81,0.95,Italy,1368.83,W,5,1,U-12 Baseball European Championship 2024,2.0,0.6022
2024-07-04 13:00:00,142981,Italy,16,1368.83,1367.88,-0.95,Netherlands,1476.86,L,1,5,U-12 Baseball European Championship 2024,2.0,0.3978
2024-07-04 14:00:00,145856,Romania,94,759.06,758.54,-0.52,Belgium,1165.32,L,1,20,U-12 Baseball European Championship B Pool 2024,2.0,0.1738
2024-07-04 14:00:00,145856,Belgium,27,1165.32,1165.84,0.52,Romania,759.06,W,20,1,U-12 Baseball European Championship B Pool 2024,2.0,0.8262
2024-07-04 15:30:00,142982,France,24,1182.26,1183.55,1.29,Ukraine,1108.51,W,13,0,U-12 Baseball European Championship 2024,2.0,0.5703
2024-07-04 15:30:00,142982,Ukraine,29,1108.51,1107.23,-1.29,France,1182.26,L,0,13,U-12 Baseball European Championship 2024,2.0,0.4297
2024-07-04 17:00:00,145857,Great Britain,17,1362.57,1360.69,-1.88,Slovakia,1028.71,L,6,10,U-12 Baseball European Championship B Pool 2024,2.0,0.7827
2024-07-04 17:00:00,145857,Slovakia,36,1028.71,1030.59,1.88,Great Britain,1362.57,W,10,6,U-12 Baseball European Championship B Pool 2024,2.0,0.2173
2024-07-04 18:00:00,142983,Germany,20,1285.88,1287.05,1.17,Czechia,1344.55,W,5,4,U-12 Baseball European Championship 2024,2.0,0.4439
2024-07-04 18:00:00,142983,Czechia,18,1344.55,1343.38,-1.17,Germany,1285.88,L,4,5,U-12 Baseball European Championship 2024,2.0,0.5561
2024-07-05 10:30:00,142984,Austria,33,1078.77,1080.35,1.58,Ukraine,1107.23,W,12,2,U-12 Baseball European Championship 2024,2.0,0.4727
2024-07-05 10:30:00,142984,Ukraine,29,1107.23,1105.64,-1.58,Austria,1078.77,L,2,12,U-12 Baseball European Championship 2024,2.0,0.5273
2024-07-05 11:00:00,142965,Hungary,55,818.4,819.51,1.11,Romania,758.54,W,13,8,U-12 Baseball European Championship B Pool 2024,2.0,0.5572
2024-07-05 11:00:00,142965,Romania,94,758.54,757.43,-1.11,Hungary,818.4,L,8,13,U-12 Baseball European Championship B Pool 2024,2.0,0.4428
2024-07-05 13:00:00,142985,France,24,1183.55,1184.58,1.03,Lithuania,1014.39,W,15,0,U-12 Baseball European Championship 2024,2.0,0.6568
2024-07-05 13:00:00,142985,Lithuania,37,1014.39,1013.36,-1.03,France,1183.55,L,0,15,U-12 Baseball European Championship 2024,2.0,0.3432
2024-07-05 14:00:00,142966,Great Britain,17,1360.69,1359.26,-1.43,Belgium,1165.84,L,2,3,U-12 Baseball European Championship B Pool 2024,2.0,0.6787
2024-07-05 14:00:00,142966,Belgium,27,1165.84,1167.27,1.43,Great Britain,1360.69,W,3,2,U-12 Baseball European Championship B Pool 2024,2.0,0.3213
2024-07-05 15:30:00,142987,Netherlands,8,1477.81,1478.67,0.86,Czechia,1343.38,W,3,0,U-12 Baseball European Championship 2024,2.0,0.6262
2024-07-05 15:30:00,142987,Czechia,18,1343.38,1342.52,-0.86,Netherlands,1477.81,L,0,3,U-12 Baseball European Championship 2024,2.0,0.3738
2024-07-05 17:00:00,142967,Slovakia,36,1030.59,1031.37,0.78,Poland,760.07,W,18,3,U-12 Baseball European Championship B Pool 2024,2.0,0.7385
2024-07-05 17:00:00,142967,Poland,92,760.07,759.29,-0.78,Slovakia,1030.59,L,3,18,U-12 Baseball European Championship B Pool 2024,2.0,0.2615
2024-07-05 18:00:00,142986,Germany,20,1287.05,1288.78,1.73,Italy,1367.88,W,10,0,U-12 Baseball European Championship 2024,2.0,0.4231
2024-07-05 18:00:00,142986,Italy,16,1367.88,1366.15,-1.73,Germany,1287.05,L,0,10,U-12 Baseball European Championship 2024,2.0,0.5769
2024-07-06 10:30:00,142988,Ukraine,29,1105.64,1106.59,0.95,Lithuania,1013.36,W,7,4,U-12 Baseball European Championship 2024,2.0,0.5876
2024-07-06 10:30:00,142988,Lithuania,37,1013.36,1012.41,-0.95,Ukraine,1105.64,L,4,7,U-12 Baseball European Championship 2024,2.0,0.4124
2024-07-06 11:00:00,142969,Poland,93,759.29,760.78,1.49,Romania,757.43,W,12,2,U-12 Baseball European Championship B Pool 2024,2.0,0.5018
2024-07-06 11:00:00,142969,Romania,95,757.43,755.94,-1.49,Poland,759.29,L,2,12,U-12 Baseball European Championship B Pool 2024,2.0,0.4982
2024-07-06 13:00:00,142989,Austria,33,1080.35,1079.23,-1.12,France,1184.58,L,8,16,U-12 Baseball European Championship 2024,2.0,0.4013
2024-07-06 13:00:00,142989,France,24,1184.58,1185.7,1.12,Austria,1080.35,W,16,8,U-12 Baseball European Championship 2024,2.0,0.5987
2024-07-06 14:00:00,146124,Great Britain,17,1359.26,1357.04,-2.22,Hungary,819.51,L,6,11,U-12 Baseball European Championship B Pool 2024,2.0,0.8881
2024-07-06 14:00:00,146124,Hungary,55,819.51,821.73,2.22,Great Britain,1359.26,W,11,6,U-12 Baseball European Championship B Pool 2024,2.0,0.1119
2024-07-06 15:30:00,142990,Italy,16,1366.15,1364.58,-1.57,Czechia,1342.52,L,0,11,U-12 Baseball European Championship 2024,2.0,0.5226
2024-07-06 15:30:00,142990,Czechia,18,1342.52,1344.09,1.57,Italy,1366.15,W,11,0,U-12 Baseball European Championship 2024,2.0,0.4774
2024-07-06 17:20:00,146125,Slovakia,36,1031.37,1030.37,-1.01,Belgium,1167.27,L,5,12,U-12 Baseball European Championship B Pool 2024,2.0,0.3725
2024-07-06 17:20:00,146125,Belgium,27,1167.27,1168.27,1.01,Slovakia,1031.37,W,12,5,U-12 Baseball European Championship B Pool 2024,2.0,0.6275
2024-07-06 18:00:00,142991,Netherlands,8,1478.67,1476.98,-1.69,Germany,1288.78,L,0,5,U-12 Baseball European Championship 2024,2.0,0.6745
2024-07-06 18:00:00,142991,Germany,20,1288.78,1290.47,1.69,Netherlands,1478.67,W,5,0,U-12 Baseball European Championship 2024,2.0,0.3255
2024-07-07 11:00:00,146126,Romania,95,755.94,755.67,-0.27,Great Britain,1357.04,L,0,12,U-12 Baseball European Championship B Pool 2024,2.0,0.0906
2024-07-07 11:00:00,146126,Great Britain,17,1357.04,1357.32,0.27,Romania,755.94,W,12,0,U-12 Baseball European Championship B Pool 2024,2.0,0.9094
2024-07-07 14:00:00,146127,Belgium,26,1168.27,1168.64,0.36,Poland,760.78,W,8,7,U-12 Baseball European Championship B Pool 2024,2.0,0.8269
2024-07-07 14:00:00,146127,Poland,92,760.78,760.42,-0.36,Belgium,1168.27,L,7,8,U-12 Baseball European Championship B Pool 2024,2.0,0.1731
2024-07-07 17:00:00,146128,Hungary,55,821.73,820.93,-0.81,Slovakia,1030.37,L,3,9,U-12 Baseball European Championship B Pool 2024,2.0,0.3099
2024-07-07 17:00:00,146128,Slovakia,36,1030.37,1031.17,0.81,Hungary,821.73,W,9,3,U-12 Baseball European Championship B Pool 2024,2.0,0.6901
2024-07-08 10:00:00,142992,Austria,33,1079.23,1078.54,-0.69,Spain,1384.04,L,3,12,U-18 Baseball European Championship 2024,2.0,0.2369
2024-07-08 10:00:00,142992,Spain,15,1384.04,1384.73,0.69,Austria,1079.23,W,12,3,U-18 Baseball European Championship 2024,2.0,0.7631
2024-07-08 11:30:00,142993,Belgium,26,1168.64,1167.93,-0.7,Netherlands,1476.98,L,3,13,U-18 Baseball European Championship 2024,2.0,0.2345
2024-07-08 11:30:00,142993,Netherlands,8,1476.98,1477.69,0.7,Belgium,1168.64,W,13,3,U-18 Baseball European Championship 2024,2.0,0.7655
2024-07-08 14:00:00,142994,Israel,22,1212.2,1211.23,-0.97,Italy,1364.58,L,0,7,U-18 Baseball European Championship 2024,2.0,0.3578
2024-07-08 14:00:00,142994,Italy,16,1364.58,1365.54,0.97,Israel,1212.2,W,7,0,U-18 Baseball European Championship 2024,2.0,0.6422
2024-07-08 15:30:00,142996,France,24,1185.7,1186.53,0.83,Sweden,987.39,W,11,5,U-18 Baseball European Championship 2024,2.0,0.6816
2024-07-08 15:30:00,142996,Sweden,41,987.39,986.57,-0.83,France,1185.7,L,5,11,U-18 Baseball European Championship 2024,2.0,0.3184
2024-07-08 18:00:00,142995,Germany,20,1290.47,1291.45,0.99,Croatia,1104.1,W,15,0,U-18 Baseball European Championship 2024,2.0,0.6716
2024-07-08 18:00:00,142995,Croatia,30,1104.1,1103.11,-0.99,Germany,1290.47,L,0,15,U-18 Baseball European Championship 2024,2.0,0.3284
2024-07-08 19:30:00,142997,Great Britain,17,1357.32,1358.39,1.07,Czechia,1344.09,W,4,2,U-18 Baseball European Championship 2024,2.0,0.5127
2024-07-08 19:30:00,142997,Czechia,18,1344.09,1343.02,-1.07,Great Britain,1357.32,L,2,4,U-18 Baseball European Championship 2024,2.0,0.4873
2024-07-09 10:00:00,142998,Netherlands,8,1477.69,1478.43,0.74,France,1186.53,W,10,0,U-18 Baseball European Championship 2024,2.0,0.7535
2024-07-09 10:00:00,142998,France,24,1186.53,1185.79,-0.74,Netherlands,1477.69,L,0,10,U-18 Baseball European Championship 2024,2.0,0.2465
2024-07-09 11:30:00,143001,Italy,16,1365.54,1366.29,0.75,Austria,1078.54,W,10,0,U-18 Baseball European Championship 2024,2.0,0.7505
2024-07-09 11:30:00,143001,Austria,33,1078.54,1077.79,-0.75,Italy,1365.54,L,0,10,U-18 Baseball European Championship 2024,2.0,0.2495
2024-07-09 14:00:00,142999,Sweden,41,986.57,985.99,-0.58,Great Britain,1358.39,L,0,10,U-18 Baseball European Championship 2024,2.0,0.1936
2024-07-09 14:00:00,142999,Great Britain,17,1358.39,1358.97,0.58,Sweden,986.57,W,10,0,U-18 Baseball European Championship 2024,2.0,0.8064
2024-07-09 15:30:00,143002,Croatia,30,1103.11,1101.92,-1.19,Israel,1211.23,L,8,18,U-18 Baseball European Championship 2024,2.0,0.3977
2024-07-09 15:30:00,143002,Israel,22,1211.23,1212.43,1.19,Croatia,1103.11,W,18,8,U-18 Baseball European Championship 2024,2.0,0.6023
2024-07-09 18:00:00,143000,Spain,15,1384.73,1383.2,-1.53,Germany,1291.45,L,1,7,U-18 Baseball European Championship 2024,2.0,0.5885
2024-07-09 18:00:00,143000,Germany,20,1291.45,1292.98,1.53,Spain,1384.73,W,7,1,U-18 Baseball European Championship 2024,2.0,0.4115
2024-07-09 19:30:00,143003,Czechia,18,1343.02,1343.9,0.88,Belgium,1167.93,W,8,2,U-18 Baseball European Championship 2024,2.0,0.6619
2024-07-09 19:30:00,143003,Belgium,27,1167.93,1167.05,-0.88,Czechia,1343.02,L,2,8,U-18 Baseball European Championship 2024,2.0,0.3381
2024-07-10 10:00:00,143004,Italy,16,1366.29,1367.09,0.8,Croatia,1101.92,W,14,0,U-18 Baseball European Championship 2024,2.0,0.7339
2024-07-10 10:00:00,143004,Croatia,30,1101.92,1101.12,-0.8,Italy,1366.29,L,0,14,U-18 Baseball European Championship 2024,2.0,0.2661
2024-07-10 11:30:00,143007,Netherlands,8,1478.43,1479.51,1.08,Great Britain,1358.97,W,9,1,U-18 Baseball European Championship 2024,2.0,0.6126
2024-07-10 11:30:00,143007,Great Britain,17,1358.97,1357.88,-1.08,Netherlands,1478.43,L,1,9,U-18 Baseball European Championship 2024,2.0,0.3874
2024-07-10 14:00:00,143005,Czechia,18,1343.9,1344.51,0.61,Sweden,985.99,W,12,0,U-18 Baseball European Championship 2024,2.0,0.798
2024-07-10 14:00:00,143005,Sweden,41,985.99,985.38,-0.61,Czechia,1343.9,L,0,12,U-18 Baseball European Championship 2024,2.0,0.202
2024-07-10 15:30:00,143008,France,24,1185.79,1186.9,1.11,Belgium,1167.05,W,9,6,U-18 Baseball European Championship 2024,2.0,0.518
2024-07-10 15:30:00,143008,Belgium,27,1167.05,1165.95,-1.11,France,1185.79,L,6,9,U-18 Baseball European Championship 2024,2.0,0.482
2024-07-10 18:00:00,143006,Germany,20,1292.98,1293.9,0.91,Austria,1077.79,W,16,1,U-18 Baseball European Championship 2024,2.0,0.6955
2024-07-10 18:00:00,143006,Austria,33,1077.79,1076.88,-0.91,Germany,1292.98,L,1,16,U-18 Baseball European Championship 2024,2.0,0.3045
2024-07-10 19:30:00,143009,Spain,15,1383.2,1384.08,0.89,Israel,1212.43,W,9,3,U-18 Baseball European Championship 2024,2.0,0.6582
2024-07-10 19:30:00,143009,Israel,22,1212.43,1211.54,-0.89,Spain,1383.2,L,3,9,U-18 Baseball European Championship 2024,2.0,0.3418
2024-07-11 10:00:00,143010,Belgium,27,1165.95,1166.95,1.0,Sweden,985.38,W,11,1,U-18 Baseball European Championship 2024,2.0,0.6666
2024-07-11 10:00:00,143010,Sweden,41,985.38,984.38,-1.0,Belgium,1165.95,L,1,11,U-18 Baseball European Championship 2024,2.0,0.3334
2024-07-11 11:30:00,143013,France,24,1186.9,1186.01,-0.89,Great Britain,1357.88,L,5,11,U-18 Baseball European Championship 2024,2.0,0.3416
2024-07-11 11:30:00,143013,Great Britain,17,1357.88,1358.77,0.89,France,1186.9,W,11,5,U-18 Baseball European Championship 2024,2.0,0.6584
2024-07-11 16:40:00,143011,Netherlands,8,1479.51,1480.48,0.97,Czechia,1344.51,W,8,2,U-18 Baseball European Championship 2024,2.0,0.6267
2024-07-11 16:40:00,143011,Czechia,18,1344.51,1343.53,-0.97,Netherlands,1479.51,L,2,8,U-18 Baseball European Championship 2024,2.0,0.3733
2024-07-11 17:15:00,143014,Austria,33,1076.88,1077.98,1.1,Croatia,1101.12,W,4,3,U-18 Baseball European Championship 2024,2.0,0.4768
2024-07-11 17:15:00,143014,Croatia,30,1101.12,1100.02,-1.1,Austria,1076.88,L,3,4,U-18 Baseball European Championship 2024,2.0,0.5232
2024-07-11 18:00:00,143012,Germany,20,1293.9,1295.04,1.14,Israel,1211.54,W,9,2,U-18 Baseball European Championship 2024,2.0,0.5784
2024-07-11 18:00:00,143012,Israel,22,1211.54,1210.4,-1.14,Germany,1293.9,L,2,9,U-18 Baseball European Championship 2024,2.0,0.4216
2024-07-11 20:30:00,143015,Spain,15,1384.08,1383.0,-1.08,Italy,1367.09,L,1,2,U-18 Baseball European Championship 2024,2.0,0.5163
2024-07-11 20:30:00,143015,Italy,16,1367.09,1368.18,1.08,Spain,1384.08,W,2,1,U-18 Baseball European Championship 2024,2.0,0.4837
2024-07-12 10:00:00,143019,Czechia,18,1343.53,1342.11,-1.42,France,1186.01,L,8,10,U-18 Baseball European Championship 2024,2.0,0.6467
2024-07-12 10:00:00,143019,France,24,1186.01,1187.44,1.42,Czechia,1343.53,W,10,8,U-18 Baseball European Championship 2024,2.0,0.3533
2024-07-12 11:30:00,143016,Israel,22,1210.4,1209.09,-1.31,Austria,1077.98,L,6,7,U-18 Baseball European Championship 2024,2.0,0.6244
2024-07-12 11:30:00,143016,Austria,33,1077.98,1079.29,1.31,Israel,1210.4,W,7,6,U-18 Baseball European Championship 2024,2.0,0.3756
2024-07-12 14:00:00,143020,Great Britain,17,1358.77,1357.15,-1.62,Belgium,1166.95,L,2,6,U-18 Baseball European Championship 2024,2.0,0.6762
2024-07-12 14:00:00,143020,Belgium,27,1166.95,1168.57,1.62,Great Britain,1358.77,W,6,2,U-18 Baseball European Championship 2024,2.0,0.3238
2024-07-12 15:30:00,143017,Sweden,41,984.38,983.99,-0.39,Netherlands,1480.48,L,1,19,U-18 Baseball European Championship 2024,2.0,0.1297
2024-07-12 15:30:00,143017,Netherlands,8,1480.48,1480.87,0.39,Sweden,984.38,W,19,1,U-18 Baseball European Championship 2024,2.0,0.8703
2024-07-12 18:00:00,143021,Italy,16,1368.18,1369.29,1.12,Germany,1295.04,W,9,3,U-18 Baseball European Championship 2024,2.0,0.5697
2024-07-12 18:00:00,143021,Germany,20,1295.04,1293.92,-1.12,Italy,1368.18,L,3,9,U-18 Baseball European Championship 2024,2.0,0.4303
2024-07-12 19:30:00,143018,Croatia,30,1100.02,1099.26,-0.76,Spain,1383.0,L,0,13,U-18 Baseball European Championship 2024,2.0,0.2524
2024-07-12 19:30:00,143018,Spain,15,1383.0,1383.76,0.76,Croatia,1100.02,W,13,0,U-18 Baseball European Championship 2024,2.0,0.7476
2024-07-13 10:00:00,143022,Israel,22,1209.09,1209.77,0.68,Sweden,983.99,W,9,6,U-18 Baseball European Championship 2024,2.0,0.7035
2024-07-13 10:00:00,143022,Sweden,41,983.99,983.31,-0.68,Israel,1209.09,L,6,9,U-18 Baseball European Championship 2024,2.0,0.2965
2024-07-13 11:30:00,143025,Belgium,26,1168.57,1169.57,1.0,Croatia,1099.26,W,7,4,U-18 Baseball European Championship 2024,2.0,0.5661
2024-07-13 11:30:00,143025,Croatia,30,1099.26,1098.26,-1.0,Belgium,1168.57,L,4,7,U-18 Baseball European Championship 2024,2.0,0.4339
2024-07-13 14:00:00,143023,Spain,15,1383.76,1384.72,0.97,Czechia,1342.11,W,6,5,U-18 Baseball European Championship 2024,2.0,0.5399
2024-07-13 14:00:00,143023,Czechia,18,1342.11,1341.15,-0.97,Spain,1383.76,L,5,6,U-18 Baseball European Championship 2024,2.0,0.4601
2024-07-13 15:30:00,143026,France,24,1187.44,1188.63,1.19,Austria,1079.29,W,10,0,U-18 Baseball European Championship 2024,2.0,0.6023
2024-07-13 15:30:00,143026,Austria,33,1079.29,1078.09,-1.19,France,1187.44,L,0,10,U-18 Baseball European Championship 2024,2.0,0.3977
2024-07-13 18:00:00,143027,Netherlands,8,1480.87,1479.19,-1.68,Germany,1293.92,L,1,6,U-18 Baseball European Championship 2024,2.0,0.672
2024-07-13 18:00:00,143027,Germany,20,1293.92,1295.6,1.68,Netherlands,1480.87,W,6,1,U-18 Baseball European Championship 2024,2.0,0.328
2024-07-13 19:30:00,143024,Italy,16,1369.29,1370.32,1.03,Great Britain,1357.15,W,6,5,U-18 Baseball European Championship 2024,2.0,0.5116
2024-07-13 19:30:00,143024,Great Britain,17,1357.15,1356.12,-1.03,Italy,1369.29,L,5,6,U-18 Baseball European Championship 2024,2.0,0.4884
2024-07-14 10:00:00,143028,Israel,22,1209.77,1210.88,1.11,Belgium,1169.57,W,11,7,U-18 Baseball European Championship 2024,2.0,0.5385
2024-07-14 10:00:00,143028,Belgium,26,1169.57,1168.46,-1.11,Israel,1209.77,L,7,11,U-18 Baseball European Championship 2024,2.0,0.4615
2024-07-14 10:30:00,143031,Croatia,30,1098.26,1096.44,-1.83,Sweden,983.31,L,2,15,U-18 Baseball European Championship 2024,2.0,0.6085
2024-07-14 10:30:00,143031,Sweden,41,983.31,985.13,1.83,Croatia,1098.26,W,15,2,U-18 Baseball European Championship 2024,2.0,0.3915
2024-07-14 14:00:00,143033,Netherlands,8,1479.19,1480.04,0.84,Great Britain,1356.12,W,5,3,U-18 Baseball European Championship 2024,2.0,0.6159
2024-07-14 14:00:00,143033,Great Britain,17,1356.12,1355.28,-0.84,Netherlands,1479.19,L,3,5,U-18 Baseball European Championship 2024,2.0,0.3841
2024-07-14 14:30:00,143032,Austria,33,1078.09,1077.32,-0.77,Czechia,1341.15,L,2,11,U-18 Baseball European Championship 2024,2.0,0.2671
2024-07-14 14:30:00,143032,Czechia,18,1341.15,1341.92,0.77,Austria,1078.09,W,11,2,U-18 Baseball European Championship 2024,2.0,0.7329
2024-07-14 17:30:00,143029,France,23,1188.63,1190.67,2.04,Spain,1384.72,W,13,3,U-18 Baseball European Championship 2024,2.0,0.3203
2024-07-14 17:30:00,143029,Spain,15,1384.72,1382.68,-2.04,France,1188.63,L,3,13,U-18 Baseball European Championship 2024,2.0,0.6797
2024-07-14 19:00:00,143030,Italy,16,1370.32,1371.26,0.94,Germany,1295.6,W,3,1,U-18 Baseball European Championship 2024,2.0,0.5712
2024-07-14 19:00:00,143030,Germany,20,1295.6,1294.65,-0.94,Italy,1370.32,L,1,3,U-18 Baseball European Championship 2024,2.0,0.4288
2024-07-15 10:00:00,143125,Ukraine,29,1106.59,1108.25,1.66,Great Britain,1355.28,W,11,8,U-15 Baseball European Championship B Pool 2024 - Group Lithuania,2.0,0.278
2024-07-15 10:00:00,143125,Great Britain,17,1355.28,1353.62,-1.66,Ukraine,1106.59,L,8,11,U-15 Baseball European Championship B Pool 2024 - Group Lithuania,2.0,0.722
2024-07-15 10:00:00,143109,Switzerland,47,867.12,866.19,-0.93,Austria,1077.32,L,2,18,U-15 Baseball European Championship B Pool 2024 - Group Croatia,2.0,0.3086
2024-07-15 10:00:00,143109,Austria,33,1077.32,1078.25,0.93,Switzerland,867.12,W,18,2,U-15 Baseball European Championship B Pool 2024 - Group Croatia,2.0,0.6914
2024-07-15 13:30:00,143126,Finland,79,796.32,795.82,-0.51,Israel,1210.88,L,2,24,U-15 Baseball European Championship B Pool 2024 - Group Lithuania,2.0,0.1693
2024-07-15 13:30:00,143126,Israel,22,1210.88,1211.39,0.51,Finland,796.32,W,24,2,U-15 Baseball European Championship B Pool 2024 - Group Lithuania,2.0,0.8307
2024-07-15 14:00:00,143110,Bulgaria,57,811.12,810.51,-0.61,Belgium,1168.46,L,1,13,U-15 Baseball European Championship B Pool 2024 - Group Croatia,2.0,0.2024
2024-07-15 14:00:00,143110,Belgium,26,1168.46,1169.07,0.61,Bulgaria,811.12,W,13,1,U-15 Baseball European Championship B Pool 2024 - Group Croatia,2.0,0.7976
2024-07-15 17:00:00,143127,Lithuania,37,1012.41,1012.99,0.58,Poland,760.42,W,7,6,U-15 Baseball European Championship B Pool 2024 - Group Lithuania,2.0,0.7245
2024-07-15 17:00:00,143127,Poland,92,760.42,759.84,-0.58,Lithuania,1012.41,L,6,7,U-15 Baseball European Championship B Pool 2024 - Group Lithuania,2.0,0.2755
2024-07-15 18:00:00,143111,Croatia,30,1096.44,1095.26,-1.18,Slovakia,1031.17,L,12,13,U-15 Baseball European Championship B Pool 2024 - Group Croatia,2.0,0.5623
2024-07-15 18:00:00,143111,Slovakia,36,1031.17,1032.35,1.18,Croatia,1096.44,W,13,12,U-15 Baseball European Championship B Pool 2024 - Group Croatia,2.0,0.4377
2024-07-16 10:00:00,143128,Finland,80,795.82,795.12,-0.69,Ukraine,1108.25,L,1,20,U-15 Baseball European Championship B Pool 2024 - Group Lithuania,2.0,0.2316
2024-07-16 10:00:00,143128,Ukraine,29,1108.25,1108.95,0.69,Finland,795.82,W,20,1,U-15 Baseball European Championship B Pool 2024 - Group Lithuania,2.0,0.7684
2024-07-16 10:00:00,143112,Slovakia,36,1032.35,1033.25,0.9,Bulgaria,810.51,W,18,5,U-15 Baseball European Championship B Pool 2024 - Group Croatia,2.0,0.7009
2024-07-16 10:00:00,143112,Bulgaria,57,810.51,809.61,-0.9,Slovakia,1032.35,L,5,18,U-15 Baseball European Championship B Pool 2024 - Group Croatia,2.0,0.2991
2024-07-16 13:30:00,143129,Poland,92,759.84,759.57,-0.27,Great Britain,1353.62,L,9,18,U-15 Baseball European Championship B Pool 2024 - Group Lithuania,2.0,0.0929
2024-07-16 13:30:00,143129,Great Britain,17,1353.62,1353.89,0.27,Poland,759.84,W,18,9,U-15 Baseball European Championship B Pool 2024 - Group Lithuania,2.0,0.9071
2024-07-16 14:00:00,143113,Belgium,26,1169.07,1169.78,0.71,Switzerland,866.19,W,10,0,U-15 Baseball European Championship B Pool 2024 - Group Croatia,2.0,0.7618
2024-07-16 14:00:00,143113,Switzerland,48,866.19,865.48,-0.71,Belgium,1169.07,L,0,10,U-15 Baseball European Championship B Pool 2024 - Group Croatia,2.0,0.2382
2024-07-16 17:00:00,143130,Israel,22,1211.39,1212.34,0.96,Lithuania,1012.99,W,11,1,U-15 Baseball European Championship B Pool 2024 - Group Lithuania,2.0,0.6817
2024-07-16 17:00:00,143130,Lithuania,37,1012.99,1012.04,-0.96,Israel,1211.39,L,1,11,U-15 Baseball European Championship B Pool 2024 - Group Lithuania,2.0,0.3183
2024-07-16 17:30:00,143114,Austria,33,1078.25,1077.08,-1.16,Croatia,1095.26,L,4,8,U-15 Baseball European Championship B Pool 2024 - Group Croatia,2.0,0.4837
2024-07-16 17:30:00,143114,Croatia,30,1095.26,1096.42,1.16,Austria,1078.25,W,8,4,U-15 Baseball European Championship B Pool 2024 - Group Croatia,2.0,0.5163
2024-07-17 10:00:00,143131,Great Britain,17,1353.89,1354.2,0.31,Finland,795.12,W,12,2,U-15 Baseball European Championship B Pool 2024 - Group Lithuania,2.0,0.8951
2024-07-17 10:00:00,143131,Finland,82,795.12,794.81,-0.31,Great Britain,1353.89,L,2,12,U-15 Baseball European Championship B Pool 2024 - Group Lithuania,2.0,0.1049
2024-07-17 10:00:00,143115,Austria,33,1077.08,1078.32,1.23,Belgium,1169.78,W,11,10,U-15 Baseball European Championship B Pool 2024 - Group Croatia,2.0,0.412
2024-07-17 10:00:00,143115,Belgium,26,1169.78,1168.55,-1.23,Austria,1077.08,L,10,11,U-15 Baseball European Championship B Pool 2024 - Group Croatia,2.0,0.588
2024-07-17 13:30:00,143132,Israel,22,1212.34,1212.66,0.31,Poland,759.57,W,9,8,U-15 Baseball European Championship B Pool 2024 - Group Lithuania,2.0,0.8504
2024-07-17 13:30:00,143132,Poland,92,759.57,759.26,-0.31,Israel,1212.34,L,8,9,U-15 Baseball European Championship B Pool 2024 - Group Lithuania,2.0,0.1496
2024-07-17 13:30:00,143116,Slovakia,36,1033.25,1034.08,0.83,Switzerland,865.48,W,4,0,U-15 Baseball European Championship B Pool 2024 - Group Croatia,2.0,0.6556
2024-07-17 13:30:00,143116,Switzerland,48,865.48,864.65,-0.83,Slovakia,1033.25,L,0,4,U-15 Baseball European Championship B Pool 2024 - Group Croatia,2.0,0.3444
2024-07-17 17:00:00,143133,Lithuania,37,1012.04,1010.81,-1.22,Ukraine,1108.95,L,2,14,U-15 Baseball European Championship B Pool 2024 - Group Lithuania,2.0,0.4081
2024-07-17 17:00:00,143133,Ukraine,29,1108.95,1110.17,1.22,Lithuania,1012.04,W,14,2,U-15 Baseball European Championship B Pool 2024 - Group Lithuania,2.0,0.5919
2024-07-17 17:00:00,143117,Bulgaria,57,809.61,808.86,-0.75,Croatia,1096.42,L,10,33,U-15 Baseball European Championship B Pool 2024 - Group Croatia,2.0,0.2496
2024-07-17 17:00:00,143117,Croatia,30,1096.42,1097.17,0.75,Bulgaria,809.61,W,33,10,U-15 Baseball European Championship B Pool 2024 - Group Croatia,2.0,0.7504
2024-07-18 10:00:00,143134,Great Britain,17,1354.2,1355.08,0.88,Israel,1212.66,W,10,6,U-15 Baseball European Championship B Pool 2024 - Group Lithuania,2.0,0.6326
2024-07-18 10:00:00,143134,Israel,22,1212.66,1211.77,-0.88,Great Britain,1354.2,L,6,10,U-15 Baseball European Championship B Pool 2024 - Group Lithuania,2.0,0.3674
2024-07-18 10:00:00,143118,Slovakia,36,1034.08,1035.32,1.25,Austria,1078.32,W,9,6,U-15 Baseball European Championship B Pool 2024 - Group Croatia,2.0,0.4577
2024-07-18 10:00:00,143118,Austria,33,1078.32,1077.07,-1.25,Slovakia,1034.08,L,6,9,U-15 Baseball European Championship B Pool 2024 - Group Croatia,2.0,0.5423
2024-07-18 13:30:00,143135,Ukraine,29,1110.17,1108.35,-1.83,Poland,759.26,L,7,10,U-15 Baseball European Championship B Pool 2024 - Group Lithuania,2.0,0.7936
2024-07-18 13:30:00,143135,Poland,93,759.26,761.08,1.83,Ukraine,1110.17,W,10,7,U-15 Baseball European Championship B Pool 2024 - Group Lithuania,2.0,0.2064
2024-07-18 13:30:00,143119,Bulgaria,57,808.86,807.52,-1.34,Switzerland,864.65,L,5,33,U-15 Baseball European Championship B Pool 2024 - Group Croatia,2.0,0.4467
2024-07-18 13:30:00,143119,Switzerland,48,864.65,865.99,1.34,Bulgaria,808.86,W,33,5,U-15 Baseball European Championship B Pool 2024 - Group Croatia,2.0,0.5533
2024-07-18 17:00:00,143136,Lithuania,37,1010.81,1011.72,0.91,Finland,794.81,W,18,6,U-15 Baseball European Championship B Pool 2024 - Group Lithuania,2.0,0.6961
2024-07-18 17:00:00,143136,Finland,82,794.81,793.89,-0.91,Lithuania,1010.81,L,6,18,U-15 Baseball European Championship B Pool 2024 - Group Lithuania,2.0,0.3039
2024-07-18 17:00:00,143120,Croatia,30,1097.17,1095.87,-1.3,Belgium,1168.55,L,2,13,U-15 Baseball European Championship B Pool 2024 - Group Croatia,2.0,0.4319
2024-07-18 17:00:00,143120,Belgium,26,1168.55,1169.84,1.3,Croatia,1097.17,W,13,2,U-15 Baseball European Championship B Pool 2024 - Group Croatia,2.0,0.5681
2024-07-19 10:00:00,143137,Israel,22,1211.77,1210.34,-1.44,Ukraine,1108.35,L,2,6,U-15 Baseball European Championship B Pool 2024 - Group Lithuania,2.0,0.5979
2024-07-19 10:00:00,143137,Ukraine,29,1108.35,1109.78,1.44,Israel,1211.77,W,6,2,U-15 Baseball European Championship B Pool 2024 - Group Lithuania,2.0,0.4021
2024-07-19 10:00:00,143121,Austria,33,1077.07,1077.75,0.68,Bulgaria,807.52,W,17,11,U-15 Baseball European Championship B Pool 2024 - Group Croatia,2.0,0.7378
2024-07-19 10:00:00,143121,Bulgaria,57,807.52,806.84,-0.68,Austria,1077.07,L,11,17,U-15 Baseball European Championship B Pool 2024 - Group Croatia,2.0,0.2622
2024-07-19 13:30:00,143138,Poland,92,761.08,762.68,1.59,Finland,793.89,W,27,17,U-15 Baseball European Championship B Pool 2024 - Group Lithuania,2.0,0.4686
2024-07-19 13:30:00,143138,Finland,82,793.89,792.3,-1.59,Poland,761.08,L,17,27,U-15 Baseball European Championship B Pool 2024 - Group Lithuania,2.0,0.5314
2024-07-19 13:30:00,143122,Belgium,26,1169.84,1170.96,1.12,Slovakia,1035.32,W,15,5,U-15 Baseball European Championship B Pool 2024 - Group Croatia,2.0,0.6263
2024-07-19 13:30:00,143122,Slovakia,36,1035.32,1034.2,-1.12,Belgium,1169.84,L,5,15,U-15 Baseball European Championship B Pool 2024 - Group Croatia,2.0,0.3737
2024-07-19 17:00:00,143139,Great Britain,17,1355.08,1355.7,0.61,Lithuania,1011.72,W,15,6,U-15 Baseball European Championship B Pool 2024 - Group Lithuania,2.0,0.7888
2024-07-19 17:00:00,143139,Lithuania,37,1011.72,1011.11,-0.61,Great Britain,1355.08,L,6,15,U-15 Baseball European Championship B Pool 2024 - Group Lithuania,2.0,0.2112
2024-07-19 17:00:00,143123,Switzerland,48,865.99,865.38,-0.61,Croatia,1095.87,L,5,6,U-15 Baseball European Championship B Pool 2024 - Group Croatia,2.0,0.2927
2024-07-19 17:00:00,143123,Croatia,30,1095.87,1096.49,0.61,Switzerland,865.99,W,6,5,U-15 Baseball European Championship B Pool 2024 - Group Croatia,2.0,0.7073
2024-07-20 10:00:00,143124,Belgium,26,1170.96,1171.89,0.93,Slovakia,1034.2,W,9,4,U-15 Baseball European Championship B Pool 2024 - Group Croatia,2.0,0.6283
2024-07-20 10:00:00,143124,Slovakia,36,1034.2,1033.27,-0.93,Belgium,1170.96,L,4,9,U-15 Baseball European Championship B Pool 2024 - Group Croatia,2.0,0.3717
2024-07-20 12:00:00,143140,Ukraine,29,1109.78,1108.94,-0.84,Great Britain,1355.7,L,6,19,U-15 Baseball European Championship B Pool 2024 - Group Lithuania,2.0,0.2801
2024-07-20 12:00:00,143140,Great Britain,17,1355.7,1356.54,0.84,Ukraine,1109.78,W,19,6,U-15 Baseball European Championship B Pool 2024 - Group Lithuania,2.0,0.7199
2024-07-22 11:00:00,143763,Türkiye,81,795.15,780.3,-14.86,Slovenia,800.09,L,1,11,Baseball European Championship B Pool 2024 - Group Serbia,20.0,0.4953
2024-07-22 11:00:00,143763,Slovenia,59,800.09,814.95,14.86,Türkiye,795.15,W,11,1,Baseball European Championship B Pool 2024 - Group Serbia,20.0,0.5047
2024-07-22 16:00:00,143764,Hungary,55,820.93,834.92,14.0,Serbia,786.01,W,12,2,Baseball European Championship B Pool 2024 - Group Serbia,20.0,0.5334
2024-07-22 16:00:00,143764,Serbia,85,786.01,772.02,-14.0,Hungary,820.93,L,2,12,Baseball European Championship B Pool 2024 - Group Serbia,20.0,0.4666
2024-07-23 11:00:00,143765,Slovakia,36,1033.27,1017.92,-15.36,Slovenia,814.95,L,2,4,Baseball European Championship B Pool 2024 - Group Serbia,20.0,0.698
2024-07-23 11:00:00,143765,Slovenia,56,814.95,830.3,15.36,Slovakia,1033.27,W,4,2,Baseball European Championship B Pool 2024 - Group Serbia,20.0,0.302
2024-07-23 16:00:00,143766,Serbia,90,772.02,787.25,15.24,Türkiye,780.3,W,15,0,Baseball European Championship B Pool 2024 - Group Serbia,20.0,0.4921
2024-07-23 16:00:00,143766,Türkiye,86,780.3,765.06,-15.24,Serbia,772.02,L,0,15,Baseball European Championship B Pool 2024 - Group Serbia,20.0,0.5079
2024-07-24 11:00:00,143767,Hungary,50,834.92,854.98,20.06,Slovakia,1017.92,W,13,1,Baseball European Championship B Pool 2024 - Group Serbia,20.0,0.3313
2024-07-24 11:00:00,143767,Slovakia,36,1017.92,997.86,-20.06,Hungary,834.92,L,1,13,Baseball European Championship B Pool 2024 - Group Serbia,20.0,0.6687
2024-07-24 12:00:00,143785,Finland,83,792.3,776.78,-15.52,Romania,755.67,L,0,9,Baseball European Championship B Pool 2024 - Group Poland,20.0,0.5351
2024-07-24 12:00:00,143785,Romania,95,755.67,771.18,15.52,Finland,792.3,W,9,0,Baseball European Championship B Pool 2024 - Group Poland,20.0,0.4649
2024-07-24 16:00:00,143768,Slovenia,51,830.3,817.31,-12.99,Serbia,787.25,L,2,6,Baseball European Championship B Pool 2024 - Group Serbia,20.0,0.5412
2024-07-24 16:00:00,143768,Serbia,84,787.25,800.24,12.99,Slovenia,830.3,W,6,2,Baseball European Championship B Pool 2024 - Group Serbia,20.0,0.4588
2024-07-24 18:00:00,143786,Lithuania,36,1011.11,1018.07,6.96,Poland,762.68,W,8,3,Baseball European Championship B Pool 2024 - Group Poland,20.0,0.7218
2024-07-24 18:00:00,143786,Poland,93,762.68,755.72,-6.96,Lithuania,1011.11,L,3,8,Baseball European Championship B Pool 2024 - Group Poland,20.0,0.2782
2024-07-25 11:00:00,143769,Slovenia,56,817.31,803.4,-13.92,Hungary,854.98,L,2,16,Baseball European Championship B Pool 2024 - Group Serbia,20.0,0.4639
2024-07-25 11:00:00,143769,Hungary,49,854.98,868.9,13.92,Slovenia,817.31,W,16,2,Baseball European Championship B Pool 2024 - Group Serbia,20.0,0.5361
2024-07-25 12:00:00,143787,Romania,90,771.18,762.8,-8.38,Lithuania,1018.07,L,5,15,Baseball European Championship B Pool 2024 - Group Poland,20.0,0.2794
2024-07-25 12:00:00,143787,Lithuania,36,1018.07,1026.45,8.38,Romania,771.18,W,15,5,Baseball European Championship B Pool 2024 - Group Poland,20.0,0.7206
2024-07-25 12:30:00,143034,Bulgaria,57,806.84,792.46,-14.38,Norway,828.26,L,3,14,Baseball European Championship B Pool 2024 - Group Ireland,20.0,0.4795
2024-07-25 12:30:00,143034,Norway,53,828.26,842.64,14.38,Bulgaria,806.84,W,14,3,Baseball European Championship B Pool 2024 - Group Ireland,20.0,0.5205
2024-07-25 16:00:00,143770,Slovakia,38,997.86,1006.57,8.71,Türkiye,765.06,W,12,1,Baseball European Championship B Pool 2024 - Group Serbia,20.0,0.7096
2024-07-25 16:00:00,143770,Türkiye,91,765.06,756.34,-8.71,Slovakia,997.86,L,1,12,Baseball European Championship B Pool 2024 - Group Serbia,20.0,0.2904
2024-07-25 17:30:00,143035,Austria,33,1077.75,1063.51,-14.25,Ireland,919.14,L,0,2,Baseball European Championship B Pool 2024 - Group Ireland,20.0,0.6476
2024-07-25 17:30:00,143035,Ireland,43,919.14,933.39,14.25,Austria,1077.75,W,2,0,Baseball European Championship B Pool 2024 - Group Ireland,20.0,0.3524
2024-07-25 18:00:00,143788,Poland,95,755.72,767.69,11.96,Finland,776.78,W,7,4,Baseball European Championship B Pool 2024 - Group Poland,20.0,0.4798
2024-07-25 18:00:00,143788,Finland,87,776.78,764.82,-11.96,Poland,755.72,L,4,7,Baseball European Championship B Pool 2024 - Group Poland,20.0,0.5202
2024-07-26 11:00:00,143771,Türkiye,95,756.34,744.53,-11.81,Hungary,868.9,L,0,16,Baseball European Championship B Pool 2024 - Group Serbia,20.0,0.3937
2024-07-26 11:00:00,143771,Hungary,47,868.9,880.71,11.81,Türkiye,756.34,W,16,0,Baseball European Championship B Pool 2024 - Group Serbia,20.0,0.6063
2024-07-26 12:00:00,143789,Lithuania,36,1026.45,1034.49,8.04,Finland,764.82,W,14,2,Baseball European Championship B Pool 2024 - Group Poland,20.0,0.7319
2024-07-26 12:00:00,143789,Finland,91,764.82,756.77,-8.04,Lithuania,1026.45,L,2,14,Baseball European Championship B Pool 2024 - Group Poland,20.0,0.2681
2024-07-26 12:30:00,143036,Norway,51,842.64,833.64,-9.0,Austria,1063.51,L,2,19,Baseball European Championship B Pool 2024 - Group Ireland,20.0,0.2999
2024-07-26 12:30:00,143036,Austria,35,1063.51,1072.5,9.0,Norway,842.64,W,19,2,Baseball European Championship B Pool 2024 - Group Ireland,20.0,0.7001
2024-07-26 16:00:00,143772,Serbia,59,800.24,814.7,14.45,Slovakia,1006.57,W,6,5,Baseball European Championship B Pool 2024 - Group Serbia,20.0,0.3118
2024-07-26 16:00:00,143772,Slovakia,37,1006.57,992.12,-14.45,Serbia,800.24,L,5,6,Baseball European Championship B Pool 2024 - Group Serbia,20.0,0.6882
2024-07-26 17:30:00,143037,Ireland,42,933.39,917.59,-15.8,Bulgaria,792.46,L,0,5,Baseball European Championship B Pool 2024 - Group Ireland,20.0,0.632
2024-07-26 17:30:00,143037,Bulgaria,83,792.46,808.26,15.8,Ireland,933.39,W,5,0,Baseball European Championship B Pool 2024 - Group Ireland,20.0,0.368
2024-07-26 18:00:00,143790,Romania,91,762.8,747.94,-14.86,Poland,767.69,L,4,17,Baseball European Championship B Pool 2024 - Group Poland,20.0,0.4953
2024-07-26 18:00:00,143790,Poland,89,767.69,782.55,14.86,Romania,762.8,W,17,4,Baseball European Championship B Pool 2024 - Group Poland,20.0,0.5047
2024-07-27 11:00:00,143038,Austria,33,1072.5,1080.49,7.99,Bulgaria,808.26,W,14,4,Baseball European Championship B Pool 2024 - Group Ireland,20.0,0.7338
2024-07-27 11:00:00,143038,Bulgaria,58,808.26,800.27,-7.99,Austria,1072.5,L,4,14,Baseball European Championship B Pool 2024 - Group Ireland,20.0,0.2662
2024-07-27 14:00:00,143773,Hungary,46,880.71,893.82,13.11,Serbia,814.7,W,11,1,Baseball European Championship B Pool 2024 - Group Serbia,20.0,0.563
2024-07-27 14:00:00,143773,Serbia,56,814.7,801.59,-13.11,Hungary,880.71,L,1,11,Baseball European Championship B Pool 2024 - Group Serbia,20.0,0.437
2024-07-27 14:00:00,143795,Lithuania,36,1034.49,1040.28,5.79,Poland,782.55,W,10,9,Baseball European Championship B Pool 2024 - Group Poland,20.0,0.7245
2024-07-27 14:00:00,143795,Poland,86,782.55,776.76,-5.79,Lithuania,1034.49,L,9,10,Baseball European Championship B Pool 2024 - Group Poland,20.0,0.2755
2024-07-27 16:00:00,143039,Norway,51,833.64,823.98,-9.66,Ireland,917.59,L,3,6,Baseball European Championship B Pool 2024 - Group Ireland,20.0,0.4201
2024-07-27 16:00:00,143039,Ireland,43,917.59,927.26,9.66,Norway,833.64,W,6,3,Baseball European Championship B Pool 2024 - Group Ireland,20.0,0.5799
2024-07-28 15:00:00,143040,Ireland,43,927.26,916.54,-10.71,Austria,1080.49,L,3,14,Baseball European Championship B Pool 2024 - Group Ireland,20.0,0.3571
2024-07-28 15:00:00,143040,Austria,33,1080.49,1091.2,10.71,Ireland,927.26,W,14,3,Baseball European Championship B Pool 2024 - Group Ireland,20.0,0.6429
2024-08-02 09:00:00,147879,Brazil,19,1296.47,1296.83,0.35,Costa Rica,792.69,W,8,0,XV Campeonato Panamericano Sub-18 | U-18 Pan American Championship - 2024,2.0,0.8736
2024-08-02 09:00:00,147879,Costa Rica,83,792.69,792.34,-0.35,Brazil,1296.47,L,0,8,XV Campeonato Panamericano Sub-18 | U-18 Pan American Championship - 2024,2.0,0.1264
2024-08-02 09:00:00,147880,Cuba,7,1493.51,1494.1,0.59,Nicaragua,1249.61,W,2,1,XV Campeonato Panamericano Sub-18 | U-18 Pan American Championship - 2024,2.0,0.7183
2024-08-02 09:00:00,147880,Nicaragua,21,1249.61,1249.02,-0.59,Cuba,1493.51,L,1,2,XV Campeonato Panamericano Sub-18 | U-18 Pan American Championship - 2024,2.0,0.2817
2024-08-02 13:00:00,147881,Canada,13,1425.98,1426.22,0.25,Guatemala,795.77,W,13,3,XV Campeonato Panamericano Sub-18 | U-18 Pan American Championship - 2024,2.0,0.9182
2024-08-02 13:00:00,147881,Guatemala,81,795.77,795.53,-0.25,Canada,1425.98,L,3,13,XV Campeonato Panamericano Sub-18 | U-18 Pan American Championship - 2024,2.0,0.0818
2024-08-02 13:00:00,147882,Mexico,3,1604.37,1604.5,0.14,El Salvador,829.08,W,8,0,XV Campeonato Panamericano Sub-18 | U-18 Pan American Championship - 2024,2.0,0.9514
2024-08-02 13:00:00,147882,El Salvador,52,829.08,828.95,-0.14,Mexico,1604.37,L,0,8,XV Campeonato Panamericano Sub-18 | U-18 Pan American Championship - 2024,2.0,0.0486
2024-08-02 20:00:00,147883,Panama,10,1462.89,1464.07,1.18,Puerto Rico,1452.42,W,9,5,XV Campeonato Panamericano Sub-18 | U-18 Pan American Championship - 2024,2.0,0.51
2024-08-02 20:00:00,147883,Puerto Rico,12,1452.42,1451.24,-1.18,Panama,1462.89,L,5,9,XV Campeonato Panamericano Sub-18 | U-18 Pan American Championship - 2024,2.0,0.49
2024-08-03 10:00:00,148043,Canada,13,1426.22,1426.93,0.71,Nicaragua,1249.02,W,1,0,XV Campeonato Panamericano Sub-18 | U-18 Pan American Championship - 2024,2.0,0.6637
2024-08-03 10:00:00,148043,Nicaragua,21,1249.02,1248.31,-0.71,Canada,1426.22,L,0,1,XV Campeonato Panamericano Sub-18 | U-18 Pan American Championship - 2024,2.0,0.3363
2024-08-03 10:00:00,148044,Guatemala,81,795.53,795.42,-0.11,Mexico,1604.5,L,0,6,XV Campeonato Panamericano Sub-18 | U-18 Pan American Championship - 2024,2.0,0.0429
2024-08-03 10:00:00,148044,Mexico,3,1604.5,1604.61,0.11,Guatemala,795.53,W,6,0,XV Campeonato Panamericano Sub-18 | U-18 Pan American Championship - 2024,2.0,0.9571
2024-08-03 14:30:00,148045,Puerto Rico,12,1451.24,1452.1,0.85,Brazil,1296.83,W,8,4,XV Campeonato Panamericano Sub-18 | U-18 Pan American Championship - 2024,2.0,0.644
2024-08-03 14:30:00,148045,Brazil,19,1296.83,1295.97,-0.85,Puerto Rico,1451.24,L,4,8,XV Campeonato Panamericano Sub-18 | U-18 Pan American Championship - 2024,2.0,0.356
2024-08-03 14:30:00,148046,United States of America,2,1725.64,1725.72,0.08,Costa Rica,792.34,W,18,0,XV Campeonato Panamericano Sub-18 | U-18 Pan American Championship - 2024,2.0,0.9729
2024-08-03 14:30:00,148046,Costa Rica,83,792.34,792.26,-0.08,United States of America,1725.64,L,0,18,XV Campeonato Panamericano Sub-18 | U-18 Pan American Championship - 2024,2.0,0.0271
2024-08-03 19:00:00,148047,Venezuela,6,1531.56,1530.32,-1.24,Panama,1464.07,L,1,3,XV Campeonato Panamericano Sub-18 | U-18 Pan American Championship - 2024,2.0,0.5644
2024-08-03 19:00:00,148047,Panama,10,1464.07,1465.31,1.24,Venezuela,1531.56,W,3,1,XV Campeonato Panamericano Sub-18 | U-18 Pan American Championship - 2024,2.0,0.4356
2024-08-03 20:00:00,148048,Cuba,7,1494.1,1495.21,1.11,Dominican Republic,1453.75,W,5,1,XV Campeonato Panamericano Sub-18 | U-18 Pan American Championship - 2024,2.0,0.5386
2024-08-03 20:00:00,148048,Dominican Republic,11,1453.75,1452.64,-1.11,Cuba,1494.1,L,1,5,XV Campeonato Panamericano Sub-18 | U-18 Pan American Championship - 2024,2.0,0.4614
2024-08-04 10:00:00,148049,Guatemala,81,795.42,795.21,-0.21,Dominican Republic,1452.64,L,3,11,XV Campeonato Panamericano Sub-18 | U-18 Pan American Championship - 2024,2.0,0.0743
2024-08-04 10:00:00,148049,Dominican Republic,11,1452.64,1452.85,0.21,Guatemala,795.42,W,11,3,XV Campeonato Panamericano Sub-18 | U-18 Pan American Championship - 2024,2.0,0.9257
2024-08-04 11:00:00,148050,United States of America,2,1725.72,1726.34,0.62,Puerto Rico,1452.1,W,7,3,XV Campeonato Panamericano Sub-18 | U-18 Pan American Championship - 2024,2.0,0.7408
2024-08-04 11:00:00,148050,Puerto Rico,12,1452.1,1451.48,-0.62,United States of America,1725.72,L,3,7,XV Campeonato Panamericano Sub-18 | U-18 Pan American Championship - 2024,2.0,0.2592
2024-08-04 14:30:00,148051,Mexico,3,1604.61,1603.22,-1.39,Canada,1426.93,L,3,4,XV Campeonato Panamericano Sub-18 | U-18 Pan American Championship - 2024,2.0,0.6642
2024-08-04 14:30:00,148051,Canada,13,1426.93,1428.32,1.39,Mexico,1604.61,W,4,3,XV Campeonato Panamericano Sub-18 | U-18 Pan American Championship - 2024,2.0,0.3358
2024-08-04 15:30:00,148052,El Salvador,52,828.95,828.73,-0.22,Cuba,1495.21,L,0,20,XV Campeonato Panamericano Sub-18 | U-18 Pan American Championship - 2024,2.0,0.072
2024-08-04 15:30:00,148052,Cuba,7,1495.21,1495.42,0.22,El Salvador,828.95,W,20,0,XV Campeonato Panamericano Sub-18 | U-18 Pan American Championship - 2024,2.0,0.928
2024-08-04 19:00:00,148053,Costa Rica,83,792.26,792.07,-0.19,Panama,1465.31,L,1,8,XV Campeonato Panamericano Sub-18 | U-18 Pan American Championship - 2024,2.0,0.0702
2024-08-04 19:00:00,148053,Panama,10,1465.31,1465.5,0.19,Costa Rica,792.26,W,8,1,XV Campeonato Panamericano Sub-18 | U-18 Pan American Championship - 2024,2.0,0.9298
2024-08-05 09:30:00,148054,Dominican Republic,11,1452.85,1451.41,-1.44,Nicaragua,1248.31,L,5,6,XV Campeonato Panamericano Sub-18 | U-18 Pan American Championship - 2024,2.0,0.6867
2024-08-05 09:30:00,148054,Nicaragua,21,1248.31,1249.76,1.44,Dominican Republic,1452.85,W,6,5,XV Campeonato Panamericano Sub-18 | U-18 Pan American Championship - 2024,2.0,0.3133
2024-08-05 09:30:00,148055,El Salvador,52,828.73,827.35,-1.38,Guatemala,795.21,L,1,7,XV Campeonato Panamericano Sub-18 | U-18 Pan American Championship - 2024,2.0,0.5321
2024-08-05 09:30:00,148055,Guatemala,81,795.21,796.59,1.38,El Salvador,828.73,W,7,1,XV Campeonato Panamericano Sub-18 | U-18 Pan American Championship - 2024,2.0,0.4679
2024-08-05 13:00:00,148056,United States of America,2,1726.34,1727.17,0.83,Venezuela,1530.32,W,6,0,XV Campeonato Panamericano Sub-18 | U-18 Pan American Championship - 2024,2.0,0.6797
2024-08-05 13:00:00,148056,Venezuela,6,1530.32,1529.49,-0.83,United States of America,1726.34,L,0,6,XV Campeonato Panamericano Sub-18 | U-18 Pan American Championship - 2024,2.0,0.3203
2024-08-05 13:00:00,148057,Mexico,3,1603.22,1601.96,-1.26,Cuba,1495.42,L,2,3,XV Campeonato Panamericano Sub-18 | U-18 Pan American Championship - 2024,2.0,0.602
2024-08-05 13:00:00,148057,Cuba,7,1495.42,1496.69,1.26,Mexico,1603.22,W,3,2,XV Campeonato Panamericano Sub-18 | U-18 Pan American Championship - 2024,2.0,0.398
2024-08-05 13:30:00,143152,Poland,87,776.76,778.3,1.54,Lithuania,1040.28,W,8,7,U-23 Baseball European Championship B Pool 2024 - Group Switzerland,2.0,0.2667
2024-08-05 13:30:00,143152,Lithuania,36,1040.28,1038.74,-1.54,Poland,776.76,L,7,8,U-23 Baseball European Championship B Pool 2024 - Group Switzerland,2.0,0.7333
2024-08-05 18:30:00,143153,Switzerland,49,865.38,864.77,-0.61,Israel,1210.34,L,3,12,U-23 Baseball European Championship B Pool 2024 - Group Switzerland,2.0,0.2102
2024-08-05 18:30:00,143153,Israel,22,1210.34,1210.95,0.61,Switzerland,865.38,W,12,3,U-23 Baseball European Championship B Pool 2024 - Group Switzerland,2.0,0.7898
2024-08-05 19:00:00,148058,Panama,10,1465.5,1466.22,0.72,Brazil,1295.97,W,2,1,XV Campeonato Panamericano Sub-18 | U-18 Pan American Championship - 2024,2.0,0.6571
2024-08-05 19:00:00,148058,Brazil,19,1295.97,1295.25,-0.72,Panama,1465.5,L,1,2,XV Campeonato Panamericano Sub-18 | U-18 Pan American Championship - 2024,2.0,0.3429
2024-08-06 09:30:00,148059,Venezuela,6,1529.49,1528.17,-1.32,Puerto Rico,1451.48,L,0,3,XV Campeonato Panamericano Sub-18 | U-18 Pan American Championship - 2024,2.0,0.5743
2024-08-06 09:30:00,148059,Puerto Rico,11,1451.48,1452.8,1.32,Venezuela,1529.49,W,3,0,XV Campeonato Panamericano Sub-18 | U-18 Pan American Championship - 2024,2.0,0.4257
2024-08-06 09:30:00,148060,Guatemala,80,796.59,796.4,-0.19,Cuba,1496.69,L,0,12,XV Campeonato Panamericano Sub-18 | U-18 Pan American Championship - 2024,2.0,0.0638
2024-08-06 09:30:00,148060,Cuba,7,1496.69,1496.88,0.19,Guatemala,796.59,W,12,0,XV Campeonato Panamericano Sub-18 | U-18 Pan American Championship - 2024,2.0,0.9362
2024-08-06 11:00:00,143141,Austria,31,1091.2,1092.14,0.93,Slovakia,992.12,W,4,1,U-23 Baseball European Championship B Pool 2024 - Group Hungary,2.0,0.5939
2024-08-06 11:00:00,143141,Slovakia,39,992.12,991.18,-0.93,Austria,1091.2,L,1,4,U-23 Baseball European Championship B Pool 2024 - Group Hungary,2.0,0.4061
2024-08-06 13:00:00,148061,Nicaragua,21,1249.76,1251.42,1.67,Mexico,1601.96,W,4,3,XV Campeonato Panamericano Sub-18 | U-18 Pan American Championship - 2024,2.0,0.2056
2024-08-06 13:00:00,148061,Mexico,3,1601.96,1600.29,-1.67,Nicaragua,1249.76,L,3,4,XV Campeonato Panamericano Sub-18 | U-18 Pan American Championship - 2024,2.0,0.7944
2024-08-06 13:00:00,148062,Dominican Republic,12,1451.41,1450.0,-1.41,Canada,1428.32,L,10,17,XV Campeonato Panamericano Sub-18 | U-18 Pan American Championship - 2024,2.0,0.5221
2024-08-06 13:00:00,148062,Canada,13,1428.32,1429.73,1.41,Dominican Republic,1451.41,W,17,10,XV Campeonato Panamericano Sub-18 | U-18 Pan American Championship - 2024,2.0,0.4779
2024-08-06 13:30:00,143154,Belgium,26,1171.89,1172.43,0.54,Poland,778.3,W,15,1,U-23 Baseball European Championship B Pool 2024 - Group Switzerland,2.0,0.8191
2024-08-06 13:30:00,143154,Poland,86,778.3,777.76,-0.54,Belgium,1171.89,L,1,15,U-23 Baseball European Championship B Pool 2024 - Group Switzerland,2.0,0.1809
2024-08-06 17:00:00,148063,Brazil,19,1295.25,1294.77,-0.48,United States of America,1727.17,L,1,11,XV Campeonato Panamericano Sub-18 | U-18 Pan American Championship - 2024,2.0,0.1601
2024-08-06 17:00:00,148063,United States of America,2,1727.17,1727.65,0.48,Brazil,1295.25,W,11,1,XV Campeonato Panamericano Sub-18 | U-18 Pan American Championship - 2024,2.0,0.8399
2024-08-06 17:00:00,148064,El Salvador,52,827.35,827.17,-0.18,Dominican Republic,1450.0,L,3,4,XV Campeonato Panamericano Sub-18 | U-18 Pan American Championship - 2024,2.0,0.084
2024-08-06 17:00:00,148064,Dominican Republic,12,1450.0,1450.17,0.18,El Salvador,827.35,W,4,3,XV Campeonato Panamericano Sub-18 | U-18 Pan American Championship - 2024,2.0,0.916
2024-08-06 17:00:00,143142,Croatia,30,1096.49,1094.57,-1.92,Hungary,893.82,L,1,9,U-23 Baseball European Championship B Pool 2024 - Group Hungary,2.0,0.6852
2024-08-06 17:00:00,143142,Hungary,46,893.82,895.74,1.92,Croatia,1096.49,W,9,1,U-23 Baseball European Championship B Pool 2024 - Group Hungary,2.0,0.3148
2024-08-06 18:00:00,143155,Lithuania,36,1038.74,1037.72,-1.02,Israel,1210.95,L,0,15,U-23 Baseball European Championship B Pool 2024 - Group Switzerland,2.0,0.3405
2024-08-06 18:00:00,143155,Israel,22,1210.95,1211.97,1.02,Lithuania,1038.74,W,15,0,U-23 Baseball European Championship B Pool 2024 - Group Switzerland,2.0,0.6595
2024-08-07 09:30:00,148087,Puerto Rico,11,1452.8,1453.02,0.22,Costa Rica,792.07,W,15,0,XV Campeonato Panamericano Sub-18 | U-18 Pan American Championship - 2024,2.0,0.9266
2024-08-07 09:30:00,148087,Costa Rica,83,792.07,791.85,-0.22,Puerto Rico,1452.8,L,0,15,XV Campeonato Panamericano Sub-18 | U-18 Pan American Championship - 2024,2.0,0.0734
2024-08-07 09:30:00,148088,Nicaragua,21,1251.42,1251.87,0.44,El Salvador,827.17,W,7,0,XV Campeonato Panamericano Sub-18 | U-18 Pan American Championship - 2024,2.0,0.8359
2024-08-07 09:30:00,148088,El Salvador,52,827.17,826.73,-0.44,Nicaragua,1251.42,L,0,7,XV Campeonato Panamericano Sub-18 | U-18 Pan American Championship - 2024,2.0,0.1641
2024-08-07 11:00:00,143143,Slovakia,40,991.18,990.3,-0.88,Croatia,1094.57,L,4,6,U-23 Baseball European Championship B Pool 2024 - Group Hungary,2.0,0.4021
2024-08-07 11:00:00,143143,Croatia,30,1094.57,1095.45,0.88,Slovakia,991.18,W,6,4,U-23 Baseball European Championship B Pool 2024 - Group Hungary,2.0,0.5979
2024-08-07 13:00:00,148089,Dominican Republic,12,1450.17,1449.13,-1.04,Mexico,1600.29,L,2,11,XV Campeonato Panamericano Sub-18 | U-18 Pan American Championship - 2024,2.0,0.3598
2024-08-07 13:00:00,148089,Mexico,4,1600.29,1601.33,1.04,Dominican Republic,1450.17,W,11,2,XV Campeonato Panamericano Sub-18 | U-18 Pan American Championship - 2024,2.0,0.6402
2024-08-07 13:00:00,148090,Venezuela,6,1528.17,1528.78,0.61,Brazil,1294.77,W,2,1,XV Campeonato Panamericano Sub-18 | U-18 Pan American Championship - 2024,2.0,0.7101
2024-08-07 13:00:00,148090,Brazil,19,1294.77,1294.16,-0.61,Venezuela,1528.17,L,1,2,XV Campeonato Panamericano Sub-18 | U-18 Pan American Championship - 2024,2.0,0.2899
2024-08-07 13:30:00,143156,Israel,22,1211.97,1212.4,0.43,Poland,777.76,W,9,2,U-23 Baseball European Championship B Pool 2024 - Group Switzerland,2.0,0.8411
2024-08-07 13:30:00,143156,Poland,86,777.76,777.33,-0.43,Israel,1211.97,L,2,9,U-23 Baseball European Championship B Pool 2024 - Group Switzerland,2.0,0.1589
2024-08-07 17:00:00,148092,Cuba,7,1496.88,1497.88,1.0,Canada,1429.73,W,3,0,XV Campeonato Panamericano Sub-18 | U-18 Pan American Championship - 2024,2.0,0.5641
2024-08-07 17:00:00,148092,Canada,13,1429.73,1428.73,-1.0,Cuba,1496.88,L,0,3,XV Campeonato Panamericano Sub-18 | U-18 Pan American Championship - 2024,2.0,0.4359
2024-08-07 17:00:00,143144,Ukraine,29,1108.94,1109.61,0.67,Hungary,895.74,W,7,5,U-23 Baseball European Championship B Pool 2024 - Group Hungary,2.0,0.6939
2024-08-07 17:00:00,143144,Hungary,46,895.74,895.07,-0.67,Ukraine,1108.94,L,5,7,U-23 Baseball European Championship B Pool 2024 - Group Hungary,2.0,0.3061
2024-08-07 18:00:00,143157,Belgium,26,1172.43,1170.22,-2.22,Switzerland,864.77,L,2,11,U-23 Baseball European Championship B Pool 2024 - Group Switzerland,2.0,0.7651
2024-08-07 18:00:00,143157,Switzerland,49,864.77,866.99,2.22,Belgium,1172.43,W,11,2,U-23 Baseball European Championship B Pool 2024 - Group Switzerland,2.0,0.2349
2024-08-07 19:00:00,148091,Panama,10,1466.22,1465.55,-0.67,United States of America,1727.65,L,0,5,XV Campeonato Panamericano Sub-18 | U-18 Pan American Championship - 2024,2.0,0.2683
2024-08-07 19:00:00,148091,United States of America,2,1727.65,1728.33,0.67,Panama,1466.22,W,5,0,XV Campeonato Panamericano Sub-18 | U-18 Pan American Championship - 2024,2.0,0.7317
2024-08-08 09:30:00,148093,Canada,13,1428.73,1429.0,0.27,El Salvador,826.73,W,13,0,XV Campeonato Panamericano Sub-18 | U-18 Pan American Championship - 2024,2.0,0.9097
2024-08-08 09:30:00,148093,El Salvador,52,826.73,826.46,-0.27,Canada,1428.73,L,0,13,XV Campeonato Panamericano Sub-18 | U-18 Pan American Championship - 2024,2.0,0.0903
2024-08-08 09:30:00,148094,Nicaragua,21,1251.87,1252.31,0.44,Guatemala,796.4,W,11,1,XV Campeonato Panamericano Sub-18 | U-18 Pan American Championship - 2024,2.0,0.8517
2024-08-08 09:30:00,148094,Guatemala,80,796.4,795.96,-0.44,Nicaragua,1251.87,L,1,11,XV Campeonato Panamericano Sub-18 | U-18 Pan American Championship - 2024,2.0,0.1483
2024-08-08 11:00:00,143145,Austria,31,1092.14,1090.93,-1.21,Ukraine,1109.61,L,5,10,U-23 Baseball European Championship B Pool 2024 - Group Hungary,2.0,0.4832
2024-08-08 11:00:00,143145,Ukraine,29,1109.61,1110.82,1.21,Austria,1092.14,W,10,5,U-23 Baseball European Championship B Pool 2024 - Group Hungary,2.0,0.5168
2024-08-08 13:00:00,148095,Costa Rica,83,791.85,791.68,-0.17,Venezuela,1528.78,L,0,11,XV Campeonato Panamericano Sub-18 | U-18 Pan American Championship - 2024,2.0,0.0558
2024-08-08 13:00:00,148095,Venezuela,6,1528.78,1528.95,0.17,Costa Rica,791.85,W,11,0,XV Campeonato Panamericano Sub-18 | U-18 Pan American Championship - 2024,2.0,0.9442
2024-08-08 13:30:00,143158,Israel,22,1212.4,1213.59,1.2,Belgium,1170.22,W,7,1,U-23 Baseball European Championship B Pool 2024 - Group Switzerland,2.0,0.5404
2024-08-08 13:30:00,143158,Belgium,26,1170.22,1169.02,-1.2,Israel,1212.4,L,1,7,U-23 Baseball European Championship B Pool 2024 - Group Switzerland,2.0,0.4596
2024-08-08 17:00:00,143146,Hungary,46,895.07,896.42,1.36,Slovakia,990.3,W,7,4,U-23 Baseball European Championship B Pool 2024 - Group Hungary,2.0,0.4096
2024-08-08 17:00:00,143146,Slovakia,40,990.3,988.94,-1.36,Hungary,895.07,L,4,7,U-23 Baseball European Championship B Pool 2024 - Group Hungary,2.0,0.5904
2024-08-08 18:00:00,143159,Switzerland,48,866.99,868.37,1.38,Lithuania,1037.72,W,11,10,U-23 Baseball European Championship B Pool 2024 - Group Switzerland,2.0,0.3418
2024-08-08 18:00:00,143159,Lithuania,36,1037.72,1036.33,-1.38,Switzerland,866.99,L,10,11,U-23 Baseball European Championship B Pool 2024 - Group Switzerland,2.0,0.6582
2024-08-09 09:30:00,148096,United States of America,2,1728.33,1729.12,0.8,Mexico,1601.33,W,1,0,XV Campeonato Panamericano Sub-18 | U-18 Pan American Championship - 2024,2.0,0.6195
2024-08-09 09:30:00,148096,Mexico,4,1601.33,1600.53,-0.8,United States of America,1728.33,L,0,1,XV Campeonato Panamericano Sub-18 | U-18 Pan American Championship - 2024,2.0,0.3805
2024-08-09 09:30:00,148097,Cuba,7,1497.88,1499.21,1.32,Venezuela,1528.95,W,6,1,XV Campeonato Panamericano Sub-18 | U-18 Pan American Championship - 2024,2.0,0.4702
2024-08-09 09:30:00,148097,Venezuela,6,1528.95,1527.62,-1.32,Cuba,1497.88,L,1,6,XV Campeonato Panamericano Sub-18 | U-18 Pan American Championship - 2024,2.0,0.5298
2024-08-09 11:00:00,143147,Ukraine,29,1110.82,1112.28,1.46,Croatia,1095.45,W,12,1,U-23 Baseball European Championship B Pool 2024 - Group Hungary,2.0,0.5147
2024-08-09 11:00:00,143147,Croatia,30,1095.45,1094.0,-1.46,Ukraine,1110.82,L,1,12,U-23 Baseball European Championship B Pool 2024 - Group Hungary,2.0,0.4853
2024-08-09 13:00:00,148099,Canada,13,1429.0,1427.95,-1.05,Puerto Rico,1453.02,L,2,4,XV Campeonato Panamericano Sub-18 | U-18 Pan American Championship - 2024,2.0,0.477
2024-08-09 13:00:00,148099,Puerto Rico,11,1453.02,1454.07,1.05,Canada,1429.0,W,4,2,XV Campeonato Panamericano Sub-18 | U-18 Pan American Championship - 2024,2.0,0.523
2024-08-09 13:30:00,143160,Lithuania,36,1036.33,1035.21,-1.13,Belgium,1169.02,L,2,13,U-23 Baseball European Championship B Pool 2024 - Group Switzerland,2.0,0.3754
2024-08-09 13:30:00,143160,Belgium,26,1169.02,1170.15,1.13,Lithuania,1036.33,W,13,2,U-23 Baseball European Championship B Pool 2024 - Group Switzerland,2.0,0.6246
2024-08-09 17:00:00,143148,Hungary,46,896.42,895.72,-0.71,Austria,1090.93,L,3,5,U-23 Baseball European Championship B Pool 2024 - Group Hungary,2.0,0.3216
2024-08-09 17:00:00,143148,Austria,31,1090.93,1091.63,0.71,Hungary,896.42,W,5,3,U-23 Baseball European Championship B Pool 2024 - Group Hungary,2.0,0.6784
2024-08-09 18:00:00,143161,Poland,87,777.33,776.46,-0.87,Switzerland,868.37,L,10,11,U-23 Baseball European Championship B Pool 2024 - Group Switzerland,2.0,0.4135
2024-08-09 18:00:00,143161,Switzerland,48,868.37,869.24,0.87,Poland,777.33,W,11,10,U-23 Baseball European Championship B Pool 2024 - Group Switzerland,2.0,0.5865
2024-08-09 19:00:00,148098,Panama,10,1465.55,1466.29,0.73,Nicaragua,1252.31,W,4,0,XV Campeonato Panamericano Sub-18 | U-18 Pan American Championship - 2024,2.0,0.6939
2024-08-09 19:00:00,148098,Nicaragua,21,1252.31,1251.58,-0.73,Panama,1465.55,L,0,4,XV Campeonato Panamericano Sub-18 | U-18 Pan American Championship - 2024,2.0,0.3061
2024-08-10 09:30:00,148101,Guatemala,81,795.96,794.8,-1.16,Costa Rica,791.68,L,2,5,XV Campeonato Panamericano Sub-18 | U-18 Pan American Championship - 2024,2.0,0.5041
2024-08-10 09:30:00,148101,Costa Rica,83,791.68,792.84,1.16,Guatemala,795.96,W,5,2,XV Campeonato Panamericano Sub-18 | U-18 Pan American Championship - 2024,2.0,0.4959
2024-08-10 09:30:00,148103,United States of America,2,1729.12,1729.72,0.59,Puerto Rico,1454.07,W,6,3,XV Campeonato Panamericano Sub-18 | U-18 Pan American Championship - 2024,2.0,0.7418
2024-08-10 09:30:00,148103,Puerto Rico,11,1454.07,1453.47,-0.59,United States of America,1729.12,L,3,6,XV Campeonato Panamericano Sub-18 | U-18 Pan American Championship - 2024,2.0,0.2582
2024-08-10 11:00:00,143149,Slovakia,40,988.94,990.29,1.36,Ukraine,1112.28,W,6,4,U-23 Baseball European Championship B Pool 2024 - Group Hungary,2.0,0.3838
2024-08-10 11:00:00,143149,Ukraine,29,1112.28,1110.92,-1.36,Slovakia,988.94,L,4,6,U-23 Baseball European Championship B Pool 2024 - Group Hungary,2.0,0.6162
2024-08-10 13:00:00,148102,Brazil,20,1294.16,1293.13,-1.03,Dominican Republic,1449.13,L,1,10,XV Campeonato Panamericano Sub-18 | U-18 Pan American Championship - 2024,2.0,0.3556
2024-08-10 13:00:00,148102,Dominican Republic,12,1449.13,1450.16,1.03,Brazil,1294.16,W,10,1,XV Campeonato Panamericano Sub-18 | U-18 Pan American Championship - 2024,2.0,0.6444
2024-08-10 13:30:00,143162,Israel,22,1213.59,1214.12,0.53,Switzerland,869.24,W,5,0,U-23 Baseball European Championship B Pool 2024 - Group Switzerland,2.0,0.7894
2024-08-10 13:30:00,143162,Switzerland,48,869.24,868.71,-0.53,Israel,1213.59,L,0,5,U-23 Baseball European Championship B Pool 2024 - Group Switzerland,2.0,0.2106
2024-08-10 17:00:00,143150,Croatia,30,1094.0,1092.69,-1.31,Austria,1091.63,L,2,8,U-23 Baseball European Championship B Pool 2024 - Group Hungary,2.0,0.5023
2024-08-10 17:00:00,143150,Austria,31,1091.63,1092.94,1.31,Croatia,1094.0,W,8,2,U-23 Baseball European Championship B Pool 2024 - Group Hungary,2.0,0.4977
2024-08-10 19:00:00,148104,Cuba,7,1499.21,1498.04,-1.17,Panama,1466.29,L,1,3,XV Campeonato Panamericano Sub-18 | U-18 Pan American Championship - 2024,2.0,0.5315
2024-08-10 19:00:00,148104,Panama,10,1466.29,1467.46,1.17,Cuba,1499.21,W,3,1,XV Campeonato Panamericano Sub-18 | U-18 Pan American Championship - 2024,2.0,0.4685
2024-08-11 09:30:00,148107,Puerto Rico,11,1453.47,1454.61,1.14,Cuba,1498.04,W,3,2,XV Campeonato Panamericano Sub-18 | U-18 Pan American Championship - 2024,2.0,0.4573
2024-08-11 09:30:00,148107,Cuba,7,1498.04,1496.9,-1.14,Puerto Rico,1453.47,L,2,3,XV Campeonato Panamericano Sub-18 | U-18 Pan American Championship - 2024,2.0,0.5427
2024-08-11 13:00:00,148106,Panama,10,1467.46,1466.87,-0.59,United States of America,1729.72,L,2,4,XV Campeonato Panamericano Sub-18 | U-18 Pan American Championship - 2024,2.0,0.2677
2024-08-11 13:00:00,148106,United States of America,2,1729.72,1730.31,0.59,Panama,1467.46,W,4,2,XV Campeonato Panamericano Sub-18 | U-18 Pan American Championship - 2024,2.0,0.7323
2024-08-11 14:00:00,143151,Ukraine,29,1110.92,1109.84,-1.09,Austria,1092.94,L,2,3,U-23 Baseball European Championship B Pool 2024 - Group Hungary,2.0,0.5172
2024-08-11 14:00:00,143151,Austria,30,1092.94,1094.03,1.09,Ukraine,1110.92,W,3,2,U-23 Baseball European Championship B Pool 2024 - Group Hungary,2.0,0.4828
2024-08-16 10:30:00,145002,Mexico,4,1600.53,1601.43,0.9,South Africa,1080.61,W,13,1,WBSC U-15 Baseball World Cup 2024,5.0,0.8803
2024-08-16 10:30:00,145002,South Africa,33,1080.61,1079.71,-0.9,Mexico,1600.53,L,1,13,WBSC U-15 Baseball World Cup 2024,5.0,0.1197
2024-08-16 10:30:00,145003,Chinese Taipei,3,1601.73,1604.62,2.89,Netherlands,1480.04,W,11,1,WBSC U-15 Baseball World Cup 2024,5.0,0.6147
2024-08-16 10:30:00,145003,Netherlands,8,1480.04,1477.15,-2.89,Chinese Taipei,1601.73,L,1,11,WBSC U-15 Baseball World Cup 2024,5.0,0.3853
2024-08-16 15:00:00,145004,Puerto Rico,11,1454.61,1455.74,1.13,Guam,1002.98,W,24,0,WBSC U-15 Baseball World Cup 2024,5.0,0.8498
2024-08-16 15:00:00,145004,Guam,37,1002.98,1001.86,-1.13,Puerto Rico,1454.61,L,0,24,WBSC U-15 Baseball World Cup 2024,5.0,0.1502
2024-08-16 15:00:00,145005,Venezuela,6,1527.62,1523.54,-4.08,Nicaragua,1251.58,L,2,4,WBSC U-15 Baseball World Cup 2024,5.0,0.7426
2024-08-16 15:00:00,145005,Nicaragua,21,1251.58,1255.66,4.08,Venezuela,1527.62,W,4,2,WBSC U-15 Baseball World Cup 2024,5.0,0.2574
2024-08-16 19:00:00,145006,Japan,1,1882.59,1883.51,0.92,Dominican Republic,1450.16,W,12,9,WBSC U-15 Baseball World Cup 2024,5.0,0.8402
2024-08-16 19:00:00,145006,Dominican Republic,12,1450.16,1449.24,-0.92,Japan,1882.59,L,9,12,WBSC U-15 Baseball World Cup 2024,5.0,0.1598
2024-08-16 19:00:00,145007,Italy,16,1371.26,1367.99,-3.28,Colombia,1386.29,L,4,11,WBSC U-15 Baseball World Cup 2024,5.0,0.4856
2024-08-16 19:00:00,145007,Colombia,14,1386.29,1389.57,3.28,Italy,1371.26,W,11,4,WBSC U-15 Baseball World Cup 2024,5.0,0.5144
2024-08-17 10:30:00,145008,Guam,37,1001.86,1000.71,-1.14,Dominican Republic,1449.24,L,1,38,WBSC U-15 Baseball World Cup 2024,5.0,0.1523
2024-08-17 10:30:00,145008,Dominican Republic,12,1449.24,1450.38,1.14,Guam,1001.86,W,38,1,WBSC U-15 Baseball World Cup 2024,5.0,0.8477
2024-08-17 15:00:00,145010,Italy,16,1367.99,1367.23,-0.76,Japan,1883.51,L,3,8,WBSC U-15 Baseball World Cup 2024,5.0,0.1215
2024-08-17 15:00:00,145010,Japan,1,1883.51,1884.27,0.76,Italy,1367.99,W,8,3,WBSC U-15 Baseball World Cup 2024,5.0,0.8785
2024-08-17 15:00:00,145011,Chinese Taipei,3,1604.62,1607.26,2.64,Venezuela,1523.54,W,6,1,WBSC U-15 Baseball World Cup 2024,5.0,0.5772
2024-08-17 15:00:00,145011,Venezuela,6,1523.54,1520.89,-2.64,Chinese Taipei,1604.62,L,1,6,WBSC U-15 Baseball World Cup 2024,5.0,0.4228
2024-08-17 19:00:00,145012,Puerto Rico,11,1455.74,1458.03,2.29,Colombia,1389.57,W,7,6,WBSC U-15 Baseball World Cup 2024,5.0,0.5631
2024-08-17 19:00:00,145012,Colombia,14,1389.57,1387.28,-2.29,Puerto Rico,1455.74,L,6,7,WBSC U-15 Baseball World Cup 2024,5.0,0.4369
2024-08-17 19:00:00,145013,Mexico,4,1601.43,1598.19,-3.24,Netherlands,1477.15,L,2,3,WBSC U-15 Baseball World Cup 2024,5.0,0.617
2024-08-17 19:00:00,145013,Netherlands,8,1477.15,1480.39,3.24,Mexico,1601.43,W,3,2,WBSC U-15 Baseball World Cup 2024,5.0,0.383
2024-08-18 10:30:00,145014,Guam,37,1000.71,999.24,-1.48,Italy,1367.23,L,1,13,WBSC U-15 Baseball World Cup 2024,5.0,0.1968
2024-08-18 10:30:00,145014,Italy,16,1367.23,1368.7,1.48,Guam,1000.71,W,13,1,WBSC U-15 Baseball World Cup 2024,5.0,0.8032
2024-08-18 10:30:00,145015,Venezuela,6,1520.89,1522.06,1.17,South Africa,1079.71,W,10,0,WBSC U-15 Baseball World Cup 2024,5.0,0.8446
2024-08-18 10:30:00,145015,South Africa,33,1079.71,1078.55,-1.17,Venezuela,1520.89,L,0,10,WBSC U-15 Baseball World Cup 2024,5.0,0.1554
2024-08-18 13:30:00,145009,South Africa,33,1078.55,1076.02,-2.52,Nicaragua,1255.66,L,1,21,WBSC U-15 Baseball World Cup 2024,5.0,0.3363
2024-08-18 13:30:00,145009,Nicaragua,21,1255.66,1258.18,2.52,South Africa,1078.55,W,21,1,WBSC U-15 Baseball World Cup 2024,5.0,0.6637
2024-08-18 15:00:00,145016,Dominican Republic,12,1450.38,1447.18,-3.2,Puerto Rico,1458.03,L,4,10,WBSC U-15 Baseball World Cup 2024,5.0,0.4927
2024-08-18 15:00:00,145016,Puerto Rico,11,1458.03,1461.23,3.2,Dominican Republic,1450.38,W,10,4,WBSC U-15 Baseball World Cup 2024,5.0,0.5073
2024-08-18 15:00:00,145017,Nicaragua,21,1258.18,1261.86,3.68,Netherlands,1480.39,W,3,2,WBSC U-15 Baseball World Cup 2024,5.0,0.2989
2024-08-18 15:00:00,145017,Netherlands,8,1480.39,1476.7,-3.68,Nicaragua,1258.18,L,2,3,WBSC U-15 Baseball World Cup 2024,5.0,0.7011
2024-08-18 19:00:00,145018,Colombia,14,1387.28,1386.31,-0.97,Japan,1884.27,L,3,14,WBSC U-15 Baseball World Cup 2024,5.0,0.1293
2024-08-18 19:00:00,145018,Japan,1,1884.27,1885.24,0.97,Colombia,1387.28,W,14,3,WBSC U-15 Baseball World Cup 2024,5.0,0.8707
2024-08-18 19:00:00,145019,Chinese Taipei,3,1607.26,1604.21,-3.05,Mexico,1598.19,L,1,5,WBSC U-15 Baseball World Cup 2024,5.0,0.5087
2024-08-18 19:00:00,145019,Mexico,4,1598.19,1601.24,3.05,Chinese Taipei,1607.26,W,5,1,WBSC U-15 Baseball World Cup 2024,5.0,0.4913
2024-08-19 10:30:00,145020,Puerto Rico,11,1461.23,1464.02,2.78,Italy,1368.7,W,11,4,WBSC U-15 Baseball World Cup 2024,5.0,0.5879
2024-08-19 10:30:00,145020,Italy,16,1368.7,1365.92,-2.78,Puerto Rico,1461.23,L,4,11,WBSC U-15 Baseball World Cup 2024,5.0,0.4121
2024-08-19 10:30:00,145021,Netherlands,8,1476.7,1473.28,-3.42,Venezuela,1522.06,L,1,11,WBSC U-15 Baseball World Cup 2024,5.0,0.4566
2024-08-19 10:30:00,145021,Venezuela,6,1522.06,1525.48,3.42,Netherlands,1476.7,W,11,1,WBSC U-15 Baseball World Cup 2024,5.0,0.5434
2024-08-19 15:00:00,145022,Japan,1,1885.24,1885.48,0.24,Guam,999.24,W,14,0,WBSC U-15 Baseball World Cup 2024,5.0,0.9677
2024-08-19 15:00:00,145022,Guam,37,999.24,999.0,-0.24,Japan,1885.24,L,0,14,WBSC U-15 Baseball World Cup 2024,5.0,0.0323
2024-08-19 15:00:00,145023,South Africa,33,1076.02,1075.15,-0.87,Chinese Taipei,1604.21,L,0,18,WBSC U-15 Baseball World Cup 2024,5.0,0.1164
2024-08-19 15:00:00,145023,Chinese Taipei,3,1604.21,1605.08,0.87,South Africa,1076.02,W,18,0,WBSC U-15 Baseball World Cup 2024,5.0,0.8836
2024-08-19 19:00:00,145024,Colombia,14,1386.31,1389.24,2.93,Dominican Republic,1447.18,W,2,1,WBSC U-15 Baseball World Cup 2024,5.0,0.4419
2024-08-19 19:00:00,145024,Dominican Republic,12,1447.18,1444.25,-2.93,Colombia,1386.31,L,1,2,WBSC U-15 Baseball World Cup 2024,5.0,0.5581
2024-08-19 19:00:00,145025,Mexico,4,1601.24,1596.13,-5.11,Nicaragua,1261.86,L,1,7,WBSC U-15 Baseball World Cup 2024,5.0,0.7862
2024-08-19 19:00:00,145025,Nicaragua,21,1261.86,1266.98,5.11,Mexico,1601.24,W,7,1,WBSC U-15 Baseball World Cup 2024,5.0,0.2138
2024-08-20 10:30:00,145026,Japan,1,1885.48,1886.39,0.91,Puerto Rico,1464.02,W,4,2,WBSC U-15 Baseball World Cup 2024,5.0,0.8344
2024-08-20 10:30:00,145026,Puerto Rico,11,1464.02,1463.11,-0.91,Japan,1885.48,L,2,4,WBSC U-15 Baseball World Cup 2024,5.0,0.1656
2024-08-20 10:30:00,145027,Netherlands,9,1473.28,1474.53,1.25,South Africa,1075.15,W,13,5,WBSC U-15 Baseball World Cup 2024,5.0,0.8217
2024-08-20 10:30:00,145027,South Africa,33,1075.15,1073.9,-1.25,Netherlands,1473.28,L,5,13,WBSC U-15 Baseball World Cup 2024,5.0,0.1783
2024-08-20 15:00:00,145028,Dominican Republic,12,1444.25,1446.91,2.66,Italy,1365.92,W,9,4,WBSC U-15 Baseball World Cup 2024,5.0,0.5746
2024-08-20 15:00:00,145028,Italy,16,1365.92,1363.26,-2.66,Dominican Republic,1444.25,L,4,9,WBSC U-15 Baseball World Cup 2024,5.0,0.4254
2024-08-20 15:00:00,145029,Nicaragua,21,1266.98,1265.37,-1.61,Chinese Taipei,1605.08,L,0,12,WBSC U-15 Baseball World Cup 2024,5.0,0.2146
2024-08-20 15:00:00,145029,Chinese Taipei,3,1605.08,1606.69,1.61,Nicaragua,1266.98,W,12,0,WBSC U-15 Baseball World Cup 2024,5.0,0.7854
2024-08-20 19:00:00,145030,Colombia,14,1389.24,1390.61,1.37,Guam,999.0,W,14,1,WBSC U-15 Baseball World Cup 2024,5.0,0.8172
2024-08-20 19:00:00,145030,Guam,37,999.0,997.63,-1.37,Colombia,1389.24,L,1,14,WBSC U-15 Baseball World Cup 2024,5.0,0.1828
2024-08-20 19:00:00,145031,Venezuela,6,1525.48,1523.0,-2.49,Mexico,1596.13,L,3,6,WBSC U-15 Baseball World Cup 2024,5.0,0.4326
2024-08-20 19:00:00,145031,Mexico,4,1596.13,1598.62,2.49,Venezuela,1525.48,W,6,3,WBSC U-15 Baseball World Cup 2024,5.0,0.5674
2024-08-22 10:30:00,145034,Nicaragua,21,1265.37,1263.61,-1.75,Puerto Rico,1463.11,L,1,3,WBSC U-15 Baseball World Cup 2024,5.0,0.3189
2024-08-22 10:30:00,145034,Puerto Rico,11,1463.11,1464.86,1.75,Nicaragua,1265.37,W,3,1,WBSC U-15 Baseball World Cup 2024,5.0,0.6811
2024-08-22 10:30:00,145033,South Africa,33,1073.9,1076.15,2.24,Guam,997.63,W,9,8,WBSC U-15 Baseball World Cup 2024,5.0,0.5727
2024-08-22 10:30:00,145033,Guam,37,997.63,995.38,-2.24,South Africa,1073.9,L,8,9,WBSC U-15 Baseball World Cup 2024,5.0,0.4273
2024-08-22 15:00:00,145036,Japan,1,1886.39,1882.48,-3.91,Chinese Taipei,1606.69,L,5,6,WBSC U-15 Baseball World Cup 2024,5.0,0.7452
2024-08-22 15:00:00,145036,Chinese Taipei,3,1606.69,1610.6,3.91,Japan,1886.39,W,6,5,WBSC U-15 Baseball World Cup 2024,5.0,0.2548
2024-08-22 15:00:00,145035,Italy,16,1363.26,1366.89,3.63,Netherlands,1474.53,W,8,4,WBSC U-15 Baseball World Cup 2024,5.0,0.3948
2024-08-22 15:00:00,145035,Netherlands,8,1474.53,1470.9,-3.63,Italy,1363.26,L,4,8,WBSC U-15 Baseball World Cup 2024,5.0,0.6052
2024-08-22 19:00:00,145032,Colombia,14,1390.61,1394.75,4.14,Mexico,1598.62,W,6,2,WBSC U-15 Baseball World Cup 2024,5.0,0.3104
2024-08-22 19:00:00,145032,Mexico,4,1598.62,1594.48,-4.14,Colombia,1390.61,L,2,6,WBSC U-15 Baseball World Cup 2024,5.0,0.6896
2024-08-22 19:00:00,145037,Venezuela,6,1523.0,1519.99,-3.01,Dominican Republic,1446.91,L,4,5,WBSC U-15 Baseball World Cup 2024,5.0,0.5725
2024-08-22 19:00:00,145037,Dominican Republic,12,1446.91,1449.91,3.01,Venezuela,1523.0,W,5,4,WBSC U-15 Baseball World Cup 2024,5.0,0.4275
2024-08-23 10:30:00,145040,Chinese Taipei,3,1610.6,1606.47,-4.14,Puerto Rico,1464.86,L,2,8,WBSC U-15 Baseball World Cup 2024,5.0,0.6363
2024-08-23 10:30:00,145040,Puerto Rico,11,1464.86,1469.0,4.14,Chinese Taipei,1610.6,W,8,2,WBSC U-15 Baseball World Cup 2024,5.0,0.3637
2024-08-23 10:30:00,145039,Italy,16,1366.89,1368.74,1.85,South Africa,1076.15,W,14,4,WBSC U-15 Baseball World Cup 2024,5.0,0.7532
2024-08-23 10:30:00,145039,South Africa,33,1076.15,1074.29,-1.85,Italy,1366.89,L,4,14,WBSC U-15 Baseball World Cup 2024,5.0,0.2468
2024-08-23 15:00:00,145042,Japan,1,1882.48,1884.03,1.55,Mexico,1594.48,W,6,1,WBSC U-15 Baseball World Cup 2024,5.0,0.7512
2024-08-23 15:00:00,145042,Mexico,4,1594.48,1592.93,-1.55,Japan,1882.48,L,1,6,WBSC U-15 Baseball World Cup 2024,5.0,0.2488
2024-08-23 15:00:00,145041,Venezuela,6,1519.99,1520.87,0.88,Guam,995.38,W,19,3,WBSC U-15 Baseball World Cup 2024,5.0,0.8822
2024-08-23 15:00:00,145041,Guam,38,995.38,994.5,-0.88,Venezuela,1519.99,L,3,19,WBSC U-15 Baseball World Cup 2024,5.0,0.1178
2024-08-23 19:00:00,145038,Nicaragua,21,1263.61,1267.35,3.74,Colombia,1394.75,W,6,2,WBSC U-15 Baseball World Cup 2024,5.0,0.3768
2024-08-23 19:00:00,145038,Colombia,14,1394.75,1391.01,-3.74,Nicaragua,1263.61,L,2,6,WBSC U-15 Baseball World Cup 2024,5.0,0.6232
2024-08-23 19:00:00,145043,Dominican Republic,12,1449.91,1452.64,2.73,Netherlands,1470.9,W,5,4,WBSC U-15 Baseball World Cup 2024,5.0,0.4799
2024-08-23 19:00:00,145043,Netherlands,9,1470.9,1468.17,-2.73,Dominican Republic,1449.91,L,4,5,WBSC U-15 Baseball World Cup 2024,5.0,0.5201
2024-08-24 10:30:00,145046,Puerto Rico,9,1469.0,1472.7,3.7,Mexico,1592.93,W,11,7,WBSC U-15 Baseball World Cup 2024,5.0,0.3833
2024-08-24 10:30:00,145046,Mexico,4,1592.93,1589.23,-3.7,Puerto Rico,1469.0,L,7,11,WBSC U-15 Baseball World Cup 2024,5.0,0.6167
2024-08-24 10:30:00,145049,Venezuela,6,1520.87,1522.75,1.88,Italy,1368.74,W,10,9,WBSC U-15 Baseball World Cup 2024,5.0,0.6419
2024-08-24 10:30:00,145049,Italy,16,1368.74,1366.86,-1.88,Venezuela,1520.87,L,9,10,WBSC U-15 Baseball World Cup 2024,5.0,0.3581
2024-08-24 15:00:00,145048,Japan,1,1884.03,1884.57,0.54,Nicaragua,1267.35,W,7,2,WBSC U-15 Baseball World Cup 2024,5.0,0.9142
2024-08-24 15:00:00,145048,Nicaragua,21,1267.35,1266.82,-0.54,Japan,1884.03,L,2,7,WBSC U-15 Baseball World Cup 2024,5.0,0.0858
2024-08-24 15:00:00,145047,Dominican Republic,12,1452.64,1454.07,1.42,South Africa,1074.29,W,16,2,WBSC U-15 Baseball World Cup 2024,5.0,0.8103
2024-08-24 15:00:00,145047,South Africa,33,1074.29,1072.87,-1.42,Dominican Republic,1452.64,L,2,16,WBSC U-15 Baseball World Cup 2024,5.0,0.1897
2024-08-24 19:00:00,145045,Netherlands,10,1468.17,1469.21,1.05,Guam,994.5,W,10,0,WBSC U-15 Baseball World Cup 2024,5.0,0.8603
2024-08-24 19:00:00,145045,Guam,38,994.5,993.45,-1.05,Netherlands,1468.17,L,0,10,WBSC U-15 Baseball World Cup 2024,5.0,0.1397
2024-08-24 19:30:00,145044,Chinese Taipei,3,1606.47,1608.29,1.83,Colombia,1391.01,W,4,0,WBSC U-15 Baseball World Cup 2024,5.0,0.6957
2024-08-24 19:30:00,145044,Colombia,14,1391.01,1389.18,-1.83,Chinese Taipei,1606.47,L,0,4,WBSC U-15 Baseball World Cup 2024,5.0,0.3043
2024-08-25 14:00:00,145050,Chinese Taipei,3,1608.29,1609.41,1.12,Nicaragua,1266.82,W,7,6,WBSC U-15 Baseball World Cup 2024,5.0,0.7876
2024-08-25 14:00:00,145050,Nicaragua,21,1266.82,1265.7,-1.12,Chinese Taipei,1608.29,L,6,7,WBSC U-15 Baseball World Cup 2024,5.0,0.2124
2024-08-25 19:00:00,145051,Japan,1,1884.57,1885.46,0.9,Puerto Rico,1472.7,W,7,6,WBSC U-15 Baseball World Cup 2024,5.0,0.8293
2024-08-25 19:00:00,145051,Puerto Rico,9,1472.7,1471.8,-0.9,Japan,1884.57,L,6,7,WBSC U-15 Baseball World Cup 2024,5.0,0.1707
2024-09-02 10:30:00,148146,Thailand,56,813.11,815.08,1.97,Pakistan,1071.53,W,7,0,BFA XIII U18 Asian Baseball Championship 2024,2.0,0.2706
2024-09-02 10:30:00,148146,Pakistan,34,1071.53,1069.56,-1.97,Thailand,813.11,L,0,7,BFA XIII U18 Asian Baseball Championship 2024,2.0,0.7294
2024-09-02 13:00:00,148147,Philippines,28,1124.87,1125.83,0.96,Sri Lanka,927.36,W,10,0,BFA XIII U18 Asian Baseball Championship 2024,2.0,0.6809
2024-09-02 13:00:00,148147,Sri Lanka,42,927.36,926.4,-0.96,Philippines,1124.87,L,0,10,BFA XIII U18 Asian Baseball Championship 2024,2.0,0.3191
2024-09-02 13:30:00,148148,Japan,1,1885.46,1885.59,0.13,Hong Kong,1070.75,W,19,0,BFA XIII U18 Asian Baseball Championship 2024,2.0,0.958
2024-09-02 13:30:00,148148,Hong Kong,34,1070.75,1070.62,-0.13,Japan,1885.46,L,0,19,BFA XIII U18 Asian Baseball Championship 2024,2.0,0.042
2024-09-02 18:30:00,149343,Chinese Taipei,3,1609.41,1610.41,1.0,Republic of Korea,1585.81,W,1,0,BFA XIII U18 Asian Baseball Championship 2024,2.0,0.5226
2024-09-02 18:30:00,149343,Republic of Korea,5,1585.81,1584.81,-1.0,Chinese Taipei,1609.41,L,0,1,BFA XIII U18 Asian Baseball Championship 2024,2.0,0.4774
2024-09-03 13:30:00,148243,Philippines,28,1125.83,1126.81,0.98,Hong Kong,1070.62,W,4,2,BFA XIII U18 Asian Baseball Championship 2024,2.0,0.5528
2024-09-03 13:30:00,148243,Hong Kong,34,1070.62,1069.64,-0.98,Philippines,1125.83,L,2,4,BFA XIII U18 Asian Baseball Championship 2024,2.0,0.4472
2024-09-03 13:30:00,148244,Sri Lanka,42,926.4,926.32,-0.07,Japan,1885.59,L,1,20,BFA XIII U18 Asian Baseball Championship 2024,2.0,0.0246
2024-09-03 13:30:00,148244,Japan,1,1885.59,1885.66,0.07,Sri Lanka,926.4,W,20,1,BFA XIII U18 Asian Baseball Championship 2024,2.0,0.9754
2024-09-03 18:30:00,148245,Republic of Korea,5,1584.81,1584.96,0.15,Thailand,815.08,W,10,0,BFA XIII U18 Asian Baseball Championship 2024,2.0,0.9504
2024-09-03 18:30:00,148245,Thailand,56,815.08,814.93,-0.15,Republic of Korea,1584.81,L,0,10,BFA XIII U18 Asian Baseball Championship 2024,2.0,0.0496
2024-09-03 18:30:00,148246,Pakistan,35,1069.56,1069.26,-0.3,Chinese Taipei,1610.41,L,0,7,BFA XIII U18 Asian Baseball Championship 2024,2.0,0.1115
2024-09-03 18:30:00,148246,Chinese Taipei,3,1610.41,1610.71,0.3,Pakistan,1069.56,W,7,0,BFA XIII U18 Asian Baseball Championship 2024,2.0,0.8885
2024-09-04 13:30:00,148247,Hong Kong,34,1069.64,1070.4,0.77,Sri Lanka,926.32,W,6,5,BFA XIII U18 Asian Baseball Championship 2024,2.0,0.6341
2024-09-04 13:30:00,148247,Sri Lanka,42,926.32,925.56,-0.77,Hong Kong,1069.64,L,5,6,BFA XIII U18 Asian Baseball Championship 2024,2.0,0.3659
2024-09-04 13:30:00,148248,Republic of Korea,5,1584.96,1585.28,0.33,Pakistan,1069.26,W,7,0,BFA XIII U18 Asian Baseball Championship 2024,2.0,0.8786
2024-09-04 13:30:00,148248,Pakistan,35,1069.26,1068.94,-0.33,Republic of Korea,1584.96,L,0,7,BFA XIII U18 Asian Baseball Championship 2024,2.0,0.1214
2024-09-04 18:30:00,148249,Japan,1,1885.66,1885.82,0.15,Philippines,1126.81,W,13,0,BFA XIII U18 Asian Baseball Championship 2024,2.0,0.9484
2024-09-04 18:30:00,148249,Philippines,28,1126.81,1126.66,-0.15,Japan,1885.66,L,0,13,BFA XIII U18 Asian Baseball Championship 2024,2.0,0.0516
2024-09-04 18:30:00,148250,Chinese Taipei,3,1610.71,1610.85,0.14,Thailand,814.93,W,21,0,BFA XIII U18 Asian Baseball Championship 2024,2.0,0.955
2024-09-04 18:30:00,148250,Thailand,56,814.93,814.79,-0.14,Chinese Taipei,1610.71,L,0,21,BFA XIII U18 Asian Baseball Championship 2024,2.0,0.045
2024-09-06 10:00:00,146551,Nicaragua,21,1265.7,1267.88,2.18,South Africa,1072.87,W,8,1,WBSC U-23 Baseball World Cup 2024,5.0,0.677
2024-09-06 10:00:00,146551,South Africa,33,1072.87,1070.69,-2.18,Nicaragua,1265.7,L,1,8,WBSC U-23 Baseball World Cup 2024,5.0,0.323
2024-09-06 10:00:00,146552,Colombia,14,1389.18,1386.88,-2.3,Australia,1474.49,L,2,4,WBSC U-23 Baseball World Cup 2024,5.0,0.4189
2024-09-06 10:00:00,146552,Australia,8,1474.49,1476.79,2.3,Colombia,1389.18,W,4,2,WBSC U-23 Baseball World Cup 2024,5.0,0.5811
2024-09-06 10:30:00,149324,Sri Lanka,42,925.56,927.27,1.71,Pakistan,1068.94,W,7,0,BFA XIII U18 Asian Baseball Championship 2024,2.0,0.3658
2024-09-06 10:30:00,149324,Pakistan,35,1068.94,1067.22,-1.71,Sri Lanka,925.56,L,0,7,BFA XIII U18 Asian Baseball Championship 2024,2.0,0.6342
2024-09-06 13:30:00,149325,Republic of Korea,5,1585.28,1585.72,0.44,Philippines,1126.66,W,10,0,BFA XIII U18 Asian Baseball Championship 2024,2.0,0.8532
2024-09-06 13:30:00,149325,Philippines,28,1126.66,1126.22,-0.44,Republic of Korea,1585.28,L,0,10,BFA XIII U18 Asian Baseball Championship 2024,2.0,0.1468
2024-09-06 13:30:00,149326,Thailand,56,814.79,814.22,-0.57,Hong Kong,1070.4,L,8,9,BFA XIII U18 Asian Baseball Championship 2024,2.0,0.2727
2024-09-06 13:30:00,149326,Hong Kong,34,1070.4,1070.98,0.57,Thailand,814.79,W,9,8,BFA XIII U18 Asian Baseball Championship 2024,2.0,0.7273
2024-09-06 14:30:00,146553,Venezuela,6,1522.75,1525.11,2.36,Netherlands,1469.21,W,10,9,WBSC U-23 Baseball World Cup 2024,5.0,0.5512
2024-09-06 14:30:00,146553,Netherlands,10,1469.21,1466.86,-2.36,Venezuela,1522.75,L,9,10,WBSC U-23 Baseball World Cup 2024,5.0,0.4488
2024-09-06 14:30:00,146554,Chinese Taipei,3,1610.85,1607.96,-2.88,Republic of Korea,1585.72,L,1,3,WBSC U-23 Baseball World Cup 2024,5.0,0.5241
2024-09-06 14:30:00,146554,Republic of Korea,5,1585.72,1588.61,2.88,Chinese Taipei,1610.85,W,3,1,WBSC U-23 Baseball World Cup 2024,5.0,0.4759
2024-09-06 18:30:00,149327,Japan,1,1885.82,1886.36,0.54,Chinese Taipei,1607.96,W,1,0,BFA XIII U18 Asian Baseball Championship 2024,2.0,0.7439
2024-09-06 18:30:00,149327,Chinese Taipei,3,1607.96,1607.42,-0.54,Japan,1885.82,L,0,1,BFA XIII U18 Asian Baseball Championship 2024,2.0,0.2561
2024-09-06 19:00:00,146555,Great Britain,17,1356.54,1352.86,-3.68,China,1173.74,L,3,5,WBSC U-23 Baseball World Cup 2024,5.0,0.6685
2024-09-06 19:00:00,146555,China,25,1173.74,1177.42,3.68,Great Britain,1356.54,W,5,3,WBSC U-23 Baseball World Cup 2024,5.0,0.3315
2024-09-06 19:00:00,146556,Japan,1,1886.36,1881.16,-5.19,Puerto Rico,1471.8,L,1,6,WBSC U-23 Baseball World Cup 2024,5.0,0.8307
2024-09-06 19:00:00,146556,Puerto Rico,9,1471.8,1476.99,5.19,Japan,1886.36,W,6,1,WBSC U-23 Baseball World Cup 2024,5.0,0.1693
2024-09-07 10:00:00,146557,South Africa,34,1070.69,1069.94,-0.75,Republic of Korea,1588.61,L,1,6,WBSC U-23 Baseball World Cup 2024,5.0,0.1205
2024-09-07 10:00:00,146557,Republic of Korea,5,1588.61,1589.36,0.75,South Africa,1070.69,W,6,1,WBSC U-23 Baseball World Cup 2024,5.0,0.8795
2024-09-07 10:00:00,146558,Nicaragua,21,1267.88,1271.71,3.82,Venezuela,1525.11,W,3,2,WBSC U-23 Baseball World Cup 2024,5.0,0.2715
2024-09-07 10:00:00,146558,Venezuela,6,1525.11,1521.29,-3.82,Nicaragua,1267.88,L,2,3,WBSC U-23 Baseball World Cup 2024,5.0,0.7285
2024-09-07 10:30:00,149328,Hong Kong,33,1070.98,1072.32,1.34,Pakistan,1067.22,W,7,0,BFA XIII U18 Asian Baseball Championship 2024,2.0,0.5036
2024-09-07 10:30:00,149328,Pakistan,35,1067.22,1065.88,-1.34,Hong Kong,1070.98,L,0,7,BFA XIII U18 Asian Baseball Championship 2024,2.0,0.4964
2024-09-07 13:30:00,149330,Thailand,56,814.22,815.56,1.33,Sri Lanka,927.27,W,7,5,BFA XIII U18 Asian Baseball Championship 2024,2.0,0.3932
2024-09-07 13:30:00,149330,Sri Lanka,42,927.27,925.93,-1.33,Thailand,814.22,L,5,7,BFA XIII U18 Asian Baseball Championship 2024,2.0,0.6068
2024-09-07 14:30:00,146559,Colombia,14,1386.88,1389.45,2.57,Great Britain,1352.86,W,6,4,WBSC U-23 Baseball World Cup 2024,5.0,0.5326
2024-09-07 14:30:00,146559,Great Britain,17,1352.86,1350.29,-2.57,Colombia,1386.88,L,4,6,WBSC U-23 Baseball World Cup 2024,5.0,0.4674
2024-09-07 14:30:00,146560,Japan,1,1881.16,1881.51,0.35,China,1177.42,W,2,0,WBSC U-23 Baseball World Cup 2024,5.0,0.9371
2024-09-07 14:30:00,146560,China,25,1177.42,1177.07,-0.35,Japan,1881.16,L,0,2,WBSC U-23 Baseball World Cup 2024,5.0,0.0629
2024-09-07 18:30:00,149329,Japan,1,1881.51,1879.93,-1.58,Republic of Korea,1589.36,L,0,1,BFA XIII U18 Asian Baseball Championship 2024,2.0,0.7542
2024-09-07 18:30:00,149329,Republic of Korea,4,1589.36,1590.94,1.58,Japan,1881.51,W,1,0,BFA XIII U18 Asian Baseball Championship 2024,2.0,0.2458
2024-09-07 18:30:00,149331,Chinese Taipei,3,1607.42,1607.82,0.4,Philippines,1126.22,W,9,0,BFA XIII U18 Asian Baseball Championship 2024,2.0,0.8637
2024-09-07 18:30:00,149331,Philippines,28,1126.22,1125.82,-0.4,Chinese Taipei,1607.42,L,0,9,BFA XIII U18 Asian Baseball Championship 2024,2.0,0.1363
2024-09-07 19:00:00,146561,Australia,9,1476.79,1479.42,2.63,Puerto Rico,1476.99,W,5,4,WBSC U-23 Baseball World Cup 2024,5.0,0.4998
2024-09-07 19:00:00,146561,Puerto Rico,8,1476.99,1474.37,-2.63,Australia,1476.79,L,4,5,WBSC U-23 Baseball World Cup 2024,5.0,0.5002
2024-09-07 19:00:00,146562,Chinese Taipei,3,1607.82,1604.34,-3.48,Netherlands,1466.86,L,5,7,WBSC U-23 Baseball World Cup 2024,5.0,0.632
2024-09-07 19:00:00,146562,Netherlands,11,1466.86,1470.33,3.48,Chinese Taipei,1607.82,W,7,5,WBSC U-23 Baseball World Cup 2024,5.0,0.368
2024-09-08 10:00:00,146563,Venezuela,6,1521.29,1522.41,1.13,South Africa,1069.94,W,10,0,WBSC U-23 Baseball World Cup 2024,5.0,0.8497
2024-09-08 10:00:00,146563,South Africa,34,1069.94,1068.81,-1.13,Venezuela,1521.29,L,0,10,WBSC U-23 Baseball World Cup 2024,5.0,0.1503
2024-09-08 10:00:00,146564,China,25,1177.07,1180.71,3.64,Colombia,1389.45,W,4,3,WBSC U-23 Baseball World Cup 2024,5.0,0.3068
2024-09-08 10:00:00,146564,Colombia,14,1389.45,1385.81,-3.64,China,1177.07,L,3,4,WBSC U-23 Baseball World Cup 2024,5.0,0.6932
2024-09-08 13:00:00,149333,Republic of Korea,4,1590.94,1591.35,0.4,Philippines,1125.82,W,8,0,BFA XIII U18 Asian Baseball Championship 2024,2.0,0.8563
2024-09-08 13:00:00,149333,Philippines,28,1125.82,1125.42,-0.4,Republic of Korea,1590.94,L,0,8,BFA XIII U18 Asian Baseball Championship 2024,2.0,0.1437
2024-09-08 14:30:00,146565,Puerto Rico,9,1474.37,1476.76,2.39,Great Britain,1350.29,W,8,3,WBSC U-23 Baseball World Cup 2024,5.0,0.6168
2024-09-08 14:30:00,146565,Great Britain,17,1350.29,1347.89,-2.39,Puerto Rico,1474.37,L,3,8,WBSC U-23 Baseball World Cup 2024,5.0,0.3832
2024-09-08 14:30:00,146566,Republic of Korea,4,1591.35,1593.56,2.22,Netherlands,1470.33,W,4,1,WBSC U-23 Baseball World Cup 2024,5.0,0.6141
2024-09-08 14:30:00,146566,Netherlands,10,1470.33,1468.12,-2.22,Republic of Korea,1591.35,L,1,4,WBSC U-23 Baseball World Cup 2024,5.0,0.3859
2024-09-08 18:30:00,149332,Japan,1,1879.93,1878.07,-1.86,Chinese Taipei,1604.34,L,1,6,BFA XIII U18 Asian Baseball Championship 2024,2.0,0.7422
2024-09-08 18:30:00,149332,Chinese Taipei,3,1604.34,1606.2,1.86,Japan,1879.93,W,6,1,BFA XIII U18 Asian Baseball Championship 2024,2.0,0.2578
2024-09-08 19:00:00,146567,Chinese Taipei,3,1606.2,1602.09,-4.11,Nicaragua,1271.71,L,3,4,WBSC U-23 Baseball World Cup 2024,5.0,0.7831
2024-09-08 19:00:00,146567,Nicaragua,21,1271.71,1275.82,4.11,Chinese Taipei,1606.2,W,4,3,WBSC U-23 Baseball World Cup 2024,5.0,0.2169
2024-09-08 19:00:00,146568,Australia,8,1479.42,1478.4,-1.02,Japan,1878.07,L,1,4,WBSC U-23 Baseball World Cup 2024,5.0,0.178
2024-09-08 19:00:00,146568,Japan,1,1878.07,1879.09,1.02,Australia,1479.42,W,4,1,WBSC U-23 Baseball World Cup 2024,5.0,0.822
2024-09-09 10:00:00,146569,Republic of Korea,4,1593.56,1590.16,-3.41,Venezuela,1522.41,L,4,8,WBSC U-23 Baseball World Cup 2024,5.0,0.5678
2024-09-09 10:00:00,146569,Venezuela,6,1522.41,1525.82,3.41,Republic of Korea,1593.56,W,8,4,WBSC U-23 Baseball World Cup 2024,5.0,0.4322
2024-09-09 10:00:00,146570,Puerto Rico,9,1476.76,1478.22,1.46,China,1180.71,W,8,4,WBSC U-23 Baseball World Cup 2024,5.0,0.757
2024-09-09 10:00:00,146570,China,25,1180.71,1179.25,-1.46,Puerto Rico,1476.76,L,4,8,WBSC U-23 Baseball World Cup 2024,5.0,0.243
2024-09-09 14:30:00,146571,Australia,8,1478.4,1480.38,1.98,Great Britain,1347.89,W,13,12,WBSC U-23 Baseball World Cup 2024,5.0,0.6227
2024-09-09 14:30:00,146571,Great Britain,17,1347.89,1345.91,-1.98,Australia,1478.4,L,12,13,WBSC U-23 Baseball World Cup 2024,5.0,0.3773
2024-09-09 14:30:00,146572,Netherlands,10,1468.12,1464.56,-3.55,Nicaragua,1275.82,L,0,1,WBSC U-23 Baseball World Cup 2024,5.0,0.6766
2024-09-09 14:30:00,146572,Nicaragua,21,1275.82,1279.37,3.55,Netherlands,1468.12,W,1,0,WBSC U-23 Baseball World Cup 2024,5.0,0.3234
2024-09-09 19:00:00,146573,South Africa,34,1068.81,1067.95,-0.86,Chinese Taipei,1602.09,L,0,11,WBSC U-23 Baseball World Cup 2024,5.0,0.1144
2024-09-09 19:00:00,146573,Chinese Taipei,3,1602.09,1602.95,0.86,South Africa,1068.81,W,11,0,WBSC U-23 Baseball World Cup 2024,5.0,0.8856
2024-09-09 19:00:00,146574,Japan,1,1879.09,1879.95,0.85,Colombia,1385.81,W,7,1,WBSC U-23 Baseball World Cup 2024,5.0,0.8691
2024-09-09 19:00:00,146574,Colombia,14,1385.81,1384.96,-0.85,Japan,1879.09,L,1,7,WBSC U-23 Baseball World Cup 2024,5.0,0.1309
2024-09-10 10:00:00,146575,Republic of Korea,4,1590.16,1585.17,-4.99,Nicaragua,1279.37,L,1,7,WBSC U-23 Baseball World Cup 2024,5.0,0.7672
2024-09-10 10:00:00,146575,Nicaragua,21,1279.37,1284.36,4.99,Republic of Korea,1590.16,W,7,1,WBSC U-23 Baseball World Cup 2024,5.0,0.2328
2024-09-10 10:00:00,146576,China,25,1179.25,1183.62,4.37,Australia,1480.38,W,4,1,WBSC U-23 Baseball World Cup 2024,5.0,0.2395
2024-09-10 10:00:00,146576,Australia,8,1480.38,1476.0,-4.37,China,1179.25,L,1,4,WBSC U-23 Baseball World Cup 2024,5.0,0.7605
2024-09-10 14:30:00,146577,Netherlands,11,1464.56,1465.86,1.3,South Africa,1067.95,W,11,2,WBSC U-23 Baseball World Cup 2024,5.0,0.8208
2024-09-10 14:30:00,146577,South Africa,34,1067.95,1066.65,-1.3,Netherlands,1464.56,L,2,11,WBSC U-23 Baseball World Cup 2024,5.0,0.1792
2024-09-10 14:30:00,146578,Colombia,14,1384.96,1382.8,-2.16,Puerto Rico,1478.22,L,2,3,WBSC U-23 Baseball World Cup 2024,5.0,0.4115
2024-09-10 14:30:00,146578,Puerto Rico,8,1478.22,1480.38,2.16,Colombia,1384.96,W,3,2,WBSC U-23 Baseball World Cup 2024,5.0,0.5885
2024-09-10 19:00:00,146579,Great Britain,17,1345.91,1345.26,-0.66,Japan,1879.95,L,1,4,WBSC U-23 Baseball World Cup 2024,5.0,0.1141
2024-09-10 19:00:00,146579,Japan,1,1879.95,1880.6,0.66,Great Britain,1345.91,W,4,1,WBSC U-23 Baseball World Cup 2024,5.0,0.8859
2024-09-10 19:00:00,146580,Venezuela,6,1525.82,1523.37,-2.45,Chinese Taipei,1602.95,L,0,3,WBSC U-23 Baseball World Cup 2024,5.0,0.4265
2024-09-10 19:00:00,146580,Chinese Taipei,3,1602.95,1605.4,2.45,Venezuela,1525.82,W,3,0,WBSC U-23 Baseball World Cup 2024,5.0,0.5735
2024-09-12 10:00:00,146581,South Africa,34,1066.65,1070.75,4.09,Great Britain,1345.26,W,8,6,WBSC U-23 Baseball World Cup 2024,5.0,0.2556
2024-09-12 10:00:00,146581,Great Britain,17,1345.26,1341.16,-4.09,South Africa,1066.65,L,6,8,WBSC U-23 Baseball World Cup 2024,5.0,0.7444
2024-09-12 10:00:00,146582,Republic of Korea,5,1585.17,1586.27,1.1,China,1183.62,W,7,2,WBSC U-23 Baseball World Cup 2024,5.0,0.8236
2024-09-12 10:00:00,146582,China,25,1183.62,1182.52,-1.1,Republic of Korea,1585.17,L,2,7,WBSC U-23 Baseball World Cup 2024,5.0,0.1764
2024-09-12 14:30:00,146583,Colombia,14,1382.8,1380.56,-2.24,Chinese Taipei,1605.4,L,0,10,WBSC U-23 Baseball World Cup 2024,5.0,0.2985
2024-09-12 14:30:00,146583,Chinese Taipei,3,1605.4,1607.64,2.24,Colombia,1382.8,W,10,0,WBSC U-23 Baseball World Cup 2024,5.0,0.7015
2024-09-12 14:30:00,146585,Australia,9,1476.0,1473.33,-2.68,Netherlands,1465.86,L,2,3,WBSC U-23 Baseball World Cup 2024,5.0,0.5097
2024-09-12 14:30:00,146585,Netherlands,11,1465.86,1468.54,2.68,Australia,1476.0,W,3,2,WBSC U-23 Baseball World Cup 2024,5.0,0.4903
2024-09-12 19:00:00,146586,Nicaragua,21,1284.36,1282.67,-1.68,Puerto Rico,1480.38,L,0,1,WBSC U-23 Baseball World Cup 2024,5.0,0.3203
2024-09-12 19:00:00,146586,Puerto Rico,8,1480.38,1482.06,1.68,Nicaragua,1284.36,W,1,0,WBSC U-23 Baseball World Cup 2024,5.0,0.6797
2024-09-12 19:00:00,146584,Japan,1,1880.6,1881.82,1.21,Venezuela,1523.37,W,5,1,WBSC U-23 Baseball World Cup 2024,5.0,0.7975
2024-09-12 19:00:00,146584,Venezuela,6,1523.37,1522.15,-1.21,Japan,1880.6,L,1,5,WBSC U-23 Baseball World Cup 2024,5.0,0.2025
2024-09-13 10:00:00,146589,Netherlands,10,1468.54,1465.28,-3.25,Great Britain,1341.16,L,1,2,WBSC U-23 Baseball World Cup 2024,5.0,0.6198
2024-09-13 10:00:00,146589,Great Britain,18,1341.16,1344.42,3.25,Netherlands,1468.54,W,2,1,WBSC U-23 Baseball World Cup 2024,5.0,0.3802
2024-09-13 10:00:00,146587,Colombia,15,1380.56,1382.25,1.69,South Africa,1070.75,W,12,3,WBSC U-23 Baseball World Cup 2024,5.0,0.7666
2024-09-13 10:00:00,146587,South Africa,34,1070.75,1069.06,-1.69,Colombia,1380.56,L,3,12,WBSC U-23 Baseball World Cup 2024,5.0,0.2334
2024-09-13 14:30:00,146591,Australia,9,1473.33,1471.36,-1.96,Chinese Taipei,1607.64,L,3,4,WBSC U-23 Baseball World Cup 2024,5.0,0.3739
2024-09-13 14:30:00,146591,Chinese Taipei,3,1607.64,1609.6,1.96,Australia,1473.33,W,4,3,WBSC U-23 Baseball World Cup 2024,5.0,0.6261
2024-09-13 14:30:00,146590,Nicaragua,21,1282.67,1282.04,-0.64,Japan,1881.82,L,1,9,WBSC U-23 Baseball World Cup 2024,5.0,0.0912
2024-09-13 14:30:00,146590,Japan,1,1881.82,1882.45,0.64,Nicaragua,1282.67,W,9,1,WBSC U-23 Baseball World Cup 2024,5.0,0.9088
2024-09-13 19:00:00,146592,Puerto Rico,8,1482.06,1485.35,3.29,Republic of Korea,1586.27,W,3,1,WBSC U-23 Baseball World Cup 2024,5.0,0.4013
2024-09-13 19:00:00,146592,Republic of Korea,5,1586.27,1582.98,-3.29,Puerto Rico,1482.06,L,1,3,WBSC U-23 Baseball World Cup 2024,5.0,0.5987
2024-09-13 19:00:00,146588,Venezuela,6,1522.15,1518.02,-4.13,China,1182.52,L,5,6,WBSC U-23 Baseball World Cup 2024,5.0,0.7864
2024-09-13 19:00:00,146588,China,25,1182.52,1186.65,4.13,Venezuela,1522.15,W,6,5,WBSC U-23 Baseball World Cup 2024,5.0,0.2136
2024-09-14 10:00:00,146597,Netherlands,11,1465.28,1467.81,2.53,Colombia,1382.25,W,7,3,WBSC U-23 Baseball World Cup 2024,5.0,0.579
2024-09-14 10:00:00,146597,Colombia,15,1382.25,1379.73,-2.53,Netherlands,1465.28,L,3,7,WBSC U-23 Baseball World Cup 2024,5.0,0.421
2024-09-14 10:00:00,146595,Australia,9,1471.36,1472.55,1.19,South Africa,1069.06,W,9,2,WBSC U-23 Baseball World Cup 2024,5.0,0.824
2024-09-14 10:00:00,146595,South Africa,34,1069.06,1067.87,-1.19,Australia,1471.36,L,2,9,WBSC U-23 Baseball World Cup 2024,5.0,0.176
2024-09-14 14:30:00,146593,Chinese Taipei,3,1609.6,1605.74,-3.86,Great Britain,1344.42,L,1,2,WBSC U-23 Baseball World Cup 2024,5.0,0.7345
2024-09-14 14:30:00,146593,Great Britain,17,1344.42,1348.27,3.86,Chinese Taipei,1609.6,W,2,1,WBSC U-23 Baseball World Cup 2024,5.0,0.2655
2024-09-14 14:30:00,146598,Puerto Rico,8,1485.35,1488.41,3.05,Venezuela,1518.02,W,3,0,WBSC U-23 Baseball World Cup 2024,5.0,0.4687
2024-09-14 14:30:00,146598,Venezuela,6,1518.02,1514.97,-3.05,Puerto Rico,1485.35,L,0,3,WBSC U-23 Baseball World Cup 2024,5.0,0.5313
2024-09-14 19:00:00,146596,Japan,1,1882.45,1883.72,1.26,Republic of Korea,1582.98,W,2,1,WBSC U-23 Baseball World Cup 2024,5.0,0.7594
2024-09-14 19:00:00,146596,Republic of Korea,5,1582.98,1581.72,-1.26,Japan,1882.45,L,1,2,WBSC U-23 Baseball World Cup 2024,5.0,0.2406
2024-09-14 19:00:00,146594,Nicaragua,21,1282.04,1278.49,-3.54,China,1186.65,L,0,4,WBSC U-23 Baseball World Cup 2024,5.0,0.5905
2024-09-14 19:00:00,146594,China,25,1186.65,1190.19,3.54,Nicaragua,1282.04,W,4,0,WBSC U-23 Baseball World Cup 2024,5.0,0.4095
2024-09-15 09:00:00,146599,China,24,1190.19,1187.9,-2.29,Nicaragua,1278.49,L,1,3,WBSC U-23 Baseball World Cup 2024,5.0,0.4161
2024-09-15 09:00:00,146599,Nicaragua,21,1278.49,1280.78,2.29,China,1190.19,W,3,1,WBSC U-23 Baseball World Cup 2024,5.0,0.5839
2024-09-15 09:00:00,146600,Puerto Rico,8,1488.41,1487.28,-1.12,Japan,1883.72,L,0,5,WBSC U-23 Baseball World Cup 2024,5.0,0.1799
2024-09-15 09:00:00,146600,Japan,1,1883.72,1884.84,1.12,Puerto Rico,1488.41,W,5,0,WBSC U-23 Baseball World Cup 2024,5.0,0.8201
2024-10-20 09:00:00,149638,Dominican Republic,12,1454.07,1455.12,1.05,Brazil,1293.13,W,10,0,Campeonato Panamericano Sub-12 | U-12 Pan American Championship - 2024,2.0,0.6497
2024-10-20 09:00:00,149638,Brazil,20,1293.13,1292.08,-1.05,Dominican Republic,1454.07,L,0,10,Campeonato Panamericano Sub-12 | U-12 Pan American Championship - 2024,2.0,0.3503
2024-10-20 09:30:00,149633,Mexico,4,1589.23,1589.74,0.52,Nicaragua,1280.78,W,3,1,Campeonato Panamericano Sub-12 | U-12 Pan American Championship - 2024,2.0,0.7656
2024-10-20 09:30:00,149633,Nicaragua,21,1280.78,1280.27,-0.52,Mexico,1589.23,L,1,3,Campeonato Panamericano Sub-12 | U-12 Pan American Championship - 2024,2.0,0.2344
2024-10-21 08:30:00,149639,Puerto Rico,8,1487.28,1488.01,0.72,Argentina,1187.56,W,10,0,Campeonato Panamericano Sub-12 | U-12 Pan American Championship - 2024,2.0,0.7596
2024-10-21 08:30:00,149639,Argentina,25,1187.56,1186.84,-0.72,Puerto Rico,1487.28,L,0,10,Campeonato Panamericano Sub-12 | U-12 Pan American Championship - 2024,2.0,0.2404
2024-10-21 08:30:00,149640,Colombia,15,1379.73,1380.02,0.3,Ecuador,826.11,W,8,0,Campeonato Panamericano Sub-12 | U-12 Pan American Championship - 2024,2.0,0.8933
2024-10-21 08:30:00,149640,Ecuador,53,826.11,825.82,-0.3,Colombia,1379.73,L,0,8,Campeonato Panamericano Sub-12 | U-12 Pan American Championship - 2024,2.0,0.1067
2024-10-21 10:30:00,149641,Brazil,20,1292.08,1291.4,-0.69,Venezuela,1514.97,L,0,3,Campeonato Panamericano Sub-12 | U-12 Pan American Championship - 2024,2.0,0.2983
2024-10-21 10:30:00,149641,Venezuela,6,1514.97,1515.66,0.69,Brazil,1292.08,W,3,0,Campeonato Panamericano Sub-12 | U-12 Pan American Championship - 2024,2.0,0.7017
2024-10-21 10:30:00,149642,Nicaragua,21,1280.27,1279.84,-0.42,United States of America,1730.31,L,1,9,Campeonato Panamericano Sub-12 | U-12 Pan American Championship - 2024,2.0,0.151
2024-10-21 10:30:00,149642,United States of America,2,1730.31,1730.73,0.42,Nicaragua,1280.27,W,9,1,Campeonato Panamericano Sub-12 | U-12 Pan American Championship - 2024,2.0,0.849
2024-10-21 16:00:00,149643,Dominican Republic,12,1455.12,1456.47,1.35,Cuba,1496.9,W,6,1,Campeonato Panamericano Sub-12 | U-12 Pan American Championship - 2024,2.0,0.46
2024-10-21 16:00:00,149643,Cuba,7,1496.9,1495.55,-1.35,Dominican Republic,1455.12,L,1,6,Campeonato Panamericano Sub-12 | U-12 Pan American Championship - 2024,2.0,0.54
2024-10-21 19:00:00,149644,Mexico,4,1589.74,1588.33,-1.42,Panama,1466.87,L,1,4,Campeonato Panamericano Sub-12 | U-12 Pan American Championship - 2024,2.0,0.6158
2024-10-21 19:00:00,149644,Panama,11,1466.87,1468.28,1.42,Mexico,1589.74,W,4,1,Campeonato Panamericano Sub-12 | U-12 Pan American Championship - 2024,2.0,0.3842
2024-10-22 08:30:00,149645,Colombia,15,1380.02,1378.66,-1.37,Nicaragua,1279.84,L,2,5,Campeonato Panamericano Sub-12 | U-12 Pan American Championship - 2024,2.0,0.5949
2024-10-22 08:30:00,149645,Nicaragua,21,1279.84,1281.21,1.37,Colombia,1380.02,W,5,2,Campeonato Panamericano Sub-12 | U-12 Pan American Championship - 2024,2.0,0.4051
2024-10-22 08:30:00,149646,Argentina,25,1186.84,1186.14,-0.7,Cuba,1495.55,L,0,15,Campeonato Panamericano Sub-12 | U-12 Pan American Championship - 2024,2.0,0.2342
2024-10-22 08:30:00,149646,Cuba,7,1495.55,1496.25,0.7,Argentina,1186.84,W,15,0,Campeonato Panamericano Sub-12 | U-12 Pan American Championship - 2024,2.0,0.7658
2024-10-22 10:30:00,149647,United States of America,2,1730.73,1731.76,1.03,Mexico,1588.33,W,9,1,Campeonato Panamericano Sub-12 | U-12 Pan American Championship - 2024,2.0,0.6333
2024-10-22 10:30:00,149647,Mexico,4,1588.33,1587.3,-1.03,United States of America,1730.73,L,1,9,Campeonato Panamericano Sub-12 | U-12 Pan American Championship - 2024,2.0,0.3667
2024-10-22 10:30:00,149648,Puerto Rico,8,1488.01,1488.68,0.67,Brazil,1291.4,W,2,1,Campeonato Panamericano Sub-12 | U-12 Pan American Championship - 2024,2.0,0.6802
2024-10-22 10:30:00,149648,Brazil,20,1291.4,1290.72,-0.67,Puerto Rico,1488.01,L,1,2,Campeonato Panamericano Sub-12 | U-12 Pan American Championship - 2024,2.0,0.3198
2024-10-22 12:30:00,149636,Venezuela,6,1515.66,1516.32,0.66,Argentina,1186.14,W,13,0,Campeonato Panamericano Sub-12 | U-12 Pan American Championship - 2024,2.0,0.7798
2024-10-22 12:30:00,149636,Argentina,25,1186.14,1185.48,-0.66,Venezuela,1515.66,L,0,13,Campeonato Panamericano Sub-12 | U-12 Pan American Championship - 2024,2.0,0.2202
2024-10-22 12:30:00,149637,Panama,10,1468.28,1469.15,0.87,Colombia,1378.66,W,3,2,Campeonato Panamericano Sub-12 | U-12 Pan American Championship - 2024,2.0,0.5852
2024-10-22 12:30:00,149637,Colombia,15,1378.66,1377.78,-0.87,Panama,1468.28,L,2,3,Campeonato Panamericano Sub-12 | U-12 Pan American Championship - 2024,2.0,0.4148
2024-10-22 14:30:00,149649,Venezuela,6,1516.32,1514.98,-1.34,Dominican Republic,1456.47,L,1,5,Campeonato Panamericano Sub-12 | U-12 Pan American Championship - 2024,2.0,0.5572
2024-10-22 14:30:00,149649,Dominican Republic,12,1456.47,1457.81,1.34,Venezuela,1516.32,W,5,1,Campeonato Panamericano Sub-12 | U-12 Pan American Championship - 2024,2.0,0.4428
2024-10-22 19:00:00,149650,Ecuador,53,825.82,825.58,-0.23,Panama,1469.15,L,0,10,Campeonato Panamericano Sub-12 | U-12 Pan American Championship - 2024,2.0,0.0781
2024-10-22 19:00:00,149650,Panama,10,1469.15,1469.39,0.23,Ecuador,825.82,W,10,0,Campeonato Panamericano Sub-12 | U-12 Pan American Championship - 2024,2.0,0.9219
2024-10-23 08:30:00,149651,Argentina,25,1185.48,1184.75,-0.73,Dominican Republic,1457.81,L,2,10,Campeonato Panamericano Sub-12 | U-12 Pan American Championship - 2024,2.0,0.2602
2024-10-23 08:30:00,149651,Dominican Republic,12,1457.81,1458.53,0.73,Argentina,1185.48,W,10,2,Campeonato Panamericano Sub-12 | U-12 Pan American Championship - 2024,2.0,0.7398
2024-10-23 08:30:00,149652,Cuba,7,1496.25,1497.0,0.75,Brazil,1290.72,W,4,0,Campeonato Panamericano Sub-12 | U-12 Pan American Championship - 2024,2.0,0.6876
2024-10-23 08:30:00,149652,Brazil,20,1290.72,1289.97,-0.75,Cuba,1496.25,L,0,4,Campeonato Panamericano Sub-12 | U-12 Pan American Championship - 2024,2.0,0.3124
2024-10-23 10:30:00,149634,Cuba,7,1497.0,1498.23,1.23,Puerto Rico,1488.68,W,10,5,Campeonato Panamericano Sub-12 | U-12 Pan American Championship - 2024,2.0,0.508
2024-10-23 10:30:00,149634,Puerto Rico,8,1488.68,1487.45,-1.23,Cuba,1497.0,L,5,10,Campeonato Panamericano Sub-12 | U-12 Pan American Championship - 2024,2.0,0.492
2024-10-23 10:30:00,149654,United States of America,2,1731.76,1732.27,0.51,Colombia,1377.78,W,5,0,Campeonato Panamericano Sub-12 | U-12 Pan American Championship - 2024,2.0,0.7955
2024-10-23 10:30:00,149654,Colombia,15,1377.78,1377.27,-0.51,United States of America,1731.76,L,0,5,Campeonato Panamericano Sub-12 | U-12 Pan American Championship - 2024,2.0,0.2045
2024-10-23 12:30:00,149635,United States of America,2,1732.27,1732.35,0.08,Ecuador,825.58,W,7,0,Campeonato Panamericano Sub-12 | U-12 Pan American Championship - 2024,2.0,0.9701
2024-10-23 12:30:00,149635,Ecuador,54,825.58,825.5,-0.08,United States of America,1732.27,L,0,7,Campeonato Panamericano Sub-12 | U-12 Pan American Championship - 2024,2.0,0.0299
2024-10-23 12:30:00,149653,Venezuela,6,1514.98,1513.72,-1.26,Puerto Rico,1487.45,L,3,7,Campeonato Panamericano Sub-12 | U-12 Pan American Championship - 2024,2.0,0.5264
2024-10-23 12:30:00,149653,Puerto Rico,8,1487.45,1488.71,1.26,Venezuela,1514.98,W,7,3,Campeonato Panamericano Sub-12 | U-12 Pan American Championship - 2024,2.0,0.4736
2024-10-23 14:30:00,149655,Ecuador,54,825.5,825.35,-0.15,Mexico,1587.3,L,3,24,Campeonato Panamericano Sub-12 | U-12 Pan American Championship - 2024,2.0,0.051
2024-10-23 14:30:00,149655,Mexico,4,1587.3,1587.45,0.15,Ecuador,825.5,W,24,3,Campeonato Panamericano Sub-12 | U-12 Pan American Championship - 2024,2.0,0.949
2024-10-23 19:00:00,149656,Panama,10,1469.39,1470.14,0.75,Nicaragua,1281.21,W,6,3,Campeonato Panamericano Sub-12 | U-12 Pan American Championship - 2024,2.0,0.6731
2024-10-23 19:00:00,149656,Nicaragua,21,1281.21,1280.46,-0.75,Panama,1469.39,L,3,6,Campeonato Panamericano Sub-12 | U-12 Pan American Championship - 2024,2.0,0.3269
2024-10-24 08:30:00,149657,Mexico,4,1587.45,1588.13,0.68,Colombia,1377.27,W,2,0,Campeonato Panamericano Sub-12 | U-12 Pan American Championship - 2024,2.0,0.6914
2024-10-24 08:30:00,149657,Colombia,15,1377.27,1376.59,-0.68,Mexico,1587.45,L,0,2,Campeonato Panamericano Sub-12 | U-12 Pan American Championship - 2024,2.0,0.3086
2024-10-24 08:30:00,149658,Dominican Republic,12,1458.53,1460.07,1.53,Puerto Rico,1488.71,W,10,1,Campeonato Panamericano Sub-12 | U-12 Pan American Championship - 2024,2.0,0.4711
2024-10-24 08:30:00,149658,Puerto Rico,8,1488.71,1487.18,-1.53,Dominican Republic,1458.53,L,1,10,Campeonato Panamericano Sub-12 | U-12 Pan American Championship - 2024,2.0,0.5289
2024-10-24 10:30:00,149659,Cuba,7,1498.23,1499.31,1.08,Venezuela,1513.72,W,4,3,Campeonato Panamericano Sub-12 | U-12 Pan American Championship - 2024,2.0,0.4851
2024-10-24 10:30:00,149659,Venezuela,6,1513.72,1512.63,-1.08,Cuba,1498.23,L,3,4,Campeonato Panamericano Sub-12 | U-12 Pan American Championship - 2024,2.0,0.5149
2024-10-24 10:30:00,149660,Nicaragua,21,1280.46,1280.83,0.37,Ecuador,825.35,W,5,0,Campeonato Panamericano Sub-12 | U-12 Pan American Championship - 2024,2.0,0.8515
2024-10-24 10:30:00,149660,Ecuador,54,825.35,824.98,-0.37,Nicaragua,1280.46,L,0,5,Campeonato Panamericano Sub-12 | U-12 Pan American Championship - 2024,2.0,0.1485
2024-10-24 12:30:00,149661,Brazil,20,1289.97,1291.18,1.2,Argentina,1184.75,W,10,0,Campeonato Panamericano Sub-12 | U-12 Pan American Championship - 2024,2.0,0.5996
2024-10-24 12:30:00,149661,Argentina,25,1184.75,1183.55,-1.2,Brazil,1289.97,L,0,10,Campeonato Panamericano Sub-12 | U-12 Pan American Championship - 2024,2.0,0.4004
2024-10-24 19:00:00,149662,Panama,10,1470.14,1469.42,-0.72,United States of America,1732.35,L,0,7,Campeonato Panamericano Sub-12 | U-12 Pan American Championship - 2024,2.0,0.2677
2024-10-24 19:00:00,149662,United States of America,2,1732.35,1733.07,0.72,Panama,1470.14,W,7,0,Campeonato Panamericano Sub-12 | U-12 Pan American Championship - 2024,2.0,0.7323
2024-10-25 08:30:00,149666,Argentina,25,1183.55,1181.16,-2.4,Ecuador,824.98,L,2,15,Campeonato Panamericano Sub-12 | U-12 Pan American Championship - 2024,2.0,0.7984
2024-10-25 08:30:00,149666,Ecuador,54,824.98,827.37,2.4,Argentina,1183.55,W,15,2,Campeonato Panamericano Sub-12 | U-12 Pan American Championship - 2024,2.0,0.2016
2024-10-25 09:30:00,149663,United States of America,2,1733.07,1733.82,0.75,Cuba,1499.31,W,6,0,Campeonato Panamericano Sub-12 | U-12 Pan American Championship - 2024,2.0,0.7104
2024-10-25 09:30:00,149663,Cuba,7,1499.31,1498.56,-0.75,United States of America,1733.07,L,0,6,Campeonato Panamericano Sub-12 | U-12 Pan American Championship - 2024,2.0,0.2896
2024-10-25 10:30:00,149667,Brazil,20,1291.18,1292.51,1.34,Colombia,1376.59,W,4,1,Campeonato Panamericano Sub-12 | U-12 Pan American Championship - 2024,2.0,0.4188
2024-10-25 10:30:00,149667,Colombia,15,1376.59,1375.26,-1.34,Brazil,1291.18,L,1,4,Campeonato Panamericano Sub-12 | U-12 Pan American Championship - 2024,2.0,0.5812
2024-10-25 12:30:00,149664,Dominican Republic,12,1460.07,1461.14,1.07,Panama,1469.42,W,3,2,Campeonato Panamericano Sub-12 | U-12 Pan American Championship - 2024,2.0,0.491
2024-10-25 12:30:00,149664,Panama,10,1469.42,1468.35,-1.07,Dominican Republic,1460.07,L,2,3,Campeonato Panamericano Sub-12 | U-12 Pan American Championship - 2024,2.0,0.509
2024-10-25 12:30:00,149668,Nicaragua,21,1280.83,1279.99,-0.84,Venezuela,1512.63,L,0,9,Campeonato Panamericano Sub-12 | U-12 Pan American Championship - 2024,2.0,0.2912
2024-10-25 12:30:00,149668,Venezuela,6,1512.63,1513.48,0.84,Nicaragua,1280.83,W,9,0,Campeonato Panamericano Sub-12 | U-12 Pan American Championship - 2024,2.0,0.7088
2024-10-25 14:30:00,149665,Mexico,4,1588.13,1589.14,1.01,Puerto Rico,1487.18,W,7,2,Campeonato Panamericano Sub-12 | U-12 Pan American Championship - 2024,2.0,0.5957
2024-10-25 14:30:00,149665,Puerto Rico,8,1487.18,1486.17,-1.01,Mexico,1588.13,L,2,7,Campeonato Panamericano Sub-12 | U-12 Pan American Championship - 2024,2.0,0.4043
2024-10-26 09:30:00,152321,Panama,10,1468.35,1467.22,-1.13,Cuba,1498.56,L,1,5,Campeonato Panamericano Sub-12 | U-12 Pan American Championship - 2024,2.0,0.471
2024-10-26 09:30:00,152321,Cuba,7,1498.56,1499.69,1.13,Panama,1468.35,W,5,1,Campeonato Panamericano Sub-12 | U-12 Pan American Championship - 2024,2.0,0.529
2024-10-26 12:00:00,149670,Dominican Republic,12,1461.14,1460.44,-0.7,United States of America,1733.82,L,7,14,Campeonato Panamericano Sub-12 | U-12 Pan American Championship - 2024,2.0,0.2599
2024-10-26 12:00:00,149670,United States of America,2,1733.82,1734.53,0.7,Dominican Republic,1461.14,W,14,7,Campeonato Panamericano Sub-12 | U-12 Pan American Championship - 2024,2.0,0.7401
2024-10-29 09:00:00,151634,Malaysia,94,751.38,744.61,-6.78,Hong Kong,1072.32,L,1,16,BFA XIV East Asia Cup 2024,20.0,0.2259
2024-10-29 09:00:00,151634,Hong Kong,33,1072.32,1079.09,6.78,Malaysia,751.38,W,16,1,BFA XIV East Asia Cup 2024,20.0,0.7741
2024-10-29 13:30:00,151635,Thailand,56,815.56,829.46,13.9,Cambodia,777.42,W,14,4,BFA XIV East Asia Cup 2024,20.0,0.5365
2024-10-29 13:30:00,151635,Cambodia,86,777.42,763.51,-13.9,Thailand,815.56,L,4,14,BFA XIV East Asia Cup 2024,20.0,0.4635
2024-10-29 13:30:00,151636,Philippines,28,1125.42,1136.66,11.24,Indonesia,992.0,W,13,1,BFA XIV East Asia Cup 2024,20.0,0.6253
2024-10-29 13:30:00,151636,Indonesia,39,992.0,980.76,-11.24,Philippines,1125.42,L,1,13,BFA XIV East Asia Cup 2024,20.0,0.3747
2024-10-30 09:00:00,151637,Hong Kong,33,1079.09,1084.37,5.28,Cambodia,763.51,W,5,2,BFA XIV East Asia Cup 2024,20.0,0.7705
2024-10-30 09:00:00,151637,Cambodia,90,763.51,758.23,-5.28,Hong Kong,1079.09,L,2,5,BFA XIV East Asia Cup 2024,20.0,0.2295
2024-10-30 13:30:00,151638,Thailand,52,829.46,842.04,12.58,Malaysia,744.61,W,31,0,BFA XIV East Asia Cup 2024,20.0,0.5807
2024-10-30 13:30:00,151638,Malaysia,95,744.61,732.03,-12.58,Thailand,829.46,L,0,31,BFA XIV East Asia Cup 2024,20.0,0.4193
2024-10-30 13:30:00,151639,Singapore,92,758.02,752.33,-5.69,Philippines,1136.66,L,0,15,BFA XIV East Asia Cup 2024,20.0,0.1895
2024-10-30 13:30:00,151639,Philippines,28,1136.66,1142.35,5.69,Singapore,758.02,W,15,0,BFA XIV East Asia Cup 2024,20.0,0.8105
2024-10-31 09:00:00,151640,Hong Kong,32,1084.37,1092.01,7.64,Thailand,842.04,W,7,0,BFA XIV East Asia Cup 2024,20.0,0.7171
2024-10-31 09:00:00,151640,Thailand,51,842.04,834.4,-7.64,Hong Kong,1084.37,L,0,7,BFA XIV East Asia Cup 2024,20.0,0.2829
2024-10-31 13:30:00,151641,Cambodia,91,758.23,745.63,-12.6,Malaysia,732.03,L,8,12,BFA XIV East Asia Cup 2024,20.0,0.5251
2024-10-31 13:30:00,151641,Malaysia,96,732.03,744.63,12.6,Cambodia,758.23,W,12,8,BFA XIV East Asia Cup 2024,20.0,0.4749
2024-10-31 13:30:00,151642,Indonesia,41,980.76,965.22,-15.53,Singapore,752.33,L,9,11,BFA XIV East Asia Cup 2024,20.0,0.7061
2024-10-31 13:30:00,151642,Singapore,92,752.33,767.87,15.53,Indonesia,980.76,W,11,9,BFA XIV East Asia Cup 2024,20.0,0.2939
2024-11-01 09:00:00,152543,Hong Kong,32,1092.01,1098.72,6.71,Singapore,767.87,W,14,4,BFA XIV East Asia Cup 2024,20.0,0.7763
2024-11-01 09:00:00,152543,Singapore,89,767.87,761.16,-6.71,Hong Kong,1092.01,L,4,14,BFA XIV East Asia Cup 2024,20.0,0.2237
2024-11-01 13:30:00,152544,Indonesia,41,965.22,974.25,9.03,Cambodia,745.63,W,22,1,BFA XIV East Asia Cup 2024,20.0,0.699
2024-11-01 13:30:00,152544,Cambodia,94,745.63,736.6,-9.03,Indonesia,965.22,L,1,22,BFA XIV East Asia Cup 2024,20.0,0.301
2024-11-01 13:30:00,152545,Philippines,28,1142.35,1147.98,5.63,Thailand,834.4,W,9,5,BFA XIV East Asia Cup 2024,20.0,0.7653
2024-11-01 13:30:00,152545,Thailand,51,834.4,828.77,-5.63,Philippines,1142.35,L,5,9,BFA XIV East Asia Cup 2024,20.0,0.2347
2024-11-02 09:00:00,152546,Thailand,52,828.77,840.53,11.76,Singapore,761.16,W,10,3,BFA XIV East Asia Cup 2024,20.0,0.5645
2024-11-02 09:00:00,152546,Singapore,90,761.16,749.4,-11.76,Thailand,828.77,L,3,10,BFA XIV East Asia Cup 2024,20.0,0.4355
2024-11-02 13:30:00,152547,Malaysia,94,744.63,735.84,-8.79,Indonesia,974.25,L,4,14,BFA XIV East Asia Cup 2024,20.0,0.2929
2024-11-02 13:30:00,152547,Indonesia,41,974.25,983.04,8.79,Malaysia,744.63,W,14,4,BFA XIV East Asia Cup 2024,20.0,0.7071
2024-11-02 13:30:00,152548,Hong Kong,30,1098.72,1088.76,-9.96,Philippines,1147.98,L,2,4,BFA XIV East Asia Cup 2024,20.0,0.4529
2024-11-02 13:30:00,152548,Philippines,28,1147.98,1157.94,9.96,Hong Kong,1098.72,W,4,2,BFA XIV East Asia Cup 2024,20.0,0.5471
2024-11-03 10:00:00,152549,Thailand,51,840.53,849.21,8.68,Singapore,749.4,W,11,10,BFA XIV East Asia Cup 2024,20.0,0.5865
2024-11-03 10:00:00,152549,Singapore,92,749.4,740.71,-8.68,Thailand,840.53,L,10,11,BFA XIV East Asia Cup 2024,20.0,0.4135
2024-11-03 11:00:00,152550,Philippines,28,1157.94,1169.66,11.72,Hong Kong,1088.76,W,9,2,BFA XIV East Asia Cup 2024,20.0,0.566
2024-11-03 11:00:00,152550,Hong Kong,32,1088.76,1077.04,-11.72,Philippines,1157.94,L,2,9,BFA XIV East Asia Cup 2024,20.0,0.434
2024-11-09 13:00:00,144743,Netherlands,10,1467.81,1494.03,26.22,Panama,1467.22,W,9,8,WBSC Premier12 2024 presented by RAXUS,50.0,0.5006
2024-11-09 13:00:00,144743,Panama,11,1467.22,1441.0,-26.22,Netherlands,1467.81,L,8,9,WBSC Premier12 2024 presented by RAXUS,50.0,0.4994
2024-11-09 16:00:00,144744,United States of America,2,1734.53,1696.63,-37.89,Puerto Rico,1486.17,L,0,1,WBSC Premier12 2024 presented by RAXUS,50.0,0.7217
2024-11-09 16:00:00,144744,Puerto Rico,9,1486.17,1524.06,37.89,United States of America,1734.53,W,1,0,WBSC Premier12 2024 presented by RAXUS,50.0,0.2783
2024-11-09 20:20:00,144745,Mexico,4,1589.14,1554.82,-34.33,Venezuela,1513.48,L,4,8,WBSC Premier12 2024 presented by RAXUS,50.0,0.5721
2024-11-09 20:20:00,144745,Venezuela,7,1513.48,1547.8,34.33,Mexico,1589.14,W,8,4,WBSC Premier12 2024 presented by RAXUS,50.0,0.4279
2024-11-10 13:00:00,144746,Panama,12,1441.0,1474.06,33.06,Venezuela,1547.8,W,4,2,WBSC Premier12 2024 presented by RAXUS,50.0,0.3989
2024-11-10 13:00:00,144746,Venezuela,6,1547.8,1514.75,-33.06,Panama,1441.0,L,2,4,WBSC Premier12 2024 presented by RAXUS,50.0,0.6011
2024-11-10 16:00:00,144749,United States of America,2,1696.63,1720.25,23.61,Netherlands,1494.03,W,12,2,WBSC Premier12 2024 presented by RAXUS,50.0,0.6851
2024-11-10 16:00:00,144749,Netherlands,9,1494.03,1470.42,-23.61,United States of America,1696.63,L,2,12,WBSC Premier12 2024 presented by RAXUS,50.0,0.3149
2024-11-10 20:00:00,144751,Puerto Rico,6,1524.06,1498.18,-25.88,Mexico,1554.82,L,5,7,WBSC Premier12 2024 presented by RAXUS,50.0,0.4705
2024-11-10 20:00:00,144751,Mexico,5,1554.82,1580.7,25.88,Puerto Rico,1524.06,W,7,5,WBSC Premier12 2024 presented by RAXUS,50.0,0.5295
2024-11-11 19:00:00,144752,Venezuela,6,1514.75,1552.56,37.81,United States of America,1720.25,W,5,3,WBSC Premier12 2024 presented by RAXUS,50.0,0.3125
2024-11-11 19:00:00,144752,United States of America,2,1720.25,1682.43,-37.81,Venezuela,1514.75,L,3,5,WBSC Premier12 2024 presented by RAXUS,50.0,0.6875
2024-11-11 20:00:00,144754,Mexico,5,1580.7,1549.15,-31.55,Panama,1474.06,L,2,3,WBSC Premier12 2024 presented by RAXUS,50.0,0.6009
2024-11-11 20:00:00,144754,Panama,9,1474.06,1505.6,31.55,Mexico,1580.7,W,3,2,WBSC Premier12 2024 presented by RAXUS,50.0,0.3991
2024-11-12 19:00:00,144761,United States of America,2,1682.43,1704.31,21.88,Panama,1505.6,W,9,3,WBSC Premier12 2024 presented by RAXUS,50.0,0.6634
2024-11-12 19:00:00,144761,Panama,7,1505.6,1483.73,-21.88,United States of America,1682.43,L,3,9,WBSC Premier12 2024 presented by RAXUS,50.0,0.3366
2024-11-12 20:00:00,144763,Puerto Rico,8,1498.18,1458.68,-39.5,Netherlands,1470.42,L,8,20,WBSC Premier12 2024 presented by RAXUS,50.0,0.5266
2024-11-12 20:00:00,144763,Netherlands,11,1470.42,1509.91,39.5,Puerto Rico,1498.18,W,20,8,WBSC Premier12 2024 presented by RAXUS,50.0,0.4734
2024-11-13 13:00:00,144764,Venezuela,5,1552.56,1576.19,23.63,Puerto Rico,1458.68,W,5,2,WBSC Premier12 2024 presented by RAXUS,50.0,0.5891
2024-11-13 13:00:00,144764,Puerto Rico,12,1458.68,1435.06,-23.63,Venezuela,1552.56,L,2,5,WBSC Premier12 2024 presented by RAXUS,50.0,0.4109
2024-11-13 18:30:00,144784,Cuba,8,1499.69,1466.09,-33.6,Dominican Republic,1460.44,L,1,6,WBSC Premier12 2024 presented by RAXUS,50.0,0.5376
2024-11-13 18:30:00,144784,Dominican Republic,11,1460.44,1494.03,33.6,Cuba,1499.69,W,6,1,WBSC Premier12 2024 presented by RAXUS,50.0,0.4624
2024-11-13 18:30:00,144786,Chinese Taipei,3,1605.74,1633.17,27.43,Republic of Korea,1581.72,W,6,3,WBSC Premier12 2024 presented by RAXUS,50.0,0.523
2024-11-13 18:30:00,144786,Republic of Korea,4,1581.72,1554.29,-27.43,Chinese Taipei,1605.74,L,3,6,WBSC Premier12 2024 presented by RAXUS,50.0,0.477
2024-11-13 19:00:00,144783,Japan,1,1884.84,1895.92,11.08,Australia,1472.55,W,9,3,WBSC Premier12 2024 presented by RAXUS,50.0,0.8295
2024-11-13 19:00:00,144783,Australia,10,1472.55,1461.47,-11.08,Japan,1884.84,L,3,9,WBSC Premier12 2024 presented by RAXUS,50.0,0.1705
2024-11-13 20:00:00,144766,Netherlands,7,1509.91,1484.48,-25.43,Mexico,1549.15,L,6,8,WBSC Premier12 2024 presented by RAXUS,50.0,0.4624
2024-11-13 20:00:00,144766,Mexico,6,1549.15,1574.58,25.43,Netherlands,1509.91,W,8,6,WBSC Premier12 2024 presented by RAXUS,50.0,0.5376
2024-11-14 13:00:00,144769,Venezuela,4,1576.19,1607.15,30.97,Netherlands,1484.48,W,11,0,WBSC Premier12 2024 presented by RAXUS,50.0,0.5871
2024-11-14 13:00:00,144769,Netherlands,8,1484.48,1453.51,-30.97,Venezuela,1576.19,L,0,11,WBSC Premier12 2024 presented by RAXUS,50.0,0.4129
2024-11-14 18:00:00,144789,Republic of Korea,6,1554.29,1579.26,24.97,Cuba,1466.09,W,8,4,WBSC Premier12 2024 presented by RAXUS,50.0,0.5838
2024-11-14 18:00:00,144789,Cuba,9,1466.09,1441.12,-24.97,Republic of Korea,1554.29,L,4,8,WBSC Premier12 2024 presented by RAXUS,50.0,0.4162
2024-11-14 18:30:00,144791,Dominican Republic,7,1494.03,1474.63,-19.4,Chinese Taipei,1633.17,L,1,2,WBSC Premier12 2024 presented by RAXUS,50.0,0.3696
2024-11-14 18:30:00,144791,Chinese Taipei,3,1633.17,1652.57,19.4,Dominican Republic,1494.03,W,2,1,WBSC Premier12 2024 presented by RAXUS,50.0,0.6304
2024-11-14 19:00:00,144771,Panama,7,1483.73,1507.53,23.81,Puerto Rico,1435.06,W,4,3,WBSC Premier12 2024 presented by RAXUS,50.0,0.5466
2024-11-14 19:00:00,144771,Puerto Rico,12,1435.06,1411.25,-23.81,Panama,1483.73,L,3,4,WBSC Premier12 2024 presented by RAXUS,50.0,0.4534
2024-11-14 20:00:00,144773,Mexico,6,1574.58,1546.23,-28.35,United States of America,1704.31,L,2,12,WBSC Premier12 2024 presented by RAXUS,50.0,0.378
2024-11-14 20:00:00,144773,United States of America,2,1704.31,1732.66,28.35,Mexico,1574.58,W,12,2,WBSC Premier12 2024 presented by RAXUS,50.0,0.622
2024-11-15 15:00:00,144793,Australia,9,1461.47,1493.51,32.04,Dominican Republic,1474.63,W,5,0,WBSC Premier12 2024 presented by RAXUS,50.0,0.4874
2024-11-15 15:00:00,144793,Dominican Republic,8,1474.63,1442.59,-32.04,Australia,1461.47,L,0,5,WBSC Premier12 2024 presented by RAXUS,50.0,0.5126
2024-11-15 18:00:00,144795,Japan,1,1895.92,1909.08,13.15,Republic of Korea,1579.26,W,6,3,WBSC Premier12 2024 presented by RAXUS,50.0,0.7712
2024-11-15 18:00:00,144795,Republic of Korea,5,1579.26,1566.11,-13.15,Japan,1895.92,L,3,6,WBSC Premier12 2024 presented by RAXUS,50.0,0.2288
2024-11-16 11:00:00,153032,Chile,82,793.22,782.48,-10.75,Ecuador,827.37,L,2,5,Men's Baseball South American Championship 2024 - Campeonato Sudamericano de Mayores 2024,20.0,0.4673
2024-11-16 11:00:00,153032,Ecuador,53,827.37,838.12,10.75,Chile,793.22,W,5,2,Men's Baseball South American Championship 2024 - Campeonato Sudamericano de Mayores 2024,20.0,0.5327
2024-11-16 12:00:00,144797,Cuba,11,1441.12,1470.0,28.88,Australia,1493.51,W,4,3,WBSC Premier12 2024 presented by RAXUS,50.0,0.4499
2024-11-16 12:00:00,144797,Australia,8,1493.51,1464.63,-28.88,Cuba,1441.12,L,3,4,WBSC Premier12 2024 presented by RAXUS,50.0,0.5501
2024-11-16 16:00:00,153033,Argentina,25,1181.16,1186.52,5.37,Peru,902.49,W,2,1,Men's Baseball South American Championship 2024 - Campeonato Sudamericano de Mayores 2024,20.0,0.7445
2024-11-16 16:00:00,153033,Peru,45,902.49,897.12,-5.37,Argentina,1181.16,L,1,2,Men's Baseball South American Championship 2024 - Campeonato Sudamericano de Mayores 2024,20.0,0.2555
2024-11-16 18:00:00,144799,Chinese Taipei,3,1652.57,1637.61,-14.96,Japan,1909.08,L,1,3,WBSC Premier12 2024 presented by RAXUS,50.0,0.272
2024-11-16 18:00:00,144799,Japan,1,1909.08,1924.04,14.96,Chinese Taipei,1652.57,W,3,1,WBSC Premier12 2024 presented by RAXUS,50.0,0.728
2024-11-16 18:30:00,144798,Republic of Korea,5,1566.11,1588.17,22.06,Dominican Republic,1442.59,W,9,6,WBSC Premier12 2024 presented by RAXUS,50.0,0.6163
2024-11-16 18:30:00,144798,Dominican Republic,11,1442.59,1420.53,-22.06,Republic of Korea,1566.11,L,6,9,WBSC Premier12 2024 presented by RAXUS,50.0,0.3837
2024-11-17 11:00:00,153034,Brazil,20,1292.51,1279.31,-13.21,Argentina,1186.52,L,0,2,Men's Baseball South American Championship 2024 - Campeonato Sudamericano de Mayores 2024,20.0,0.6003
2024-11-17 11:00:00,153034,Argentina,25,1186.52,1199.73,13.21,Brazil,1292.51,W,2,0,Men's Baseball South American Championship 2024 - Campeonato Sudamericano de Mayores 2024,20.0,0.3997
2024-11-17 15:00:00,153035,Peru,45,897.12,880.7,-16.42,Chile,782.48,L,1,8,Men's Baseball South American Championship 2024 - Campeonato Sudamericano de Mayores 2024,20.0,0.6083
2024-11-17 15:00:00,153035,Chile,85,782.48,798.9,16.42,Peru,897.12,W,8,1,Men's Baseball South American Championship 2024 - Campeonato Sudamericano de Mayores 2024,20.0,0.3917
2024-11-17 18:00:00,144801,Japan,1,1924.04,1931.86,7.82,Cuba,1470.0,W,7,6,WBSC Premier12 2024 presented by RAXUS,50.0,0.851
2024-11-17 18:00:00,144801,Cuba,8,1470.0,1462.18,-7.82,Japan,1924.04,L,6,7,WBSC Premier12 2024 presented by RAXUS,50.0,0.149
2024-11-17 18:30:00,144803,Australia,8,1464.63,1440.84,-23.79,Chinese Taipei,1637.61,L,3,11,WBSC Premier12 2024 presented by RAXUS,50.0,0.3399
2024-11-17 18:30:00,144803,Chinese Taipei,3,1637.61,1661.4,23.79,Australia,1464.63,W,11,3,WBSC Premier12 2024 presented by RAXUS,50.0,0.6601
2024-11-18 11:00:00,153036,Chile,80,798.9,794.8,-4.1,Brazil,1279.31,L,0,10,Men's Baseball South American Championship 2024 - Campeonato Sudamericano de Mayores 2024,20.0,0.1366
2024-11-18 11:00:00,153036,Brazil,21,1279.31,1283.4,4.1,Chile,798.9,W,10,0,Men's Baseball South American Championship 2024 - Campeonato Sudamericano de Mayores 2024,20.0,0.8634
2024-11-18 12:00:00,144804,Republic of Korea,5,1588.17,1609.0,20.83,Australia,1440.84,W,5,2,WBSC Premier12 2024 presented by RAXUS,50.0,0.6377
2024-11-18 12:00:00,144804,Australia,10,1440.84,1420.01,-20.83,Republic of Korea,1588.17,L,2,5,WBSC Premier12 2024 presented by RAXUS,50.0,0.3623
2024-11-18 15:00:00,153037,Peru,46,880.7,893.1,12.4,Ecuador,838.12,W,7,0,Men's Baseball South American Championship 2024 - Campeonato Sudamericano de Mayores 2024,20.0,0.5408
2024-11-18 15:00:00,153037,Ecuador,52,838.12,825.72,-12.4,Peru,880.7,L,0,7,Men's Baseball South American Championship 2024 - Campeonato Sudamericano de Mayores 2024,20.0,0.4592
2024-11-18 18:00:00,144805,Dominican Republic,11,1420.53,1411.91,-8.63,Japan,1931.86,L,3,11,WBSC Premier12 2024 presented by RAXUS,50.0,0.1232
2024-11-18 18:00:00,144805,Japan,1,1931.86,1940.49,8.63,Dominican Republic,1420.53,W,11,3,WBSC Premier12 2024 presented by RAXUS,50.0,0.8768
2024-11-18 18:30:00,144806,Chinese Taipei,3,1661.4,1678.87,17.47,Cuba,1462.18,W,2,0,WBSC Premier12 2024 presented by RAXUS,50.0,0.6823
2024-11-18 18:30:00,144806,Cuba,8,1462.18,1444.7,-17.47,Chinese Taipei,1661.4,L,0,2,WBSC Premier12 2024 presented by RAXUS,50.0,0.3177
2024-11-19 11:00:00,153038,Brazil,20,1283.4,1288.89,5.48,Peru,893.1,W,11,1,Men's Baseball South American Championship 2024 - Campeonato Sudamericano de Mayores 2024,20.0,0.8173
2024-11-19 11:00:00,153038,Peru,46,893.1,887.62,-5.48,Brazil,1283.4,L,1,11,Men's Baseball South American Championship 2024 - Campeonato Sudamericano de Mayores 2024,20.0,0.1827
2024-11-19 15:00:00,153039,Ecuador,54,825.72,821.3,-4.42,Argentina,1199.73,L,3,6,Men's Baseball South American Championship 2024 - Campeonato Sudamericano de Mayores 2024,20.0,0.1923
2024-11-19 15:00:00,153039,Argentina,23,1199.73,1204.15,4.42,Ecuador,825.72,W,6,3,Men's Baseball South American Championship 2024 - Campeonato Sudamericano de Mayores 2024,20.0,0.8077
2024-11-20 11:00:00,153040,Argentina,23,1204.15,1209.31,5.16,Chile,794.8,W,11,1,Men's Baseball South American Championship 2024 - Campeonato Sudamericano de Mayores 2024,20.0,0.8279
2024-11-20 11:00:00,153040,Chile,81,794.8,789.64,-5.16,Argentina,1204.15,L,1,11,Men's Baseball South American Championship 2024 - Campeonato Sudamericano de Mayores 2024,20.0,0.1721
2024-11-20 15:00:00,153041,Ecuador,56,821.3,818.02,-3.28,Brazil,1288.89,L,3,6,Men's Baseball South American Championship 2024 - Campeonato Sudamericano de Mayores 2024,20.0,0.1425
2024-11-20 15:00:00,153041,Brazil,20,1288.89,1292.16,3.28,Ecuador,821.3,W,6,3,Men's Baseball South American Championship 2024 - Campeonato Sudamericano de Mayores 2024,20.0,0.8575
2024-11-21 11:00:00,153042,Brazil,20,1292.16,1295.97,3.81,Chile,789.64,W,10,0,Men's Baseball South American Championship 2024 - Campeonato Sudamericano de Mayores 2024,20.0,0.8731
2024-11-21 11:00:00,153042,Chile,84,789.64,785.83,-3.81,Brazil,1292.16,L,0,10,Men's Baseball South American Championship 2024 - Campeonato Sudamericano de Mayores 2024,20.0,0.1269
2024-11-21 12:00:00,147693,Venezuela,5,1607.15,1638.42,31.26,Chinese Taipei,1678.87,W,2,0,WBSC Premier12 2024 presented by RAXUS,50.0,0.4316
2024-11-21 12:00:00,147693,Chinese Taipei,3,1678.87,1647.61,-31.26,Venezuela,1607.15,L,0,2,WBSC Premier12 2024 presented by RAXUS,50.0,0.5684
2024-11-21 15:00:00,153043,Argentina,23,1209.31,1214.72,5.41,Peru,887.62,W,5,1,Men's Baseball South American Championship 2024 - Campeonato Sudamericano de Mayores 2024,20.0,0.7746
2024-11-21 15:00:00,153043,Peru,46,887.62,882.21,-5.41,Argentina,1209.31,L,1,5,Men's Baseball South American Championship 2024 - Campeonato Sudamericano de Mayores 2024,20.0,0.2254
2024-11-21 19:00:00,147694,Japan,1,1940.49,1962.23,21.74,United States of America,1732.66,W,9,1,WBSC Premier12 2024 presented by RAXUS,50.0,0.6895
2024-11-21 19:00:00,147694,United States of America,2,1732.66,1710.93,-21.74,Japan,1940.49,L,1,9,WBSC Premier12 2024 presented by RAXUS,50.0,0.3105
2024-11-22 12:00:00,147695,United States of America,2,1710.93,1674.5,-36.43,Chinese Taipei,1647.61,L,2,8,WBSC Premier12 2024 presented by RAXUS,50.0,0.5604
2024-11-22 12:00:00,147695,Chinese Taipei,3,1647.61,1684.04,36.43,United States of America,1710.93,W,8,2,WBSC Premier12 2024 presented by RAXUS,50.0,0.4396
2024-11-22 19:00:00,147698,Japan,1,1962.23,1975.1,12.88,Venezuela,1638.42,W,9,6,WBSC Premier12 2024 presented by RAXUS,50.0,0.776
2024-11-22 19:00:00,147698,Venezuela,4,1638.42,1625.54,-12.88,Japan,1962.23,L,6,9,WBSC Premier12 2024 presented by RAXUS,50.0,0.224
2024-11-23 09:00:00,153175,Venezuela,4,1625.54,1626.42,0.89,Dominican Republic,1411.91,W,11,2,XXIV Campeonato Panamericano Sub-10 - U-10 Pan American Championship 2024,2.0,0.6942
2024-11-23 09:00:00,153175,Dominican Republic,12,1411.91,1411.02,-0.89,Venezuela,1625.54,L,2,11,XXIV Campeonato Panamericano Sub-10 - U-10 Pan American Championship 2024,2.0,0.3058
2024-11-23 10:00:00,152712,Chinese Taipei,2,1684.04,1684.16,0.12,Thailand,849.21,W,24,0,BFA XI U12 Asian Baseball Championship 2024,2.0,0.961
2024-11-23 10:00:00,152712,Thailand,50,849.21,849.09,-0.12,Chinese Taipei,1684.04,L,0,24,BFA XI U12 Asian Baseball Championship 2024,2.0,0.039
2024-11-23 10:30:00,152713,Japan,1,1975.1,1975.24,0.14,China,1187.9,W,16,0,BFA XI U12 Asian Baseball Championship 2024,2.0,0.9535
2024-11-23 10:30:00,152713,China,25,1187.9,1187.77,-0.14,Japan,1975.1,L,0,16,BFA XI U12 Asian Baseball Championship 2024,2.0,0.0465
2024-11-23 11:00:00,153044,Chile,84,785.83,800.62,14.79,Peru,882.21,W,6,1,Men's Baseball South American Championship 2024 - Campeonato Sudamericano de Mayores 2024,20.0,0.4086
2024-11-23 11:00:00,153044,Peru,46,882.21,867.42,-14.79,Chile,785.83,L,1,6,Men's Baseball South American Championship 2024 - Campeonato Sudamericano de Mayores 2024,20.0,0.5914
2024-11-23 12:00:00,147699,Venezuela,4,1626.42,1602.59,-23.84,United States of America,1674.5,L,5,6,WBSC Premier12 2024 presented by RAXUS,50.0,0.454
2024-11-23 12:00:00,147699,United States of America,3,1674.5,1698.33,23.84,Venezuela,1626.42,W,6,5,WBSC Premier12 2024 presented by RAXUS,50.0,0.546
2024-11-23 14:00:00,152714,Republic of Korea,4,1609.0,1609.35,0.34,Hong Kong,1077.04,W,10,0,BFA XI U12 Asian Baseball Championship 2024,2.0,0.8851
2024-11-23 14:00:00,152714,Hong Kong,33,1077.04,1076.7,-0.34,Republic of Korea,1609.0,L,0,10,BFA XI U12 Asian Baseball Championship 2024,2.0,0.1149
2024-11-23 14:30:00,152715,India,84,790.14,789.57,-0.57,Philippines,1169.66,L,0,17,BFA XI U12 Asian Baseball Championship 2024,2.0,0.189
2024-11-23 14:30:00,152715,Philippines,27,1169.66,1170.23,0.57,India,790.14,W,17,0,BFA XI U12 Asian Baseball Championship 2024,2.0,0.811
2024-11-23 15:00:00,153045,Argentina,22,1214.72,1226.85,12.12,Brazil,1295.97,W,2,1,Men's Baseball South American Championship 2024 - Campeonato Sudamericano de Mayores 2024,20.0,0.4227
2024-11-23 15:00:00,153045,Brazil,19,1295.97,1283.85,-12.12,Argentina,1214.72,L,1,2,Men's Baseball South American Championship 2024 - Campeonato Sudamericano de Mayores 2024,20.0,0.5773
2024-11-23 16:00:00,153176,Puerto Rico,12,1411.25,1410.23,-1.02,Panama,1507.53,L,1,6,XXIV Campeonato Panamericano Sub-10 - U-10 Pan American Championship 2024,2.0,0.4087
2024-11-23 16:00:00,153176,Panama,7,1507.53,1508.55,1.02,Puerto Rico,1411.25,W,6,1,XXIV Campeonato Panamericano Sub-10 - U-10 Pan American Championship 2024,2.0,0.5913
2024-11-23 19:00:00,147701,Japan,1,1975.24,1989.42,14.18,Chinese Taipei,1684.16,W,9,6,WBSC Premier12 2024 presented by RAXUS,50.0,0.7534
2024-11-23 19:00:00,147701,Chinese Taipei,3,1684.16,1669.98,-14.18,Japan,1975.24,L,6,9,WBSC Premier12 2024 presented by RAXUS,50.0,0.2466
2024-11-23 19:00:00,153177,Mexico,6,1546.23,1547.03,0.8,Brazil,1283.85,W,17,2,XXIV Campeonato Panamericano Sub-10 - U-10 Pan American Championship 2024,2.0,0.7324
2024-11-23 19:00:00,153177,Brazil,20,1283.85,1283.05,-0.8,Mexico,1546.23,L,2,17,XXIV Campeonato Panamericano Sub-10 - U-10 Pan American Championship 2024,2.0,0.2676
2024-11-24 10:00:00,152716,China,25,1187.77,1188.3,0.53,India,789.57,W,15,0,BFA XI U12 Asian Baseball Championship 2024,2.0,0.8217
2024-11-24 10:00:00,152716,India,84,789.57,789.04,-0.53,China,1187.77,L,0,15,BFA XI U12 Asian Baseball Championship 2024,2.0,0.1783
2024-11-24 10:00:00,152717,Chinese Taipei,3,1669.98,1670.26,0.28,Hong Kong,1076.7,W,11,0,BFA XI U12 Asian Baseball Championship 2024,2.0,0.9069
2024-11-24 10:00:00,152717,Hong Kong,33,1076.7,1076.42,-0.28,Chinese Taipei,1669.98,L,0,11,BFA XI U12 Asian Baseball Championship 2024,2.0,0.0931
2024-11-24 12:00:00,147703,Venezuela,5,1602.59,1577.02,-25.57,United States of America,1698.33,L,1,6,WBSC Premier12 2024 presented by RAXUS,50.0,0.4092
2024-11-24 12:00:00,147703,United States of America,2,1698.33,1723.9,25.57,Venezuela,1602.59,W,6,1,WBSC Premier12 2024 presented by RAXUS,50.0,0.5908
2024-11-24 14:00:00,152718,Philippines,26,1170.23,1170.11,-0.12,Japan,1989.42,L,0,9,BFA XI U12 Asian Baseball Championship 2024,2.0,0.0413
2024-11-24 14:00:00,152718,Japan,1,1989.42,1989.54,0.12,Philippines,1170.23,W,9,0,BFA XI U12 Asian Baseball Championship 2024,2.0,0.9587
2024-11-24 14:00:00,152719,Thailand,50,849.09,848.94,-0.15,Republic of Korea,1609.35,L,0,35,BFA XI U12 Asian Baseball Championship 2024,2.0,0.0513
2024-11-24 14:00:00,152719,Republic of Korea,4,1609.35,1609.5,0.15,Thailand,849.09,W,35,0,BFA XI U12 Asian Baseball Championship 2024,2.0,0.9487
2024-11-24 19:00:00,147704,Japan,1,1989.54,1943.16,-46.38,Chinese Taipei,1670.26,L,0,4,WBSC Premier12 2024 presented by RAXUS,50.0,0.773
2024-11-24 19:00:00,147704,Chinese Taipei,3,1670.26,1716.64,46.38,Japan,1989.54,W,4,0,WBSC Premier12 2024 presented by RAXUS,50.0,0.227
2024-11-25 10:00:00,152720,China,25,1188.3,1189.36,1.06,Philippines,1170.11,W,2,0,BFA XI U12 Asian Baseball Championship 2024,2.0,0.5174
2024-11-25 10:00:00,152720,Philippines,27,1170.11,1169.05,-1.06,China,1188.3,L,0,2,BFA XI U12 Asian Baseball Championship 2024,2.0,0.4826
2024-11-25 10:00:00,152721,Hong Kong,33,1076.42,1077.3,0.88,Thailand,848.94,W,18,3,BFA XI U12 Asian Baseball Championship 2024,2.0,0.7054
2024-11-25 10:00:00,152721,Thailand,50,848.94,848.05,-0.88,Hong Kong,1076.42,L,3,18,BFA XI U12 Asian Baseball Championship 2024,2.0,0.2946
2024-11-25 10:00:00,153178,Venezuela,5,1577.02,1577.95,0.93,Puerto Rico,1410.23,W,17,10,XXIV Campeonato Panamericano Sub-10 - U-10 Pan American Championship 2024,2.0,0.6548
2024-11-25 10:00:00,153178,Puerto Rico,13,1410.23,1409.3,-0.93,Venezuela,1577.02,L,10,17,XXIV Campeonato Panamericano Sub-10 - U-10 Pan American Championship 2024,2.0,0.3452
2024-11-25 14:00:00,152722,Japan,1,1943.16,1943.2,0.04,India,789.04,W,22,0,BFA XI U12 Asian Baseball Championship 2024,2.0,0.9882
2024-11-25 14:00:00,152722,India,84,789.04,789.0,-0.04,Japan,1943.16,L,0,22,BFA XI U12 Asian Baseball Championship 2024,2.0,0.0118
2024-11-25 14:00:00,152723,Republic of Korea,4,1609.5,1610.76,1.26,Chinese Taipei,1716.64,W,1,0,BFA XI U12 Asian Baseball Championship 2024,2.0,0.3986
2024-11-25 14:00:00,152723,Chinese Taipei,3,1716.64,1715.38,-1.26,Republic of Korea,1609.5,L,0,1,BFA XI U12 Asian Baseball Championship 2024,2.0,0.6014
2024-11-25 15:00:00,153179,Panama,7,1508.55,1509.44,0.89,Brazil,1283.05,W,17,6,XXIV Campeonato Panamericano Sub-10 - U-10 Pan American Championship 2024,2.0,0.7038
2024-11-25 15:00:00,153179,Brazil,20,1283.05,1282.16,-0.89,Panama,1508.55,L,6,17,XXIV Campeonato Panamericano Sub-10 - U-10 Pan American Championship 2024,2.0,0.2962
2024-11-25 19:30:00,153180,Dominican Republic,12,1411.02,1409.9,-1.12,Mexico,1547.03,L,2,12,XXIV Campeonato Panamericano Sub-10 - U-10 Pan American Championship 2024,2.0,0.3724
2024-11-25 19:30:00,153180,Mexico,6,1547.03,1548.15,1.12,Dominican Republic,1411.02,W,12,2,XXIV Campeonato Panamericano Sub-10 - U-10 Pan American Championship 2024,2.0,0.6276
2024-11-26 10:00:00,153181,Brazil,20,1282.16,1283.52,1.36,Puerto Rico,1409.3,W,3,1,XXIV Campeonato Panamericano Sub-10 - U-10 Pan American Championship 2024,2.0,0.3804
2024-11-26 10:00:00,153181,Puerto Rico,13,1409.3,1407.93,-1.36,Brazil,1282.16,L,1,3,XXIV Campeonato Panamericano Sub-10 - U-10 Pan American Championship 2024,2.0,0.6196
2024-11-26 16:00:00,153182,Panama,7,1509.44,1507.96,-1.49,Dominican Republic,1409.9,L,3,8,XXIV Campeonato Panamericano Sub-10 - U-10 Pan American Championship 2024,2.0,0.5944
2024-11-26 16:00:00,153182,Dominican Republic,12,1409.9,1411.39,1.49,Panama,1509.44,W,8,3,XXIV Campeonato Panamericano Sub-10 - U-10 Pan American Championship 2024,2.0,0.4056
2024-11-26 19:00:00,153183,Mexico,6,1548.15,1549.31,1.16,Venezuela,1577.95,W,4,2,XXIV Campeonato Panamericano Sub-10 - U-10 Pan American Championship 2024,2.0,0.4714
2024-11-26 19:00:00,153183,Venezuela,5,1577.95,1576.79,-1.16,Mexico,1548.15,L,2,4,XXIV Campeonato Panamericano Sub-10 - U-10 Pan American Championship 2024,2.0,0.5286
2024-11-27 10:00:00,152724,India,84,789.0,788.03,-0.98,Thailand,848.05,L,4,6,BFA XI U12 Asian Baseball Championship 2024,2.0,0.4436
2024-11-27 10:00:00,152724,Thailand,50,848.05,849.03,0.98,India,789.0,W,6,4,BFA XI U12 Asian Baseball Championship 2024,2.0,0.5564
2024-11-27 10:00:00,152725,Chinese Taipei,3,1715.38,1715.73,0.35,China,1189.36,W,16,0,BFA XI U12 Asian Baseball Championship 2024,2.0,0.8827
2024-11-27 10:00:00,152725,China,25,1189.36,1189.01,-0.35,Chinese Taipei,1715.38,L,0,16,BFA XI U12 Asian Baseball Championship 2024,2.0,0.1173
2024-11-27 10:00:00,153184,Puerto Rico,13,1407.93,1408.99,1.06,Dominican Republic,1411.39,W,6,5,XXIV Campeonato Panamericano Sub-10 - U-10 Pan American Championship 2024,2.0,0.4967
2024-11-27 10:00:00,153184,Dominican Republic,12,1411.39,1410.33,-1.06,Puerto Rico,1407.93,L,5,6,XXIV Campeonato Panamericano Sub-10 - U-10 Pan American Championship 2024,2.0,0.5033
2024-11-27 14:00:00,152726,Hong Kong,33,1077.3,1076.15,-1.16,Philippines,1169.05,L,1,9,BFA XI U12 Asian Baseball Championship 2024,2.0,0.4129
2024-11-27 14:00:00,152726,Philippines,27,1169.05,1170.2,1.16,Hong Kong,1077.3,W,9,1,BFA XI U12 Asian Baseball Championship 2024,2.0,0.5871
2024-11-27 14:00:00,152727,Republic of Korea,4,1610.76,1612.48,1.72,Japan,1943.2,W,2,0,BFA XI U12 Asian Baseball Championship 2024,2.0,0.2183
2024-11-27 14:00:00,152727,Japan,1,1943.2,1941.48,-1.72,Republic of Korea,1610.76,L,0,2,BFA XI U12 Asian Baseball Championship 2024,2.0,0.7817
2024-11-27 16:00:00,153185,Brazil,20,1283.52,1282.79,-0.74,Venezuela,1576.79,L,7,17,XXIV Campeonato Panamericano Sub-10 - U-10 Pan American Championship 2024,2.0,0.245
2024-11-27 16:00:00,153185,Venezuela,5,1576.79,1577.52,0.74,Brazil,1283.52,W,17,7,XXIV Campeonato Panamericano Sub-10 - U-10 Pan American Championship 2024,2.0,0.755
2024-11-27 19:00:00,153186,Mexico,6,1549.31,1550.46,1.15,Panama,1507.96,W,7,2,XXIV Campeonato Panamericano Sub-10 - U-10 Pan American Championship 2024,2.0,0.5396
2024-11-27 19:00:00,153186,Panama,7,1507.96,1506.81,-1.15,Mexico,1549.31,L,2,7,XXIV Campeonato Panamericano Sub-10 - U-10 Pan American Championship 2024,2.0,0.4604
2024-11-28 10:00:00,152728,Hong Kong,33,1076.15,1076.89,0.75,India,788.03,W,16,1,BFA XI U12 Asian Baseball Championship 2024,2.0,0.7513
2024-11-28 10:00:00,152728,India,84,788.03,787.28,-0.75,Hong Kong,1076.15,L,1,16,BFA XI U12 Asian Baseball Championship 2024,2.0,0.2487
2024-11-28 10:00:00,152729,Republic of Korea,4,1612.48,1612.94,0.46,China,1189.01,W,8,0,BFA XI U12 Asian Baseball Championship 2024,2.0,0.8355
2024-11-28 10:00:00,152729,China,25,1189.01,1188.55,-0.46,Republic of Korea,1612.48,L,0,8,BFA XI U12 Asian Baseball Championship 2024,2.0,0.1645
2024-11-28 10:00:00,153187,Dominican Republic,12,1410.33,1411.39,1.06,Brazil,1282.79,W,14,6,XXIV Campeonato Panamericano Sub-10 - U-10 Pan American Championship 2024,2.0,0.62
2024-11-28 10:00:00,153187,Brazil,20,1282.79,1281.72,-1.06,Dominican Republic,1410.33,L,6,14,XXIV Campeonato Panamericano Sub-10 - U-10 Pan American Championship 2024,2.0,0.38
2024-11-28 14:00:00,152730,Philippines,26,1170.2,1170.88,0.68,Thailand,849.03,W,19,0,BFA XI U12 Asian Baseball Championship 2024,2.0,0.7743
2024-11-28 14:00:00,152730,Thailand,50,849.03,848.35,-0.68,Philippines,1170.2,L,0,19,BFA XI U12 Asian Baseball Championship 2024,2.0,0.2257
2024-11-28 14:00:00,152731,Japan,1,1941.48,1940.0,-1.48,Chinese Taipei,1715.73,L,0,1,BFA XI U12 Asian Baseball Championship 2024,2.0,0.704
2024-11-28 14:00:00,152731,Chinese Taipei,3,1715.73,1717.21,1.48,Japan,1941.48,W,1,0,BFA XI U12 Asian Baseball Championship 2024,2.0,0.296
2024-11-28 16:00:00,153188,Venezuela,5,1577.52,1575.87,-1.65,Panama,1506.81,L,0,9,XXIV Campeonato Panamericano Sub-10 - U-10 Pan American Championship 2024,2.0,0.5674
2024-11-28 16:00:00,153188,Panama,7,1506.81,1508.45,1.65,Venezuela,1577.52,W,9,0,XXIV Campeonato Panamericano Sub-10 - U-10 Pan American Championship 2024,2.0,0.4326
2024-11-28 19:00:00,153189,Puerto Rico,13,1408.99,1408.03,-0.96,Mexico,1550.46,L,6,12,XXIV Campeonato Panamericano Sub-10 - U-10 Pan American Championship 2024,2.0,0.3675
2024-11-28 19:00:00,153189,Mexico,6,1550.46,1551.42,0.96,Puerto Rico,1408.99,W,12,6,XXIV Campeonato Panamericano Sub-10 - U-10 Pan American Championship 2024,2.0,0.6325
2024-11-29 10:00:00,152732,Japan,1,1940.0,1940.16,0.16,China,1188.55,W,10,0,BFA XI U12 Asian Baseball Championship 2024,2.0,0.947
2024-11-29 10:00:00,152732,China,25,1188.55,1188.39,-0.16,Japan,1940.0,L,0,10,BFA XI U12 Asian Baseball Championship 2024,2.0,0.053
2024-11-29 10:00:00,153190,Brazil,20,1281.72,1283.14,1.42,Puerto Rico,1408.03,W,13,10,XXIV Campeonato Panamericano Sub-10 - U-10 Pan American Championship 2024,2.0,0.3811
2024-11-29 10:00:00,153190,Puerto Rico,13,1408.03,1406.61,-1.42,Brazil,1281.72,L,10,13,XXIV Campeonato Panamericano Sub-10 - U-10 Pan American Championship 2024,2.0,0.6189
2024-11-29 14:00:00,152733,Republic of Korea,4,1612.94,1611.98,-0.96,Chinese Taipei,1717.21,L,1,5,BFA XI U12 Asian Baseball Championship 2024,2.0,0.4013
2024-11-29 14:00:00,152733,Chinese Taipei,3,1717.21,1718.17,0.96,Republic of Korea,1612.94,W,5,1,BFA XI U12 Asian Baseball Championship 2024,2.0,0.5987
2024-11-29 16:00:00,153191,Panama,7,1508.45,1507.54,-0.91,Venezuela,1575.87,L,2,3,XXIV Campeonato Panamericano Sub-10 - U-10 Pan American Championship 2024,2.0,0.4357
2024-11-29 16:00:00,153191,Venezuela,5,1575.87,1576.79,0.91,Panama,1508.45,W,3,2,XXIV Campeonato Panamericano Sub-10 - U-10 Pan American Championship 2024,2.0,0.5643
2024-11-29 19:00:00,153192,Mexico,6,1551.42,1552.19,0.77,Dominican Republic,1411.39,W,1,0,XXIV Campeonato Panamericano Sub-10 - U-10 Pan American Championship 2024,2.0,0.6312
2024-11-29 19:00:00,153192,Dominican Republic,12,1411.39,1410.62,-0.77,Mexico,1551.42,L,0,1,XXIV Campeonato Panamericano Sub-10 - U-10 Pan American Championship 2024,2.0,0.3688
2024-11-30 10:00:00,153193,Panama,7,1507.54,1508.64,1.1,Dominican Republic,1410.62,W,13,6,XXIV Campeonato Panamericano Sub-10 - U-10 Pan American Championship 2024,2.0,0.5919
2024-11-30 10:00:00,153193,Dominican Republic,12,1410.62,1409.52,-1.1,Panama,1507.54,L,6,13,XXIV Campeonato Panamericano Sub-10 - U-10 Pan American Championship 2024,2.0,0.4081
2024-11-30 12:30:00,153194,Mexico,6,1552.19,1553.55,1.36,Venezuela,1576.79,W,6,0,XXIV Campeonato Panamericano Sub-10 - U-10 Pan American Championship 2024,2.0,0.4764
2024-11-30 12:30:00,153194,Venezuela,5,1576.79,1575.43,-1.36,Mexico,1552.19,L,0,6,XXIV Campeonato Panamericano Sub-10 - U-10 Pan American Championship 2024,2.0,0.5236
2024-12-02 10:30:00,153376,Australia,11,1420.01,1420.25,0.24,Guam,993.45,W,19,4,U-12 Baseball WBSC Oceania Championship 2024,1.0,0.8371
2024-12-02 10:30:00,153376,Guam,38,993.45,993.21,-0.24,Australia,1420.01,L,4,19,U-12 Baseball WBSC Oceania Championship 2024,1.0,0.1629
2024-12-05 11:00:00,153197,Australia,11,1420.25,1420.39,0.14,New Zealand,825.62,W,10,0,U-18 Baseball WBSC Oceania Championship 2024,1.0,0.9074
2024-12-05 11:00:00,153197,New Zealand,54,825.62,825.48,-0.14,Australia,1420.25,L,0,10,U-18 Baseball WBSC Oceania Championship 2024,1.0,0.0926
2024-12-05 15:00:00,153198,Australia,11,1420.39,1420.49,0.1,New Zealand,825.48,W,4,2,U-18 Baseball WBSC Oceania Championship 2024,1.0,0.9075
2024-12-05 15:00:00,153198,New Zealand,54,825.48,825.38,-0.1,Australia,1420.39,L,2,4,U-18 Baseball WBSC Oceania Championship 2024,1.0,0.0925
2024-12-06 15:00:00,153200,New Zealand,54,825.38,825.24,-0.14,Australia,1420.49,L,6,19,U-18 Baseball WBSC Oceania Championship 2024,1.0,0.0925
2024-12-06 15:00:00,153200,Australia,11,1420.49,1420.63,0.14,New Zealand,825.38,W,19,6,U-18 Baseball WBSC Oceania Championship 2024,1.0,0.9075
2024-12-08 13:00:00,153201,New Zealand,54,825.24,825.1,-0.14,Australia,1420.63,L,1,11,U-18 Baseball WBSC Oceania Championship 2024,1.0,0.0924
2024-12-08 13:00:00,153201,Australia,11,1420.63,1420.77,0.14,New Zealand,825.24,W,11,1,U-18 Baseball WBSC Oceania Championship 2024,1.0,0.9076
2024-12-08 16:00:00,153202,New Zealand,54,825.1,824.98,-0.12,Australia,1420.77,L,0,5,U-18 Baseball WBSC Oceania Championship 2024,1.0,0.0923
2024-12-08 16:00:00,153202,Australia,11,1420.77,1420.88,0.12,New Zealand,825.1,W,5,0,U-18 Baseball WBSC Oceania Championship 2024,1.0,0.9077
2025-02-21,790394,Nicaragua,21,1279.99,1305.78,25.79,South Africa,1067.87,W,2,1,World Baseball Classic Qualifiers,80.0,0.693
2025-02-21,790394,South Africa,34,1067.87,1042.08,-25.79,Nicaragua,1279.99,L,1,2,World Baseball Classic Qualifiers,80.0,0.307
2025-02-21,790395,Chinese Taipei,3,1718.17,1633.53,-84.64,Spain,1382.68,L,5,12,World Baseball Classic Qualifiers,80.0,0.7837
2025-02-21,790395,Spain,14,1382.68,1467.33,84.64,Chinese Taipei,1718.17,W,12,5,World Baseball Classic Qualifiers,80.0,0.2163
2025-02-22,790393,Nicaragua,19,1305.78,1360.39,54.62,Spain,1467.33,W,2,1,World Baseball Classic Qualifiers,80.0,0.3498
2025-02-22,790393,Spain,8,1467.33,1412.71,-54.62,Nicaragua,1305.78,L,1,2,World Baseball Classic Qualifiers,80.0,0.6502
2025-02-22,790392,South Africa,35,1042.08,1031.59,-10.49,Chinese Taipei,1633.53,L,1,9,World Baseball Classic Qualifiers,80.0,0.0937
2025-02-22,790392,Chinese Taipei,3,1633.53,1644.02,10.49,South Africa,1042.08,W,9,1,World Baseball Classic Qualifiers,80.0,0.9063
2025-02-23,790391,Spain,12,1412.71,1433.77,21.06,South Africa,1031.59,W,9,1,World Baseball Classic Qualifiers,80.0,0.8119
2025-02-23,790391,South Africa,36,1031.59,1010.52,-21.06,Spain,1412.71,L,1,9,World Baseball Classic Qualifiers,80.0,0.1881
2025-02-23,790389,Chinese Taipei,3,1644.02,1566.22,-77.8,Nicaragua,1360.39,L,0,6,World Baseball Classic Qualifiers,80.0,0.7481
2025-02-23,790389,Nicaragua,17,1360.39,1438.2,77.8,Chinese Taipei,1644.02,W,6,0,World Baseball Classic Qualifiers,80.0,0.2519
2025-02-25,790390,Spain,11,1433.77,1399.22,-34.55,Chinese Taipei,1566.22,L,3,6,World Baseball Classic Qualifiers,80.0,0.3756
2025-02-25,790390,Chinese Taipei,5,1566.22,1600.77,34.55,Spain,1433.77,W,6,3,World Baseball Classic Qualifiers,80.0,0.6244
2025-03-02,790388,Germany,20,1294.65,1342.59,47.93,China,1188.39,W,12,2,World Baseball Classic Qualifiers,80.0,0.6006
2025-03-02,790388,China,25,1188.39,1140.46,-47.93,Germany,1294.65,L,2,12,World Baseball Classic Qualifiers,80.0,0.3994
2025-03-02,790387,Colombia,16,1375.26,1416.51,41.25,Brazil,1283.14,W,5,0,World Baseball Classic Qualifiers,80.0,0.5875
2025-03-02,790387,Brazil,21,1283.14,1241.89,-41.25,Colombia,1375.26,L,0,5,World Baseball Classic Qualifiers,80.0,0.4125
2025-03-03,790386,Germany,19,1342.59,1290.19,-52.4,Brazil,1241.89,L,7,9,World Baseball Classic Qualifiers,80.0,0.5954
2025-03-03,790386,Brazil,21,1241.89,1294.29,52.4,Germany,1342.59,W,9,7,World Baseball Classic Qualifiers,80.0,0.4046
2025-03-03,790384,China,28,1140.46,1112.66,-27.8,Colombia,1416.51,L,1,8,World Baseball Classic Qualifiers,80.0,0.2574
2025-03-03,790384,Colombia,13,1416.51,1444.31,27.8,China,1140.46,W,8,1,World Baseball Classic Qualifiers,80.0,0.7426
2025-03-04,790385,Brazil,20,1294.29,1334.18,39.9,China,1112.66,W,12,2,World Baseball Classic Qualifiers,80.0,0.6675
2025-03-04,790385,China,28,1112.66,1072.76,-39.9,Brazil,1294.29,L,2,12,World Baseball Classic Qualifiers,80.0,0.3325
2025-03-04,790383,Colombia,10,1444.31,1487.07,42.76,Germany,1290.19,W,10,0,World Baseball Classic Qualifiers,80.0,0.6437
2025-03-04,790383,Germany,21,1290.19,1247.43,-42.76,Colombia,1444.31,L,0,10,World Baseball Classic Qualifiers,80.0,0.3563
2025-03-06,790382,Brazil,20,1334.18,1370.93,36.74,Germany,1247.43,W,6,4,World Baseball Classic Qualifiers,80.0,0.5825
2025-03-06,790382,Germany,21,1247.43,1210.69,-36.74,Brazil,1334.18,L,4,6,World Baseball Classic Qualifiers,80.0,0.4175
2025-05-15 09:30:00,169670,Palestine,49,866.73,877.34,10.61,India,787.28,W,6,1,BFA XVI West Asia Cup 2025,20.0,0.5756
2025-05-15 09:30:00,169670,India,84,787.28,776.67,-10.61,Palestine,866.73,L,1,6,BFA XVI West Asia Cup 2025,20.0,0.4244
2025-05-15 14:00:00,169669,Iran,69,800.0,810.19,10.19,Bangladesh,784.61,W,7,6,BFA XVI West Asia Cup 2025,20.0,0.5148
2025-05-15 14:00:00,169669,Bangladesh,84,784.61,774.42,-10.19,Iran,800.0,L,6,7,BFA XVI West Asia Cup 2025,20.0,0.4852
2025-05-16 09:00:00,169671,Sri Lanka,42,925.93,912.51,-13.43,India,776.67,L,2,3,BFA XVI West Asia Cup 2025,20.0,0.6394
2025-05-16 09:00:00,169671,India,84,776.67,790.1,13.43,Sri Lanka,925.93,W,3,2,BFA XVI West Asia Cup 2025,20.0,0.3606
2025-05-16 12:00:00,169672,Afghanistan,85,776.64,764.5,-12.14,Palestine,877.34,L,7,22,BFA XVI West Asia Cup 2025,20.0,0.4046
2025-05-16 12:00:00,169672,Palestine,47,877.34,889.48,12.14,Afghanistan,776.64,W,22,7,BFA XVI West Asia Cup 2025,20.0,0.5954
2025-05-16 15:00:00,169673,Bangladesh,86,774.42,768.51,-5.91,Pakistan,1065.88,L,6,10,BFA XVI West Asia Cup 2025,20.0,0.2463
2025-05-16 15:00:00,169673,Pakistan,34,1065.88,1071.79,5.91,Bangladesh,774.42,W,10,6,BFA XVI West Asia Cup 2025,20.0,0.7537
2025-05-17 10:00:00,169674,Pakistan,34,1071.79,1079.84,8.05,Iran,810.19,W,14,0,BFA XVI West Asia Cup 2025,20.0,0.7318
2025-05-17 10:00:00,169674,Iran,57,810.19,802.14,-8.05,Pakistan,1071.79,L,0,14,BFA XVI West Asia Cup 2025,20.0,0.2682
2025-05-17 14:00:00,169675,Sri Lanka,43,912.51,920.1,7.6,Afghanistan,764.5,W,7,6,BFA XVI West Asia Cup 2025,20.0,0.6383
2025-05-17 14:00:00,169675,Afghanistan,89,764.5,756.9,-7.6,Sri Lanka,912.51,L,6,7,BFA XVI West Asia Cup 2025,20.0,0.3617
2025-05-18 10:00:00,169676,India,84,790.1,803.21,13.11,Afghanistan,756.9,W,12,4,BFA XVI West Asia Cup 2025,20.0,0.5318
2025-05-18 10:00:00,169676,Afghanistan,90,756.9,743.79,-13.11,India,790.1,L,4,12,BFA XVI West Asia Cup 2025,20.0,0.4682
2025-05-18 14:00:00,169677,Palestine,46,889.48,903.24,13.76,Sri Lanka,920.1,W,11,5,BFA XVI West Asia Cup 2025,20.0,0.4707
2025-05-18 14:00:00,169677,Sri Lanka,42,920.1,906.34,-13.76,Palestine,889.48,L,5,11,BFA XVI West Asia Cup 2025,20.0,0.5293
2025-05-19 09:00:00,169678,Bangladesh,87,768.51,757.38,-11.12,Sri Lanka,906.34,L,0,18,BFA XVI West Asia Cup 2025,20.0,0.3708
2025-05-19 09:00:00,169678,Sri Lanka,44,906.34,917.46,11.12,Bangladesh,768.51,W,18,0,BFA XVI West Asia Cup 2025,20.0,0.6292
2025-05-19 14:00:00,169679,Palestine,45,903.24,915.37,12.13,Iran,802.14,W,17,3,BFA XVI West Asia Cup 2025,20.0,0.5958
2025-05-19 14:00:00,169679,Iran,60,802.14,790.02,-12.13,Palestine,903.24,L,3,17,BFA XVI West Asia Cup 2025,20.0,0.4042
2025-05-20 09:00:00,170646,Afghanistan,93,743.79,729.18,-14.61,Bangladesh,757.38,L,0,21,BFA XVI West Asia Cup 2025,20.0,0.487
2025-05-20 09:00:00,170646,Bangladesh,89,757.38,771.99,14.61,Afghanistan,743.79,W,21,0,BFA XVI West Asia Cup 2025,20.0,0.513
2025-05-20 14:00:00,170647,Pakistan,32,1079.84,1087.55,7.71,India,803.21,W,14,1,BFA XVI West Asia Cup 2025,20.0,0.743
2025-05-20 14:00:00,170647,India,59,803.21,795.5,-7.71,Pakistan,1079.84,L,1,14,BFA XVI West Asia Cup 2025,20.0,0.257
2025-05-21 09:00:00,170648,Iran,84,790.02,801.64,11.62,India,795.5,W,6,3,BFA XVI West Asia Cup 2025,20.0,0.4947
2025-05-21 09:00:00,170648,India,81,795.5,783.88,-11.62,Iran,790.02,L,3,6,BFA XVI West Asia Cup 2025,20.0,0.5053
2025-05-21 14:00:00,170649,Palestine,44,915.37,929.22,13.85,Pakistan,1087.55,W,5,4,BFA XVI West Asia Cup 2025,20.0,0.3406
2025-05-21 14:00:00,170649,Pakistan,31,1087.55,1073.7,-13.85,Palestine,915.37,L,4,5,BFA XVI West Asia Cup 2025,20.0,0.6594
2025-07-01 10:00:00,166924,Poland,85,776.46,776.21,-0.25,Spain,1399.22,L,2,14,U-12 Baseball European Championship B Pool 2025,2.0,0.0839
2025-07-01 10:00:00,166924,Spain,16,1399.22,1399.47,0.25,Poland,776.46,W,14,2,U-12 Baseball European Championship B Pool 2025,2.0,0.9161
2025-07-01 13:30:00,166926,Great Britain,19,1348.27,1348.55,0.27,Romania,747.94,W,13,3,U-12 Baseball European Championship B Pool 2025,2.0,0.9092
2025-07-01 13:30:00,166926,Romania,91,747.94,747.67,-0.27,Great Britain,1348.27,L,3,13,U-12 Baseball European Championship B Pool 2025,2.0,0.0908
2025-07-01 17:00:00,166927,Hungary,46,895.72,894.61,-1.11,Lithuania,1035.21,L,5,22,U-12 Baseball European Championship B Pool 2025,2.0,0.3693
2025-07-01 17:00:00,166927,Lithuania,35,1035.21,1036.32,1.11,Hungary,895.72,W,22,5,U-12 Baseball European Championship B Pool 2025,2.0,0.6307
2025-07-02 09:00:00,160668,Netherlands,9,1453.51,1454.04,0.53,Ukraine,1109.84,W,10,5,U-12 Baseball European Championship 2025,2.0,0.789
2025-07-02 09:00:00,160668,Ukraine,28,1109.84,1109.31,-0.53,Netherlands,1453.51,L,5,10,U-12 Baseball European Championship 2025,2.0,0.211
2025-07-02 10:00:00,166929,Lithuania,35,1036.32,1034.12,-2.19,Poland,776.21,L,0,15,U-12 Baseball European Championship B Pool 2025,2.0,0.7307
2025-07-02 10:00:00,166929,Poland,85,776.21,778.4,2.19,Lithuania,1036.32,W,15,0,U-12 Baseball European Championship B Pool 2025,2.0,0.2693
2025-07-02 10:00:00,171937,Northern Mariana Islands,77,800.0,814.22,14.22,Guam,993.21,W,7,6,Men's Baseball Pacific Mini Games 2025 (Palau),20.0,0.3227
2025-07-02 10:00:00,171937,Guam,38,993.21,978.98,-14.22,Northern Mariana Islands,800.0,L,6,7,Men's Baseball Pacific Mini Games 2025 (Palau),20.0,0.6773
2025-07-02 12:00:00,160669,Germany,23,1210.69,1212.07,1.38,Belgium,1170.15,W,17,2,U-12 Baseball European Championship 2025,2.0,0.5388
2025-07-02 12:00:00,160669,Belgium,26,1170.15,1168.76,-1.38,Germany,1210.69,L,2,17,U-12 Baseball European Championship 2025,2.0,0.4612
2025-07-02 13:30:00,166930,Romania,91,747.67,746.82,-0.85,Slovakia,990.29,L,3,13,U-12 Baseball European Championship B Pool 2025,2.0,0.2827
2025-07-02 13:30:00,166930,Slovakia,38,990.29,991.14,0.85,Romania,747.67,W,13,3,U-12 Baseball European Championship B Pool 2025,2.0,0.7173
2025-07-02 13:30:00,171939,Palau,76,800.0,813.0,13.0,Federated States of Micronesia,800.0,W,7,1,Men's Baseball Pacific Mini Games 2025 (Palau),20.0,0.5
2025-07-02 13:30:00,171939,Federated States of Micronesia,75,800.0,787.0,-13.0,Palau,800.0,L,1,7,Men's Baseball Pacific Mini Games 2025 (Palau),20.0,0.5
2025-07-02 15:00:00,160670,Italy,18,1366.86,1367.71,0.84,France,1190.67,W,6,1,U-12 Baseball European Championship 2025,2.0,0.6629
2025-07-02 15:00:00,160670,France,24,1190.67,1189.83,-0.84,Italy,1366.86,L,1,6,U-12 Baseball European Championship 2025,2.0,0.3371
2025-07-02 17:00:00,166931,Spain,16,1399.47,1399.85,0.38,Hungary,894.61,W,20,5,U-12 Baseball European Championship B Pool 2025,2.0,0.8741
2025-07-02 17:00:00,166931,Hungary,46,894.61,894.23,-0.38,Spain,1399.47,L,5,20,U-12 Baseball European Championship B Pool 2025,2.0,0.1259
2025-07-02 17:00:00,171936,Guam,41,978.98,989.02,10.04,Fiji,800.0,W,10,0,Men's Baseball Pacific Mini Games 2025 (Palau),20.0,0.6653
2025-07-02 17:00:00,171936,Fiji,70,800.0,789.96,-10.04,Guam,978.98,L,0,10,Men's Baseball Pacific Mini Games 2025 (Palau),20.0,0.3347
2025-07-02 18:00:00,160671,Czechia,20,1341.92,1342.76,0.84,Austria,1094.03,W,17,2,U-12 Baseball European Championship 2025,2.0,0.7214
2025-07-02 18:00:00,160671,Austria,29,1094.03,1093.19,-0.84,Czechia,1341.92,L,2,17,U-12 Baseball European Championship 2025,2.0,0.2786
2025-07-03 09:00:00,160672,Italy,18,1367.71,1368.66,0.95,Belgium,1168.76,W,17,2,U-12 Baseball European Championship 2025,2.0,0.6821
2025-07-03 09:00:00,160672,Belgium,26,1168.76,1167.81,-0.95,Italy,1367.71,L,2,17,U-12 Baseball European Championship 2025,2.0,0.3179
2025-07-03 10:00:00,166933,Lithuania,35,1034.12,1033.53,-0.59,Spain,1399.85,L,0,35,U-12 Baseball European Championship B Pool 2025,2.0,0.1973
2025-07-03 10:00:00,166933,Spain,16,1399.85,1400.44,0.59,Lithuania,1034.12,W,35,0,U-12 Baseball European Championship B Pool 2025,2.0,0.8027
2025-07-03 10:00:00,171940,Fiji,82,789.96,776.61,-13.35,Northern Mariana Islands,814.22,L,7,15,Men's Baseball Pacific Mini Games 2025 (Palau),20.0,0.4767
2025-07-03 10:00:00,171940,Northern Mariana Islands,57,814.22,827.57,13.35,Fiji,789.96,W,15,7,Men's Baseball Pacific Mini Games 2025 (Palau),20.0,0.5233
2025-07-03 12:00:00,160673,Austria,29,1093.19,1092.61,-0.58,Netherlands,1454.04,L,0,9,U-12 Baseball European Championship 2025,2.0,0.2002
2025-07-03 12:00:00,160673,Netherlands,9,1454.04,1454.62,0.58,Austria,1093.19,W,9,0,U-12 Baseball European Championship 2025,2.0,0.7998
2025-07-03 13:30:00,166934,Slovakia,38,991.14,990.68,-0.47,Great Britain,1348.55,L,10,13,U-12 Baseball European Championship B Pool 2025,2.0,0.2024
2025-07-03 13:30:00,166934,Great Britain,19,1348.55,1349.01,0.47,Slovakia,991.14,W,13,10,U-12 Baseball European Championship B Pool 2025,2.0,0.7976
2025-07-03 13:30:00,171941,Guam,39,989.02,997.46,8.43,Palau,813.0,W,12,7,Men's Baseball Pacific Mini Games 2025 (Palau),20.0,0.6627
2025-07-03 13:30:00,171941,Palau,58,813.0,804.57,-8.43,Guam,989.02,L,7,12,Men's Baseball Pacific Mini Games 2025 (Palau),20.0,0.3373
2025-07-03 15:00:00,160674,France,24,1189.83,1188.39,-1.44,Germany,1212.07,L,2,19,U-12 Baseball European Championship 2025,2.0,0.4787
2025-07-03 15:00:00,160674,Germany,23,1212.07,1213.51,1.44,France,1189.83,W,19,2,U-12 Baseball European Championship 2025,2.0,0.5213
2025-07-03 17:00:00,166935,Poland,84,778.4,780.05,1.65,Hungary,894.23,W,12,5,U-12 Baseball European Championship B Pool 2025,2.0,0.3907
2025-07-03 17:00:00,166935,Hungary,46,894.23,892.58,-1.65,Poland,778.4,L,5,12,U-12 Baseball European Championship B Pool 2025,2.0,0.6093
2025-07-03 17:00:00,171935,Federated States of Micronesia,82,787.0,798.32,11.32,Northern Mariana Islands,827.57,W,6,5,Men's Baseball Pacific Mini Games 2025 (Palau),20.0,0.4612
2025-07-03 17:00:00,171935,Northern Mariana Islands,53,827.57,816.26,-11.32,Federated States of Micronesia,787.0,L,5,6,Men's Baseball Pacific Mini Games 2025 (Palau),20.0,0.5388
2025-07-03 18:00:00,160675,Czechia,20,1342.76,1343.54,0.78,Ukraine,1109.31,W,13,6,U-12 Baseball European Championship 2025,2.0,0.7101
2025-07-03 18:00:00,160675,Ukraine,28,1109.31,1108.53,-0.78,Czechia,1342.76,L,6,13,U-12 Baseball European Championship 2025,2.0,0.2899
2025-07-04 09:00:00,160676,Belgium,27,1167.81,1169.01,1.2,France,1188.39,W,7,4,U-12 Baseball European Championship 2025,2.0,0.4803
2025-07-04 09:00:00,160676,France,24,1188.39,1187.19,-1.2,Belgium,1167.81,L,4,7,U-12 Baseball European Championship 2025,2.0,0.5197
2025-07-04 10:00:00,166937,Romania,91,746.82,748.73,1.91,Hungary,892.58,W,16,4,U-12 Baseball European Championship B Pool 2025,2.0,0.3637
2025-07-04 10:00:00,166937,Hungary,46,892.58,890.68,-1.91,Romania,746.82,L,4,16,U-12 Baseball European Championship B Pool 2025,2.0,0.6363
2025-07-04 12:00:00,160677,Ukraine,28,1108.53,1109.54,1.02,Austria,1092.61,W,6,5,U-12 Baseball European Championship 2025,2.0,0.5153
2025-07-04 12:00:00,160677,Austria,30,1092.61,1091.59,-1.02,Ukraine,1108.53,L,5,6,U-12 Baseball European Championship 2025,2.0,0.4847
2025-07-04 13:30:00,166938,Spain,16,1400.44,1400.95,0.52,Slovakia,990.68,W,17,1,U-12 Baseball European Championship B Pool 2025,2.0,0.8281
2025-07-04 13:30:00,166938,Slovakia,39,990.68,990.16,-0.52,Spain,1400.44,L,1,17,U-12 Baseball European Championship B Pool 2025,2.0,0.1719
2025-07-04 15:00:00,160678,Germany,23,1213.51,1212.62,-0.89,Italy,1368.66,L,3,8,U-12 Baseball European Championship 2025,2.0,0.3554
2025-07-04 15:00:00,160678,Italy,18,1368.66,1369.55,0.89,Germany,1213.51,W,8,3,U-12 Baseball European Championship 2025,2.0,0.6446
2025-07-04 17:00:00,166939,Great Britain,19,1349.01,1349.23,0.22,Poland,780.05,W,2,0,U-12 Baseball European Championship B Pool 2025,2.0,0.8988
2025-07-04 17:00:00,166939,Poland,84,780.05,779.82,-0.22,Great Britain,1349.01,L,0,2,U-12 Baseball European Championship B Pool 2025,2.0,0.1012
2025-07-04 18:00:00,160679,Netherlands,9,1454.62,1452.8,-1.81,Czechia,1343.54,L,0,20,U-12 Baseball European Championship 2025,2.0,0.605
2025-07-04 18:00:00,160679,Czechia,20,1343.54,1345.35,1.81,Netherlands,1454.62,W,20,0,U-12 Baseball European Championship 2025,2.0,0.395
2025-07-05 09:00:00,160680,Ukraine,28,1109.54,1108.27,-1.28,France,1187.19,L,6,31,U-12 Baseball European Championship 2025,2.0,0.426
2025-07-05 09:00:00,160680,France,24,1187.19,1188.47,1.28,Ukraine,1109.54,W,31,6,U-12 Baseball European Championship 2025,2.0,0.574
2025-07-05 10:00:00,166941,Romania,91,748.73,750.83,2.1,Lithuania,1033.53,W,8,0,U-12 Baseball European Championship B Pool 2025,2.0,0.2511
2025-07-05 10:00:00,166941,Lithuania,35,1033.53,1031.43,-2.1,Romania,748.73,L,0,8,U-12 Baseball European Championship B Pool 2025,2.0,0.7489
2025-07-05 10:00:00,171944,Federated States of Micronesia,79,798.32,790.69,-7.63,Guam,997.46,L,6,10,Men's Baseball Pacific Mini Games 2025 (Palau),20.0,0.3177
2025-07-05 10:00:00,171944,Guam,37,997.46,1005.08,7.63,Federated States of Micronesia,798.32,W,10,6,Men's Baseball Pacific Mini Games 2025 (Palau),20.0,0.6823
2025-07-05 12:00:00,160681,Belgium,26,1169.01,1170.28,1.28,Austria,1091.59,W,12,1,U-12 Baseball European Championship 2025,2.0,0.5737
2025-07-05 12:00:00,160681,Austria,30,1091.59,1090.31,-1.28,Belgium,1169.01,L,1,12,U-12 Baseball European Championship 2025,2.0,0.4263
2025-07-05 13:30:00,170165,Poland,84,779.82,779.08,-0.74,Slovakia,990.16,L,12,16,U-12 Baseball European Championship B Pool 2025,2.0,0.3085
2025-07-05 13:30:00,170165,Slovakia,39,990.16,990.9,0.74,Poland,779.82,W,16,12,U-12 Baseball European Championship B Pool 2025,2.0,0.6915
2025-07-05 13:30:00,171945,Palau,58,804.57,818.76,14.2,Fiji,776.61,W,12,2,Men's Baseball Pacific Mini Games 2025 (Palau),20.0,0.5268
2025-07-05 13:30:00,171945,Fiji,85,776.61,762.41,-14.2,Palau,804.57,L,2,12,Men's Baseball Pacific Mini Games 2025 (Palau),20.0,0.4732
2025-07-05 15:00:00,160682,Italy,18,1369.55,1370.88,1.33,Netherlands,1452.8,W,10,7,U-12 Baseball European Championship 2025,2.0,0.4208
2025-07-05 15:00:00,160682,Netherlands,9,1452.8,1451.47,-1.33,Italy,1369.55,L,7,10,U-12 Baseball European Championship 2025,2.0,0.5792
2025-07-05 17:00:00,170166,Spain,16,1400.95,1402.31,1.35,Great Britain,1349.23,W,14,4,U-12 Baseball European Championship B Pool 2025,2.0,0.5495
2025-07-05 17:00:00,170166,Great Britain,19,1349.23,1347.88,-1.35,Spain,1400.95,L,4,14,U-12 Baseball European Championship B Pool 2025,2.0,0.4505
2025-07-05 18:00:00,160683,Czechia,20,1345.35,1346.48,1.13,Germany,1212.62,W,12,1,U-12 Baseball European Championship 2025,2.0,0.6247
2025-07-05 18:00:00,160683,Germany,23,1212.62,1211.5,-1.13,Czechia,1345.35,L,1,12,U-12 Baseball European Championship 2025,2.0,0.3753
2025-07-06 09:00:00,160684,Austria,30,1090.31,1089.17,-1.14,France,1188.47,L,0,8,U-12 Baseball European Championship 2025,2.0,0.4069
2025-07-06 09:00:00,160684,France,24,1188.47,1189.61,1.14,Austria,1090.31,W,8,0,U-12 Baseball European Championship 2025,2.0,0.5931
2025-07-06 12:00:00,160685,Ukraine,28,1108.27,1109.44,1.17,Belgium,1170.28,W,4,3,U-12 Baseball European Championship 2025,2.0,0.4408
2025-07-06 12:00:00,160685,Belgium,26,1170.28,1169.11,-1.17,Ukraine,1108.27,L,3,4,U-12 Baseball European Championship 2025,2.0,0.5592
2025-07-06 15:00:00,160686,Netherlands,9,1451.47,1452.07,0.6,Germany,1211.5,W,7,6,U-12 Baseball European Championship 2025,2.0,0.7152
2025-07-06 15:00:00,160686,Germany,23,1211.5,1210.9,-0.6,Netherlands,1451.47,L,6,7,U-12 Baseball European Championship 2025,2.0,0.2848
2025-07-06 15:30:00,171931,Fiji,88,762.41,748.23,-14.19,Federated States of Micronesia,790.69,L,1,13,Men's Baseball Pacific Mini Games 2025 (Palau),20.0,0.4729
2025-07-06 15:30:00,171931,Federated States of Micronesia,82,790.69,804.88,14.19,Fiji,762.41,W,13,1,Men's Baseball Pacific Mini Games 2025 (Palau),20.0,0.5271
2025-07-06 18:00:00,160687,Italy,18,1370.88,1369.31,-1.57,Czechia,1346.48,L,1,18,U-12 Baseball European Championship 2025,2.0,0.5234
2025-07-06 18:00:00,160687,Czechia,20,1346.48,1348.05,1.57,Italy,1370.88,W,18,1,U-12 Baseball European Championship 2025,2.0,0.4766
2025-07-06 19:00:00,171933,Northern Mariana Islands,58,816.26,802.82,-13.44,Palau,818.76,L,5,12,Men's Baseball Pacific Mini Games 2025 (Palau),20.0,0.4976
2025-07-06 19:00:00,171933,Palau,56,818.76,832.2,13.44,Northern Mariana Islands,816.26,W,12,5,Men's Baseball Pacific Mini Games 2025 (Palau),20.0,0.5024
2025-07-07 09:00:00,166944,Ireland,44,916.54,914.97,-1.57,Hungary,890.68,L,3,14,U-18 Baseball European Championship B Pool 2025 - Group Bulgaria,2.0,0.5248
2025-07-07 09:00:00,166944,Hungary,46,890.68,892.25,1.57,Ireland,916.54,W,14,3,U-18 Baseball European Championship B Pool 2025 - Group Bulgaria,2.0,0.4752
2025-07-07 10:00:00,173614,Federated States of Micronesia,58,804.88,789.82,-15.06,Northern Mariana Islands,802.82,L,5,15,Men's Baseball Pacific Mini Games 2025 (Palau),20.0,0.502
2025-07-07 10:00:00,173614,Northern Mariana Islands,61,802.82,817.88,15.06,Federated States of Micronesia,804.88,W,15,5,Men's Baseball Pacific Mini Games 2025 (Palau),20.0,0.498
2025-07-07 12:00:00,166960,Lithuania,35,1031.43,1029.8,-1.63,Sweden,985.13,L,0,15,U-18 Baseball European Championship B Pool 2025 - Group Poland,2.0,0.5443
2025-07-07 12:00:00,166960,Sweden,40,985.13,986.77,1.63,Lithuania,1031.43,W,15,0,U-18 Baseball European Championship B Pool 2025 - Group Poland,2.0,0.4557
2025-07-07 13:00:00,166945,Slovakia,39,990.9,992.33,1.43,Croatia,1092.69,W,13,9,U-18 Baseball European Championship B Pool 2025 - Group Bulgaria,2.0,0.4036
2025-07-07 13:00:00,166945,Croatia,29,1092.69,1091.26,-1.43,Slovakia,990.9,L,9,13,U-18 Baseball European Championship B Pool 2025 - Group Bulgaria,2.0,0.5964
2025-07-07 13:30:00,173615,Guam,37,1005.08,987.26,-17.82,Palau,832.2,L,1,8,Men's Baseball Pacific Mini Games 2025 (Palau),20.0,0.66
2025-07-07 13:30:00,173615,Palau,52,832.2,850.02,17.82,Guam,1005.08,W,8,1,Men's Baseball Pacific Mini Games 2025 (Palau),20.0,0.34
2025-07-07 17:00:00,166961,Poland,84,779.08,780.72,1.64,Ukraine,1109.44,W,4,3,U-18 Baseball European Championship B Pool 2025 - Group Poland,2.0,0.2196
2025-07-07 17:00:00,166961,Ukraine,28,1109.44,1107.8,-1.64,Poland,779.08,L,3,4,U-18 Baseball European Championship B Pool 2025 - Group Poland,2.0,0.7804
2025-07-07 17:00:00,166946,Türkiye,92,744.53,743.19,-1.34,Bulgaria,800.27,L,4,29,U-18 Baseball European Championship B Pool 2025 - Group Bulgaria,2.0,0.4467
2025-07-07 17:00:00,166946,Bulgaria,64,800.27,801.61,1.34,Türkiye,744.53,W,29,4,U-18 Baseball European Championship B Pool 2025 - Group Bulgaria,2.0,0.5533
2025-07-08 09:00:00,166947,Croatia,29,1091.26,1091.74,0.48,Türkiye,743.19,W,14,11,U-18 Baseball European Championship B Pool 2025 - Group Bulgaria,2.0,0.7918
2025-07-08 09:00:00,166947,Türkiye,92,743.19,742.72,-0.48,Croatia,1091.26,L,11,14,U-18 Baseball European Championship B Pool 2025 - Group Bulgaria,2.0,0.2082
2025-07-08 12:00:00,166962,Switzerland,48,868.71,867.66,-1.05,Sweden,986.77,L,1,8,U-18 Baseball European Championship B Pool 2025 - Group Poland,2.0,0.3886
2025-07-08 12:00:00,166962,Sweden,40,986.77,987.82,1.05,Switzerland,868.71,W,8,1,U-18 Baseball European Championship B Pool 2025 - Group Poland,2.0,0.6114
2025-07-08 13:00:00,166948,Hungary,46,892.25,891.4,-0.85,Slovakia,992.33,L,4,5,U-18 Baseball European Championship B Pool 2025 - Group Bulgaria,2.0,0.4051
2025-07-08 13:00:00,166948,Slovakia,38,992.33,993.18,0.85,Hungary,892.25,W,5,4,U-18 Baseball European Championship B Pool 2025 - Group Bulgaria,2.0,0.5949
2025-07-08 17:00:00,166963,Ukraine,28,1107.8,1108.91,1.11,Lithuania,1029.8,W,6,0,U-18 Baseball European Championship B Pool 2025 - Group Poland,2.0,0.5743
2025-07-08 17:00:00,166963,Lithuania,35,1029.8,1028.69,-1.11,Ukraine,1107.8,L,0,6,U-18 Baseball European Championship B Pool 2025 - Group Poland,2.0,0.4257
2025-07-08 17:00:00,166949,Bulgaria,62,801.61,800.43,-1.18,Ireland,914.97,L,1,17,U-18 Baseball European Championship B Pool 2025 - Group Bulgaria,2.0,0.3929
2025-07-08 17:00:00,166949,Ireland,44,914.97,916.15,1.18,Bulgaria,801.61,W,17,1,U-18 Baseball European Championship B Pool 2025 - Group Bulgaria,2.0,0.6071
2025-07-09 09:00:00,166950,Ireland,44,916.15,917.17,1.02,Türkiye,742.72,W,12,2,U-18 Baseball European Championship B Pool 2025 - Group Bulgaria,2.0,0.6605
2025-07-09 09:00:00,166950,Türkiye,92,742.72,741.7,-1.02,Ireland,916.15,L,2,12,U-18 Baseball European Championship B Pool 2025 - Group Bulgaria,2.0,0.3395
2025-07-09 13:00:00,166951,Croatia,29,1091.74,1092.59,0.86,Hungary,891.4,W,9,2,U-18 Baseball European Championship B Pool 2025 - Group Bulgaria,2.0,0.6833
2025-07-09 13:00:00,166951,Hungary,46,891.4,890.54,-0.86,Croatia,1091.74,L,2,9,U-18 Baseball European Championship B Pool 2025 - Group Bulgaria,2.0,0.3167
2025-07-09 17:00:00,166952,Bulgaria,64,800.43,799.46,-0.97,Slovakia,993.18,L,7,24,U-18 Baseball European Championship B Pool 2025 - Group Bulgaria,2.0,0.3231
2025-07-09 17:00:00,166952,Slovakia,38,993.18,994.15,0.97,Bulgaria,800.43,W,24,7,U-18 Baseball European Championship B Pool 2025 - Group Bulgaria,2.0,0.6769
2025-07-10 09:00:00,166953,Türkiye,92,741.7,740.61,-1.08,Hungary,890.54,L,2,13,U-18 Baseball European Championship B Pool 2025 - Group Bulgaria,2.0,0.361
2025-07-10 09:00:00,166953,Hungary,46,890.54,891.63,1.08,Türkiye,741.7,W,13,2,U-18 Baseball European Championship B Pool 2025 - Group Bulgaria,2.0,0.639
2025-07-10 10:00:00,166965,Poland,84,780.72,782.18,1.46,Switzerland,867.66,W,10,5,U-18 Baseball European Championship B Pool 2025 - Group Poland,2.0,0.4174
2025-07-10 10:00:00,166965,Switzerland,48,867.66,866.2,-1.46,Poland,780.72,L,5,10,U-18 Baseball European Championship B Pool 2025 - Group Poland,2.0,0.5826
2025-07-10 13:00:00,166954,Ireland,44,917.17,916.18,-0.98,Slovakia,994.15,L,13,16,U-18 Baseball European Championship B Pool 2025 - Group Bulgaria,2.0,0.4267
2025-07-10 13:00:00,166954,Slovakia,38,994.15,995.13,0.98,Ireland,917.17,W,16,13,U-18 Baseball European Championship B Pool 2025 - Group Bulgaria,2.0,0.5733
2025-07-10 13:30:00,166964,Sweden,39,987.82,989.23,1.41,Ukraine,1108.91,W,10,7,U-18 Baseball European Championship B Pool 2025 - Group Poland,2.0,0.3859
2025-07-10 13:30:00,166964,Ukraine,28,1108.91,1107.5,-1.41,Sweden,987.82,L,7,10,U-18 Baseball European Championship B Pool 2025 - Group Poland,2.0,0.6141
2025-07-10 17:00:00,166966,Switzerland,49,866.2,868.16,1.95,Lithuania,1028.69,W,14,2,U-18 Baseball European Championship B Pool 2025 - Group Poland,2.0,0.349
2025-07-10 17:00:00,166966,Lithuania,35,1028.69,1026.74,-1.95,Switzerland,866.2,L,2,14,U-18 Baseball European Championship B Pool 2025 - Group Poland,2.0,0.651
2025-07-10 17:00:00,166955,Bulgaria,78,799.46,801.05,1.59,Croatia,1092.59,W,11,10,U-18 Baseball European Championship B Pool 2025 - Group Bulgaria,2.0,0.2451
2025-07-10 17:00:00,166955,Croatia,29,1092.59,1091.01,-1.59,Bulgaria,799.46,L,10,11,U-18 Baseball European Championship B Pool 2025 - Group Bulgaria,2.0,0.7549
2025-07-11 09:00:00,166956,Slovakia,38,995.13,995.96,0.82,Türkiye,740.61,W,11,1,U-18 Baseball European Championship B Pool 2025 - Group Bulgaria,2.0,0.7265
2025-07-11 09:00:00,166956,Türkiye,93,740.61,739.79,-0.82,Slovakia,995.13,L,1,11,U-18 Baseball European Championship B Pool 2025 - Group Bulgaria,2.0,0.2735
2025-07-11 10:00:00,166969,Lithuania,35,1026.74,1024.59,-2.16,Poland,782.18,L,0,14,U-18 Baseball European Championship B Pool 2025 - Group Poland,2.0,0.7188
2025-07-11 10:00:00,166969,Poland,84,782.18,784.33,2.16,Lithuania,1026.74,W,14,0,U-18 Baseball European Championship B Pool 2025 - Group Poland,2.0,0.2812
2025-07-11 13:00:00,166957,Croatia,29,1091.01,1089.55,-1.46,Ireland,916.18,L,3,5,U-18 Baseball European Championship B Pool 2025 - Group Bulgaria,2.0,0.6617
2025-07-11 13:00:00,166957,Ireland,44,916.18,917.64,1.46,Croatia,1091.01,W,5,3,U-18 Baseball European Championship B Pool 2025 - Group Bulgaria,2.0,0.3383
2025-07-11 13:30:00,166968,Ukraine,28,1107.5,1105.5,-2.0,Switzerland,868.16,L,4,12,U-18 Baseball European Championship B Pool 2025 - Group Poland,2.0,0.7147
2025-07-11 13:30:00,166968,Switzerland,48,868.16,870.16,2.0,Ukraine,1107.5,W,12,4,U-18 Baseball European Championship B Pool 2025 - Group Poland,2.0,0.2853
2025-07-11 17:00:00,166967,Sweden,39,989.23,990.17,0.94,Poland,784.33,W,14,0,U-18 Baseball European Championship B Pool 2025 - Group Poland,2.0,0.687
2025-07-11 17:00:00,166967,Poland,83,784.33,783.4,-0.94,Sweden,989.23,L,0,14,U-18 Baseball European Championship B Pool 2025 - Group Poland,2.0,0.313
2025-07-11 17:00:00,166958,Hungary,46,891.63,892.87,1.24,Bulgaria,801.05,W,15,0,U-18 Baseball European Championship B Pool 2025 - Group Bulgaria,2.0,0.586
2025-07-11 17:00:00,166958,Bulgaria,63,801.05,799.81,-1.24,Hungary,891.63,L,0,15,U-18 Baseball European Championship B Pool 2025 - Group Bulgaria,2.0,0.414
2025-07-12 13:00:00,166959,Slovakia,38,995.96,994.7,-1.26,Hungary,892.87,L,5,6,U-18 Baseball European Championship B Pool 2025 - Group Bulgaria,2.0,0.5976
2025-07-12 13:00:00,166959,Hungary,46,892.87,894.12,1.26,Slovakia,995.96,W,6,5,U-18 Baseball European Championship B Pool 2025 - Group Bulgaria,2.0,0.4024
2025-07-12 14:00:00,166970,Sweden,39,990.17,988.65,-1.51,Poland,783.4,L,2,4,U-18 Baseball European Championship B Pool 2025 - Group Poland,2.0,0.6886
2025-07-12 14:00:00,166970,Poland,84,783.4,784.91,1.51,Sweden,990.17,W,4,2,U-18 Baseball European Championship B Pool 2025 - Group Poland,2.0,0.3114
2025-07-15 10:00:00,166971,Netherlands,9,1452.07,1452.83,0.76,Belgium,1169.11,W,15,0,U-15 Baseball European Championship 2025,2.0,0.7476
2025-07-15 10:00:00,166971,Belgium,26,1169.11,1168.35,-0.76,Netherlands,1452.07,L,0,15,U-15 Baseball European Championship 2025,2.0,0.2524
2025-07-15 10:00:00,166972,France,24,1189.61,1188.22,-1.39,Germany,1210.9,L,4,13,U-15 Baseball European Championship 2025,2.0,0.4796
2025-07-15 10:00:00,166972,Germany,23,1210.9,1212.29,1.39,France,1189.61,W,13,4,U-15 Baseball European Championship 2025,2.0,0.5204
2025-07-15 13:30:00,166973,Czechia,19,1348.05,1348.5,0.45,Hungary,894.12,W,20,0,U-15 Baseball European Championship 2025,2.0,0.8509
2025-07-15 13:30:00,166973,Hungary,46,894.12,893.68,-0.45,Czechia,1348.05,L,0,20,U-15 Baseball European Championship 2025,2.0,0.1491
2025-07-15 17:00:00,166974,Italy,18,1369.31,1370.32,1.01,Great Britain,1347.88,W,4,3,U-15 Baseball European Championship 2025,2.0,0.5205
2025-07-15 17:00:00,166974,Great Britain,20,1347.88,1346.88,-1.01,Italy,1369.31,L,3,4,U-15 Baseball European Championship 2025,2.0,0.4795
2025-07-16 10:00:00,166975,Belgium,26,1168.35,1167.05,-1.3,France,1188.22,L,0,7,U-15 Baseball European Championship 2025,2.0,0.4809
2025-07-16 10:00:00,166975,France,24,1188.22,1189.52,1.3,Belgium,1168.35,W,7,0,U-15 Baseball European Championship 2025,2.0,0.5191
2025-07-16 11:00:00,166976,Great Britain,20,1346.88,1345.48,-1.4,Czechia,1348.5,L,3,11,U-15 Baseball European Championship 2025,2.0,0.4984
2025-07-16 11:00:00,166976,Czechia,19,1348.5,1349.89,1.4,Great Britain,1346.88,W,11,3,U-15 Baseball European Championship 2025,2.0,0.5016
2025-07-16 13:30:00,166977,Germany,23,1212.29,1211.49,-0.8,Netherlands,1452.83,L,3,11,U-15 Baseball European Championship 2025,2.0,0.2843
2025-07-16 13:30:00,166977,Netherlands,9,1452.83,1453.62,0.8,Germany,1212.29,W,11,3,U-15 Baseball European Championship 2025,2.0,0.7157
2025-07-16 17:00:00,166978,Hungary,46,893.68,893.26,-0.42,Italy,1370.32,L,2,17,U-15 Baseball European Championship 2025,2.0,0.1383
2025-07-16 17:00:00,166978,Italy,18,1370.32,1370.73,0.42,Hungary,893.68,W,17,2,U-15 Baseball European Championship 2025,2.0,0.8617
2025-07-17 10:00:00,166979,Hungary,46,893.26,892.81,-0.45,Great Britain,1345.48,L,5,21,U-15 Baseball European Championship 2025,2.0,0.1499
2025-07-17 10:00:00,166979,Great Britain,20,1345.48,1345.93,0.45,Hungary,893.26,W,21,5,U-15 Baseball European Championship 2025,2.0,0.8501
2025-07-17 11:00:00,166980,Germany,23,1211.49,1212.87,1.37,Belgium,1167.05,W,23,3,U-15 Baseball European Championship 2025,2.0,0.5425
2025-07-17 11:00:00,166980,Belgium,27,1167.05,1165.68,-1.37,Germany,1211.49,L,3,23,U-15 Baseball European Championship 2025,2.0,0.4575
2025-07-17 13:30:00,166981,Netherlands,9,1453.62,1454.26,0.64,France,1189.52,W,9,5,U-15 Baseball European Championship 2025,2.0,0.7337
2025-07-17 13:30:00,166981,France,24,1189.52,1188.88,-0.64,Netherlands,1453.62,L,5,9,U-15 Baseball European Championship 2025,2.0,0.2663
2025-07-17 17:00:00,166982,Italy,18,1370.73,1371.98,1.25,Czechia,1349.89,W,13,7,U-15 Baseball European Championship 2025,2.0,0.52
2025-07-17 17:00:00,166982,Czechia,19,1349.89,1348.64,-1.25,Italy,1370.73,L,7,13,U-15 Baseball European Championship 2025,2.0,0.48
2025-07-18 10:00:00,166983,Great Britain,20,1345.93,1346.93,1.0,Belgium,1165.68,W,15,0,U-15 Baseball European Championship 2025,2.0,0.6664
2025-07-18 10:00:00,166983,Belgium,27,1165.68,1164.68,-1.0,Great Britain,1345.93,L,0,15,U-15 Baseball European Championship 2025,2.0,0.3336
2025-07-18 11:00:00,166984,France,24,1188.88,1189.54,0.66,Hungary,892.81,W,12,5,U-15 Baseball European Championship 2025,2.0,0.757
2025-07-18 11:00:00,166984,Hungary,46,892.81,892.16,-0.66,France,1188.88,L,5,12,U-15 Baseball European Championship 2025,2.0,0.243
2025-07-18 13:30:00,166985,Netherlands,9,1454.26,1452.94,-1.32,Czechia,1348.64,L,6,8,U-15 Baseball European Championship 2025,2.0,0.6
2025-07-18 13:30:00,166985,Czechia,19,1348.64,1349.96,1.32,Netherlands,1454.26,W,8,6,U-15 Baseball European Championship 2025,2.0,0.4
2025-07-18 17:00:00,166986,Italy,17,1371.98,1370.42,-1.56,Germany,1212.87,L,2,6,U-15 Baseball European Championship 2025,2.0,0.6481
2025-07-18 17:00:00,166986,Germany,23,1212.87,1214.42,1.56,Italy,1371.98,W,6,2,U-15 Baseball European Championship 2025,2.0,0.3519
2025-07-19 10:00:00,166988,France,24,1189.54,1188.72,-0.81,Great Britain,1346.93,L,8,11,U-15 Baseball European Championship 2025,2.0,0.3534
2025-07-19 10:00:00,166988,Great Britain,20,1346.93,1347.74,0.81,France,1189.54,W,11,8,U-15 Baseball European Championship 2025,2.0,0.6466
2025-07-19 11:00:00,166987,Belgium,27,1164.68,1165.46,0.78,Hungary,892.16,W,17,7,U-15 Baseball European Championship 2025,2.0,0.74
2025-07-19 11:00:00,166987,Hungary,46,892.16,891.38,-0.78,Belgium,1164.68,L,7,17,U-15 Baseball European Championship 2025,2.0,0.26
2025-07-19 13:30:00,166989,Netherlands,9,1452.94,1453.83,0.89,Italy,1370.42,W,11,10,U-15 Baseball European Championship 2025,2.0,0.5785
2025-07-19 13:30:00,166989,Italy,18,1370.42,1369.54,-0.89,Netherlands,1452.94,L,10,11,U-15 Baseball European Championship 2025,2.0,0.4215
2025-07-19 17:00:00,166990,Germany,22,1214.42,1216.3,1.88,Czechia,1349.96,W,12,2,U-15 Baseball European Championship 2025,2.0,0.3728
2025-07-19 17:00:00,166990,Czechia,19,1349.96,1348.08,-1.88,Germany,1214.42,L,2,12,U-15 Baseball European Championship 2025,2.0,0.6272
2025-07-25 10:30:00,170274,Mexico,6,1553.55,1556.37,2.82,Australia,1420.88,W,10,0,WBSC U-12 Baseball World Cup 2025 presented by RAXUS,5.0,0.6246
2025-07-25 10:30:00,170274,Australia,13,1420.88,1418.07,-2.82,Mexico,1553.55,L,0,10,WBSC U-12 Baseball World Cup 2025 presented by RAXUS,5.0,0.3754
2025-07-25 10:30:00,170278,Czechia,19,1348.08,1345.21,-2.87,Dominican Republic,1409.52,L,8,14,WBSC U-12 Baseball World Cup 2025 presented by RAXUS,5.0,0.4413
2025-07-25 10:30:00,170278,Dominican Republic,14,1409.52,1412.39,2.87,Czechia,1348.08,W,14,8,WBSC U-12 Baseball World Cup 2025 presented by RAXUS,5.0,0.5587
2025-07-25 14:30:00,170280,Japan,1,1940.16,1940.6,0.44,Germany,1216.3,W,17,0,WBSC U-12 Baseball World Cup 2025 presented by RAXUS,5.0,0.9415
2025-07-25 14:30:00,170280,Germany,22,1216.3,1215.86,-0.44,Japan,1940.16,L,0,17,WBSC U-12 Baseball World Cup 2025 presented by RAXUS,5.0,0.0585
2025-07-25 14:30:00,170282,Panama,7,1508.64,1506.66,-1.98,United States of America,1723.9,L,2,8,WBSC U-12 Baseball World Cup 2025 presented by RAXUS,5.0,0.3045
2025-07-25 14:30:00,170282,United States of America,2,1723.9,1725.88,1.98,Panama,1508.64,W,8,2,WBSC U-12 Baseball World Cup 2025 presented by RAXUS,5.0,0.6955
2025-07-25 18:30:00,170284,Chinese Taipei,4,1600.77,1602.81,2.04,Cuba,1444.7,W,6,3,WBSC U-12 Baseball World Cup 2025 presented by RAXUS,5.0,0.6454
2025-07-25 18:30:00,170284,Cuba,10,1444.7,1442.67,-2.04,Chinese Taipei,1600.77,L,3,6,WBSC U-12 Baseball World Cup 2025 presented by RAXUS,5.0,0.3546
2025-07-25 19:30:00,170286,Republic of Korea,3,1611.98,1612.66,0.68,South Africa,1010.52,W,17,0,WBSC U-12 Baseball World Cup 2025 presented by RAXUS,5.0,0.9096
2025-07-25 19:30:00,170286,South Africa,36,1010.52,1009.85,-0.68,Republic of Korea,1611.98,L,0,17,WBSC U-12 Baseball World Cup 2025 presented by RAXUS,5.0,0.0904
2025-07-26 10:30:00,170287,United States of America,2,1725.88,1727.11,1.22,Czechia,1345.21,W,6,0,WBSC U-12 Baseball World Cup 2025 presented by RAXUS,5.0,0.8117
2025-07-26 10:30:00,170287,Czechia,20,1345.21,1343.99,-1.22,United States of America,1725.88,L,0,6,WBSC U-12 Baseball World Cup 2025 presented by RAXUS,5.0,0.1883
2025-07-26 10:30:00,170288,Mexico,6,1556.37,1557.86,1.49,Germany,1215.86,W,9,1,WBSC U-12 Baseball World Cup 2025 presented by RAXUS,5.0,0.787
2025-07-26 10:30:00,170288,Germany,22,1215.86,1214.37,-1.49,Mexico,1556.37,L,1,9,WBSC U-12 Baseball World Cup 2025 presented by RAXUS,5.0,0.213
2025-07-26 14:30:00,170289,Panama,7,1506.66,1507.63,0.97,South Africa,1009.85,W,11,1,WBSC U-12 Baseball World Cup 2025 presented by RAXUS,5.0,0.8706
2025-07-26 14:30:00,170289,South Africa,36,1009.85,1008.88,-0.97,Panama,1506.66,L,1,11,WBSC U-12 Baseball World Cup 2025 presented by RAXUS,5.0,0.1294
2025-07-26 14:30:00,170290,Japan,1,1940.6,1941.37,0.77,Cuba,1442.67,W,4,0,WBSC U-12 Baseball World Cup 2025 presented by RAXUS,5.0,0.8711
2025-07-26 14:30:00,170290,Cuba,10,1442.67,1441.89,-0.77,Japan,1940.6,L,0,4,WBSC U-12 Baseball World Cup 2025 presented by RAXUS,5.0,0.1289
2025-07-26 18:30:00,170291,Australia,13,1418.07,1415.6,-2.47,Chinese Taipei,1602.81,L,0,13,WBSC U-12 Baseball World Cup 2025 presented by RAXUS,5.0,0.3298
2025-07-26 18:30:00,170291,Chinese Taipei,4,1602.81,1605.29,2.47,Australia,1418.07,W,13,0,WBSC U-12 Baseball World Cup 2025 presented by RAXUS,5.0,0.6702
2025-07-26 18:30:00,170292,Dominican Republic,14,1412.39,1410.41,-1.98,Republic of Korea,1612.66,L,3,8,WBSC U-12 Baseball World Cup 2025 presented by RAXUS,5.0,0.3168
2025-07-26 18:30:00,170292,Republic of Korea,3,1612.66,1614.64,1.98,Dominican Republic,1412.39,W,8,3,WBSC U-12 Baseball World Cup 2025 presented by RAXUS,5.0,0.6832
2025-07-27 10:30:00,170301,Cuba,10,1441.89,1439.65,-2.25,Mexico,1557.86,L,0,3,WBSC U-12 Baseball World Cup 2025 presented by RAXUS,5.0,0.3905
2025-07-27 10:30:00,170301,Mexico,6,1557.86,1560.11,2.25,Cuba,1441.89,W,3,0,WBSC U-12 Baseball World Cup 2025 presented by RAXUS,5.0,0.6095
2025-07-27 10:30:00,170302,South Africa,36,1008.88,1008.43,-0.45,United States of America,1727.11,L,0,26,WBSC U-12 Baseball World Cup 2025 presented by RAXUS,5.0,0.0597
2025-07-27 10:30:00,170302,United States of America,2,1727.11,1727.56,0.45,South Africa,1008.88,W,26,0,WBSC U-12 Baseball World Cup 2025 presented by RAXUS,5.0,0.9403
2025-07-27 14:30:00,170303,Republic of Korea,3,1614.64,1616.6,1.96,Czechia,1343.99,W,14,0,WBSC U-12 Baseball World Cup 2025 presented by RAXUS,5.0,0.7386
2025-07-27 14:30:00,170303,Czechia,20,1343.99,1342.03,-1.96,Republic of Korea,1614.64,L,0,14,WBSC U-12 Baseball World Cup 2025 presented by RAXUS,5.0,0.2614
2025-07-27 14:30:00,170304,Panama,7,1507.63,1503.63,-4.0,Dominican Republic,1410.41,L,3,10,WBSC U-12 Baseball World Cup 2025 presented by RAXUS,5.0,0.5922
2025-07-27 14:30:00,170304,Dominican Republic,14,1410.41,1414.4,4.0,Panama,1507.63,W,10,3,WBSC U-12 Baseball World Cup 2025 presented by RAXUS,5.0,0.4078
2025-07-27 18:30:00,170306,Chinese Taipei,4,1605.29,1603.94,-1.35,Japan,1941.37,L,2,7,WBSC U-12 Baseball World Cup 2025 presented by RAXUS,5.0,0.2159
2025-07-27 18:30:00,170306,Japan,1,1941.37,1942.72,1.35,Chinese Taipei,1605.29,W,7,2,WBSC U-12 Baseball World Cup 2025 presented by RAXUS,5.0,0.7841
2025-07-27 18:30:00,170308,Germany,22,1214.37,1212.24,-2.13,Australia,1415.6,L,2,9,WBSC U-12 Baseball World Cup 2025 presented by RAXUS,5.0,0.316
2025-07-27 18:30:00,170308,Australia,13,1415.6,1417.73,2.13,Germany,1214.37,W,9,2,WBSC U-12 Baseball World Cup 2025 presented by RAXUS,5.0,0.684
2025-07-28 10:30:00,170311,Czechia,20,1342.03,1339.76,-2.27,Panama,1503.63,L,0,6,WBSC U-12 Baseball World Cup 2025 presented by RAXUS,5.0,0.3497
2025-07-28 10:30:00,170311,Panama,7,1503.63,1505.9,2.27,Czechia,1342.03,W,6,0,WBSC U-12 Baseball World Cup 2025 presented by RAXUS,5.0,0.6503
2025-07-28 10:30:00,170313,Dominican Republic,14,1414.4,1415.71,1.3,South Africa,1008.43,W,25,0,WBSC U-12 Baseball World Cup 2025 presented by RAXUS,5.0,0.8261
2025-07-28 10:30:00,170313,South Africa,36,1008.43,1007.12,-1.3,Dominican Republic,1414.4,L,0,25,WBSC U-12 Baseball World Cup 2025 presented by RAXUS,5.0,0.1739
2025-07-28 18:30:00,170319,Germany,23,1212.24,1210.87,-1.36,Chinese Taipei,1603.94,L,0,17,WBSC U-12 Baseball World Cup 2025 presented by RAXUS,5.0,0.1819
2025-07-28 18:30:00,170319,Chinese Taipei,4,1603.94,1605.3,1.36,Germany,1212.24,W,17,0,WBSC U-12 Baseball World Cup 2025 presented by RAXUS,5.0,0.8181
2025-07-28 18:30:00,170321,United States of America,2,1727.56,1723.93,-3.63,Republic of Korea,1616.6,L,2,6,WBSC U-12 Baseball World Cup 2025 presented by RAXUS,5.0,0.6049
2025-07-28 18:30:00,170321,Republic of Korea,3,1616.6,1620.23,3.63,United States of America,1727.56,W,6,2,WBSC U-12 Baseball World Cup 2025 presented by RAXUS,5.0,0.3951
2025-07-29 10:30:00,170323,Japan,1,1942.72,1943.6,0.88,Australia,1417.73,W,15,0,WBSC U-12 Baseball World Cup 2025 presented by RAXUS,5.0,0.8823
2025-07-29 10:30:00,170323,Australia,13,1417.73,1416.85,-0.88,Japan,1942.72,L,0,15,WBSC U-12 Baseball World Cup 2025 presented by RAXUS,5.0,0.1177
2025-07-29 10:30:00,170329,Cuba,10,1439.65,1441.55,1.91,Germany,1210.87,W,7,1,WBSC U-12 Baseball World Cup 2025 presented by RAXUS,5.0,0.7064
2025-07-29 10:30:00,170329,Germany,23,1210.87,1208.97,-1.91,Cuba,1439.65,L,1,7,WBSC U-12 Baseball World Cup 2025 presented by RAXUS,5.0,0.2936
2025-07-29 13:30:00,170325,South Africa,36,1007.12,1005.49,-1.64,Czechia,1339.76,L,0,14,WBSC U-12 Baseball World Cup 2025 presented by RAXUS,5.0,0.2181
2025-07-29 13:30:00,170325,Czechia,20,1339.76,1341.39,1.64,South Africa,1007.12,W,14,0,WBSC U-12 Baseball World Cup 2025 presented by RAXUS,5.0,0.7819
2025-07-29 13:30:00,170327,United States of America,2,1723.93,1725.28,1.35,Dominican Republic,1415.71,W,7,4,WBSC U-12 Baseball World Cup 2025 presented by RAXUS,5.0,0.7655
2025-07-29 13:30:00,170327,Dominican Republic,14,1415.71,1414.36,-1.35,United States of America,1723.93,L,4,7,WBSC U-12 Baseball World Cup 2025 presented by RAXUS,5.0,0.2345
2025-07-29 16:30:00,170331,Chinese Taipei,4,1605.3,1607.7,2.4,Mexico,1560.11,W,6,5,WBSC U-12 Baseball World Cup 2025 presented by RAXUS,5.0,0.5433
2025-07-29 16:30:00,170331,Mexico,6,1560.11,1557.71,-2.4,Chinese Taipei,1605.3,L,5,6,WBSC U-12 Baseball World Cup 2025 presented by RAXUS,5.0,0.4567
2025-07-29 16:30:00,170332,Republic of Korea,3,1620.23,1622.38,2.16,Panama,1505.9,W,4,2,WBSC U-12 Baseball World Cup 2025 presented by RAXUS,5.0,0.608
2025-07-29 16:30:00,170332,Panama,7,1505.9,1503.75,-2.16,Republic of Korea,1620.23,L,2,4,WBSC U-12 Baseball World Cup 2025 presented by RAXUS,5.0,0.392
2025-07-30 10:30:00,170315,Mexico,6,1557.71,1561.99,4.28,Japan,1943.6,W,7,6,WBSC U-12 Baseball World Cup 2025 presented by RAXUS,5.0,0.1853
2025-07-30 10:30:00,170315,Japan,1,1943.6,1939.32,-4.28,Mexico,1557.71,L,6,7,WBSC U-12 Baseball World Cup 2025 presented by RAXUS,5.0,0.8147
2025-07-30 10:30:00,170317,Australia,13,1416.85,1413.27,-3.57,Cuba,1441.55,L,2,19,WBSC U-12 Baseball World Cup 2025 presented by RAXUS,5.0,0.4763
2025-07-30 10:30:00,170317,Cuba,10,1441.55,1445.13,3.57,Australia,1416.85,W,19,2,WBSC U-12 Baseball World Cup 2025 presented by RAXUS,5.0,0.5237
2025-07-31 10:30:00,170334,Mexico,6,1561.99,1559.72,-2.26,United States of America,1725.28,L,1,7,WBSC U-12 Baseball World Cup 2025 presented by RAXUS,5.0,0.3483
2025-07-31 10:30:00,170334,United States of America,2,1725.28,1727.54,2.26,Mexico,1561.99,W,7,1,WBSC U-12 Baseball World Cup 2025 presented by RAXUS,5.0,0.6517
2025-07-31 10:30:00,170333,Germany,23,1208.97,1210.77,1.81,South Africa,1005.49,W,6,3,WBSC U-12 Baseball World Cup 2025 presented by RAXUS,5.0,0.6859
2025-07-31 10:30:00,170333,South Africa,36,1005.49,1003.68,-1.81,Germany,1208.97,L,3,6,WBSC U-12 Baseball World Cup 2025 presented by RAXUS,5.0,0.3141
2025-07-31 14:30:00,170336,Japan,1,1939.32,1940.7,1.37,Republic of Korea,1622.38,W,4,0,WBSC U-12 Baseball World Cup 2025 presented by RAXUS,5.0,0.7714
2025-07-31 14:30:00,170336,Republic of Korea,3,1622.38,1621.01,-1.37,Japan,1939.32,L,0,4,WBSC U-12 Baseball World Cup 2025 presented by RAXUS,5.0,0.2286
2025-07-31 14:30:00,170335,Czechia,20,1341.39,1338.26,-3.13,Australia,1413.27,L,2,11,WBSC U-12 Baseball World Cup 2025 presented by RAXUS,5.0,0.4315
2025-07-31 14:30:00,170335,Australia,14,1413.27,1416.4,3.13,Czechia,1341.39,W,11,2,WBSC U-12 Baseball World Cup 2025 presented by RAXUS,5.0,0.5685
2025-07-31 18:30:00,170338,Dominican Republic,14,1414.36,1412.34,-2.02,Chinese Taipei,1607.7,L,4,9,WBSC U-12 Baseball World Cup 2025 presented by RAXUS,5.0,0.3226
2025-07-31 18:30:00,170338,Chinese Taipei,4,1607.7,1609.72,2.02,Dominican Republic,1414.36,W,9,4,WBSC U-12 Baseball World Cup 2025 presented by RAXUS,5.0,0.6774
2025-07-31 18:30:00,170337,Cuba,10,1445.13,1448.74,3.61,Panama,1503.75,W,8,2,WBSC U-12 Baseball World Cup 2025 presented by RAXUS,5.0,0.444
2025-07-31 18:30:00,170337,Panama,7,1503.75,1500.13,-3.61,Cuba,1445.13,L,2,8,WBSC U-12 Baseball World Cup 2025 presented by RAXUS,5.0,0.556
2025-08-01 10:30:00,170339,Panama,7,1500.13,1498.87,-1.26,Germany,1210.77,D,0,0,WBSC U-12 Baseball World Cup 2025 presented by RAXUS,5.0,0.7522
2025-08-01 10:30:00,170339,Germany,23,1210.77,1212.03,1.26,Panama,1500.13,D,0,0,WBSC U-12 Baseball World Cup 2025 presented by RAXUS,5.0,0.2478
2025-08-01 10:30:00,170341,Australia,13,1416.4,1414.75,-1.65,South Africa,1003.68,D,0,0,WBSC U-12 Baseball World Cup 2025 presented by RAXUS,5.0,0.8298
2025-08-01 10:30:00,170341,South Africa,36,1003.68,1005.33,1.65,Australia,1416.4,D,0,0,WBSC U-12 Baseball World Cup 2025 presented by RAXUS,5.0,0.1702
2025-08-01 14:30:00,170340,Japan,1,1940.7,1941.39,0.7,Dominican Republic,1412.34,W,10,6,WBSC U-12 Baseball World Cup 2025 presented by RAXUS,5.0,0.8837
2025-08-01 14:30:00,170340,Dominican Republic,14,1412.34,1411.65,-0.7,Japan,1940.7,L,6,10,WBSC U-12 Baseball World Cup 2025 presented by RAXUS,5.0,0.1163
2025-08-01 14:30:00,170343,Cuba,10,1448.74,1451.51,2.77,Czechia,1338.26,W,8,0,WBSC U-12 Baseball World Cup 2025 presented by RAXUS,5.0,0.6044
2025-08-01 14:30:00,170343,Czechia,20,1338.26,1335.5,-2.77,Cuba,1448.74,L,0,8,WBSC U-12 Baseball World Cup 2025 presented by RAXUS,5.0,0.3956
2025-08-01 18:30:00,170342,United States of America,2,1727.54,1729.58,2.04,Chinese Taipei,1609.72,W,6,5,WBSC U-12 Baseball World Cup 2025 presented by RAXUS,5.0,0.6112
2025-08-01 18:30:00,170342,Chinese Taipei,4,1609.72,1607.67,-2.04,United States of America,1727.54,L,5,6,WBSC U-12 Baseball World Cup 2025 presented by RAXUS,5.0,0.3888
2025-08-01 18:30:00,170344,Republic of Korea,3,1621.01,1624.1,3.09,Mexico,1559.72,W,9,1,WBSC U-12 Baseball World Cup 2025 presented by RAXUS,5.0,0.5585
2025-08-01 18:30:00,170344,Mexico,6,1559.72,1556.63,-3.09,Republic of Korea,1621.01,L,1,9,WBSC U-12 Baseball World Cup 2025 presented by RAXUS,5.0,0.4415
2025-08-02 18:15:00,170352,Republic of Korea,3,1624.1,1620.75,-3.35,Chinese Taipei,1607.67,L,5,11,WBSC U-12 Baseball World Cup 2025 presented by RAXUS,5.0,0.5158
2025-08-02 18:15:00,170352,Chinese Taipei,4,1607.67,1611.03,3.35,Republic of Korea,1624.1,W,11,5,WBSC U-12 Baseball World Cup 2025 presented by RAXUS,5.0,0.4842
2025-08-02 18:30:00,170346,Japan,1,1941.39,1936.54,-4.85,United States of America,1729.58,L,0,8,WBSC U-12 Baseball World Cup 2025 presented by RAXUS,5.0,0.6927
2025-08-02 18:30:00,170346,United States of America,2,1729.58,1734.43,4.85,Japan,1941.39,W,8,0,WBSC U-12 Baseball World Cup 2025 presented by RAXUS,5.0,0.3073
2025-08-03 10:00:00,170353,Chinese Taipei,4,1611.03,1608.33,-2.7,Republic of Korea,1620.75,L,0,2,WBSC U-12 Baseball World Cup 2025 presented by RAXUS,5.0,0.4907
2025-08-03 10:00:00,170353,Republic of Korea,3,1620.75,1623.45,2.7,Chinese Taipei,1611.03,W,2,0,WBSC U-12 Baseball World Cup 2025 presented by RAXUS,5.0,0.5093
2025-08-03 10:00:00,170354,United States of America,2,1734.43,1738.88,4.45,Japan,1936.54,W,7,1,WBSC U-12 Baseball World Cup 2025 presented by RAXUS,5.0,0.3153
2025-08-03 10:00:00,170354,Japan,1,1936.54,1932.09,-4.45,United States of America,1734.43,L,1,7,WBSC U-12 Baseball World Cup 2025 presented by RAXUS,5.0,0.6847
2025-08-03 12:15:00,170345,Czechia,20,1335.5,1338.37,2.88,Germany,1212.03,W,12,2,WBSC U-12 Baseball World Cup 2025 presented by RAXUS,5.0,0.6163
2025-08-03 12:15:00,170345,Germany,23,1212.03,1209.16,-2.88,Czechia,1335.5,L,2,12,WBSC U-12 Baseball World Cup 2025 presented by RAXUS,5.0,0.3837
2025-08-03 12:15:00,170351,Panama,7,1498.87,1502.02,3.15,Australia,1414.75,W,13,3,WBSC U-12 Baseball World Cup 2025 presented by RAXUS,5.0,0.58
2025-08-03 12:15:00,170351,Australia,13,1414.75,1411.6,-3.15,Panama,1498.87,L,3,13,WBSC U-12 Baseball World Cup 2025 presented by RAXUS,5.0,0.42
2025-08-03 14:45:00,170347,Cuba,10,1451.51,1452.66,1.15,South Africa,1005.33,W,20,0,WBSC U-12 Baseball World Cup 2025 presented by RAXUS,5.0,0.8471
2025-08-03 14:45:00,170347,South Africa,36,1005.33,1004.18,-1.15,Cuba,1451.51,L,0,20,WBSC U-12 Baseball World Cup 2025 presented by RAXUS,5.0,0.1529
2025-08-03 14:45:00,170349,Mexico,6,1556.63,1552.66,-3.97,Dominican Republic,1411.65,L,4,9,WBSC U-12 Baseball World Cup 2025 presented by RAXUS,5.0,0.6356
2025-08-03 14:45:00,170349,Dominican Republic,13,1411.65,1415.62,3.97,Mexico,1556.63,W,9,4,WBSC U-12 Baseball World Cup 2025 presented by RAXUS,5.0,0.3644
2025-08-05 10:00:00,159887,Great Britain,19,1347.74,1348.75,1.01,Israel,1214.12,W,7,0,U-23 Baseball European Championship 2025,2.0,0.6255
2025-08-05 10:00:00,159887,Israel,22,1214.12,1213.11,-1.01,Great Britain,1347.74,L,0,7,U-23 Baseball European Championship 2025,2.0,0.3745
2025-08-05 14:30:00,159888,Netherlands,9,1453.83,1454.36,0.53,Austria,1089.17,W,10,3,U-23 Baseball European Championship 2025,2.0,0.8021
2025-08-05 14:30:00,159888,Austria,30,1089.17,1088.64,-0.53,Netherlands,1453.83,L,3,10,U-23 Baseball European Championship 2025,2.0,0.1979
2025-08-05 14:30:00,159889,Germany,23,1209.16,1210.52,1.36,Italy,1369.54,W,4,3,U-23 Baseball European Championship 2025,2.0,0.3508
2025-08-05 14:30:00,159889,Italy,18,1369.54,1368.18,-1.36,Germany,1209.16,L,3,4,U-23 Baseball European Championship 2025,2.0,0.6492
2025-08-06 09:30:00,159891,France,24,1188.72,1189.82,1.1,Israel,1213.11,W,6,5,U-23 Baseball European Championship 2025,2.0,0.4766
2025-08-06 09:30:00,159891,Israel,22,1213.11,1212.01,-1.1,France,1188.72,L,5,6,U-23 Baseball European Championship 2025,2.0,0.5234
2025-08-06 13:00:00,159890,France,24,1189.82,1189.03,-0.79,Czechia,1338.37,L,5,7,U-23 Baseball European Championship 2025,2.0,0.3612
2025-08-06 13:00:00,159890,Czechia,20,1338.37,1339.17,0.79,France,1189.82,W,7,5,U-23 Baseball European Championship 2025,2.0,0.6388
2025-08-06 14:30:00,159892,Germany,23,1210.52,1208.98,-1.54,Austria,1088.64,L,2,7,U-23 Baseball European Championship 2025,2.0,0.6148
2025-08-06 14:30:00,159892,Austria,30,1088.64,1090.18,1.54,Germany,1210.52,W,7,2,U-23 Baseball European Championship 2025,2.0,0.3852
2025-08-06 15:00:00,159893,Italy,18,1368.18,1367.09,-1.09,Netherlands,1454.36,L,10,16,U-23 Baseball European Championship 2025,2.0,0.4181
2025-08-06 15:00:00,159893,Netherlands,9,1454.36,1455.45,1.09,Italy,1368.18,W,16,10,U-23 Baseball European Championship 2025,2.0,0.5819
2025-08-06 19:30:00,159894,Czechia,20,1339.17,1340.34,1.17,Great Britain,1348.75,W,3,0,U-23 Baseball European Championship 2025,2.0,0.4908
2025-08-06 19:30:00,159894,Great Britain,19,1348.75,1347.58,-1.17,Czechia,1339.17,L,0,3,U-23 Baseball European Championship 2025,2.0,0.5092
2025-08-07 10:00:00,159895,Great Britain,19,1347.58,1348.32,0.74,France,1189.03,W,4,3,U-23 Baseball European Championship 2025,2.0,0.6476
2025-08-07 10:00:00,159895,France,24,1189.03,1188.29,-0.74,Great Britain,1347.58,L,3,4,U-23 Baseball European Championship 2025,2.0,0.3524
2025-08-07 14:30:00,159896,Austria,29,1090.18,1089.53,-0.64,Italy,1367.09,L,0,5,U-23 Baseball European Championship 2025,2.0,0.2568
2025-08-07 14:30:00,159896,Italy,18,1367.09,1367.73,0.64,Austria,1090.18,W,5,0,U-23 Baseball European Championship 2025,2.0,0.7432
2025-08-07 14:30:00,159897,Netherlands,9,1455.45,1456.04,0.59,Germany,1208.98,W,5,4,U-23 Baseball European Championship 2025,2.0,0.7203
2025-08-07 14:30:00,159897,Germany,23,1208.98,1208.39,-0.59,Netherlands,1455.45,L,4,5,U-23 Baseball European Championship 2025,2.0,0.2797
2025-08-07 19:30:00,159898,Israel,22,1212.01,1210.87,-1.14,Czechia,1340.34,L,0,10,U-23 Baseball European Championship 2025,2.0,0.3793
2025-08-07 19:30:00,159898,Czechia,20,1340.34,1341.48,1.14,Israel,1212.01,W,10,0,U-23 Baseball European Championship 2025,2.0,0.6207
2025-08-08 10:00:00,159899,Austria,30,1089.53,1090.95,1.41,Israel,1210.87,W,5,2,U-23 Baseball European Championship 2025,2.0,0.3856
2025-08-08 10:00:00,159899,Israel,22,1210.87,1209.46,-1.41,Austria,1089.53,L,2,5,U-23 Baseball European Championship 2025,2.0,0.6144
2025-08-08 14:30:00,159900,France,24,1188.29,1189.48,1.19,Germany,1208.39,W,9,6,U-23 Baseball European Championship 2025,2.0,0.4807
2025-08-08 14:30:00,159900,Germany,23,1208.39,1207.2,-1.19,France,1188.29,L,6,9,U-23 Baseball European Championship 2025,2.0,0.5193
2025-08-08 14:30:00,159901,Netherlands,9,1456.04,1454.65,-1.38,Great Britain,1348.32,L,4,7,U-23 Baseball European Championship 2025,2.0,0.6019
2025-08-08 14:30:00,159901,Great Britain,19,1348.32,1349.71,1.38,Netherlands,1456.04,W,7,4,U-23 Baseball European Championship 2025,2.0,0.3981
2025-08-08 19:30:00,159902,Czechia,20,1341.48,1342.69,1.21,Italy,1367.73,W,3,0,U-23 Baseball European Championship 2025,2.0,0.4748
2025-08-08 19:30:00,159902,Italy,18,1367.73,1366.52,-1.21,Czechia,1341.48,L,0,3,U-23 Baseball European Championship 2025,2.0,0.5252
2025-08-09 10:00:00,159907,France,24,1189.48,1190.42,0.94,Austria,1090.95,W,7,4,U-23 Baseball European Championship 2025,2.0,0.5934
2025-08-09 10:00:00,159907,Austria,29,1090.95,1090.01,-0.94,France,1189.48,L,4,7,U-23 Baseball European Championship 2025,2.0,0.4066
2025-08-09 14:30:00,159908,Israel,22,1209.46,1208.15,-1.31,Germany,1207.2,L,2,8,U-23 Baseball European Championship 2025,2.0,0.5022
2025-08-09 14:30:00,159908,Germany,23,1207.2,1208.51,1.31,Israel,1209.46,W,8,2,U-23 Baseball European Championship 2025,2.0,0.4978
2025-08-09 14:30:00,159909,Italy,18,1366.52,1365.48,-1.04,Netherlands,1454.65,L,4,9,U-23 Baseball European Championship 2025,2.0,0.4162
2025-08-09 14:30:00,159909,Netherlands,9,1454.65,1455.69,1.04,Italy,1366.52,W,9,4,U-23 Baseball European Championship 2025,2.0,0.5838
2025-08-09 19:30:00,159910,Great Britain,19,1349.71,1350.79,1.09,Czechia,1342.69,W,9,7,U-23 Baseball European Championship 2025,2.0,0.5067
2025-08-09 19:30:00,159910,Czechia,20,1342.69,1341.6,-1.09,Great Britain,1349.71,L,7,9,U-23 Baseball European Championship 2025,2.0,0.4933
2025-08-17 13:30:00,175584,Japan,1,1932.09,1932.2,0.11,Hong Kong,1076.89,W,14,1,BFA XII U15 Asian Baseball Championship 2025,2.0,0.9638
2025-08-17 13:30:00,175584,Hong Kong,32,1076.89,1076.78,-0.11,Japan,1932.09,L,1,14,BFA XII U15 Asian Baseball Championship 2025,2.0,0.0362
2025-08-17 13:30:00,175585,Philippines,25,1170.88,1171.7,0.82,Sri Lanka,917.46,W,11,1,BFA XII U15 Asian Baseball Championship 2025,2.0,0.7256
2025-08-17 13:30:00,175585,Sri Lanka,44,917.46,916.64,-0.82,Philippines,1170.88,L,1,11,BFA XII U15 Asian Baseball Championship 2025,2.0,0.2744
2025-08-17 18:30:00,175587,Chinese Taipei,4,1608.33,1607.26,-1.07,Republic of Korea,1623.45,L,3,5,BFA XII U15 Asian Baseball Championship 2025,2.0,0.4855
2025-08-17 18:30:00,175587,Republic of Korea,3,1623.45,1624.52,1.07,Chinese Taipei,1608.33,W,5,3,BFA XII U15 Asian Baseball Championship 2025,2.0,0.5145
2025-08-17 19:30:00,175586,Thailand,51,848.35,847.46,-0.89,Pakistan,1073.7,L,2,16,BFA XII U15 Asian Baseball Championship 2025,2.0,0.2963
2025-08-17 19:30:00,175586,Pakistan,33,1073.7,1074.59,0.89,Thailand,848.35,W,16,2,BFA XII U15 Asian Baseball Championship 2025,2.0,0.7037
2025-08-18 13:30:00,175588,Philippines,25,1171.7,1172.56,0.86,Hong Kong,1076.78,W,3,2,BFA XII U15 Asian Baseball Championship 2025,2.0,0.5901
2025-08-18 13:30:00,175588,Hong Kong,32,1076.78,1075.92,-0.86,Philippines,1171.7,L,2,3,BFA XII U15 Asian Baseball Championship 2025,2.0,0.4099
2025-08-18 13:30:00,175589,Sri Lanka,44,916.64,916.58,-0.06,Japan,1932.2,L,1,24,BFA XII U15 Asian Baseball Championship 2025,2.0,0.0199
2025-08-18 13:30:00,175589,Japan,1,1932.2,1932.26,0.06,Sri Lanka,916.64,W,24,1,BFA XII U15 Asian Baseball Championship 2025,2.0,0.9801
2025-08-18 18:30:00,175591,Republic of Korea,3,1624.52,1624.66,0.14,Thailand,847.46,W,16,0,BFA XII U15 Asian Baseball Championship 2025,2.0,0.9518
2025-08-18 18:30:00,175591,Thailand,52,847.46,847.32,-0.14,Republic of Korea,1624.52,L,0,16,BFA XII U15 Asian Baseball Championship 2025,2.0,0.0482
2025-08-18 18:30:00,175590,Pakistan,33,1074.59,1074.25,-0.34,Chinese Taipei,1607.26,L,0,27,BFA XII U15 Asian Baseball Championship 2025,2.0,0.1146
2025-08-18 18:30:00,175590,Chinese Taipei,4,1607.26,1607.6,0.34,Pakistan,1074.59,W,27,0,BFA XII U15 Asian Baseball Championship 2025,2.0,0.8854
2025-08-19 13:30:00,175592,Republic of Korea,3,1624.66,1624.99,0.32,Pakistan,1074.25,W,24,0,BFA XII U15 Asian Baseball Championship 2025,2.0,0.8921
2025-08-19 13:30:00,175592,Pakistan,33,1074.25,1073.92,-0.32,Republic of Korea,1624.66,L,0,24,BFA XII U15 Asian Baseball Championship 2025,2.0,0.1079
2025-08-19 13:30:00,175593,Japan,1,1932.26,1932.42,0.15,Philippines,1172.56,W,10,0,BFA XII U15 Asian Baseball Championship 2025,2.0,0.9486
2025-08-19 13:30:00,175593,Philippines,25,1172.56,1172.41,-0.15,Japan,1932.26,L,0,10,BFA XII U15 Asian Baseball Championship 2025,2.0,0.0514
2025-08-19 18:30:00,175594,Hong Kong,32,1075.92,1076.87,0.95,Sri Lanka,916.58,W,10,3,BFA XII U15 Asian Baseball Championship 2025,2.0,0.6483
2025-08-19 18:30:00,175594,Sri Lanka,44,916.58,915.63,-0.95,Hong Kong,1075.92,L,3,10,BFA XII U15 Asian Baseball Championship 2025,2.0,0.3517
2025-08-19 18:30:00,175595,Chinese Taipei,4,1607.6,1607.76,0.15,Thailand,847.32,W,18,0,BFA XII U15 Asian Baseball Championship 2025,2.0,0.9487
2025-08-19 18:30:00,175595,Thailand,52,847.32,847.16,-0.15,Chinese Taipei,1607.6,L,0,18,BFA XII U15 Asian Baseball Championship 2025,2.0,0.0513
2025-08-21 13:30:00,175596,Sri Lanka,44,915.63,916.67,1.04,Thailand,847.16,W,7,3,BFA XII U15 Asian Baseball Championship 2025,2.0,0.5653
2025-08-21 13:30:00,175596,Thailand,52,847.16,846.12,-1.04,Sri Lanka,915.63,L,3,7,BFA XII U15 Asian Baseball Championship 2025,2.0,0.4347
2025-08-21 13:30:00,175598,Japan,1,1932.42,1932.98,0.56,Republic of Korea,1624.99,W,5,1,BFA XII U15 Asian Baseball Championship 2025,2.0,0.7649
2025-08-21 13:30:00,175598,Republic of Korea,3,1624.99,1624.42,-0.56,Japan,1932.42,L,1,5,BFA XII U15 Asian Baseball Championship 2025,2.0,0.2351
2025-08-21 18:30:00,175599,Pakistan,33,1073.92,1074.98,1.06,Hong Kong,1076.87,W,4,3,BFA XII U15 Asian Baseball Championship 2025,2.0,0.4972
2025-08-21 18:30:00,175599,Hong Kong,32,1076.87,1075.82,-1.06,Pakistan,1073.92,L,3,4,BFA XII U15 Asian Baseball Championship 2025,2.0,0.5028
2025-08-21 18:30:00,175601,Chinese Taipei,4,1607.76,1608.23,0.47,Philippines,1172.41,W,10,0,BFA XII U15 Asian Baseball Championship 2025,2.0,0.8417
2025-08-21 18:30:00,175601,Philippines,25,1172.41,1171.93,-0.47,Chinese Taipei,1607.76,L,0,10,BFA XII U15 Asian Baseball Championship 2025,2.0,0.1583
2025-08-22 13:30:00,175602,Hong Kong,32,1075.82,1076.7,0.88,Thailand,846.12,W,12,2,BFA XII U15 Asian Baseball Championship 2025,2.0,0.7071
2025-08-22 13:30:00,175602,Thailand,52,846.12,845.24,-0.88,Hong Kong,1075.82,L,2,12,BFA XII U15 Asian Baseball Championship 2025,2.0,0.2929
2025-08-22 13:30:00,175603,Republic of Korea,3,1624.42,1624.87,0.45,Philippines,1171.93,W,16,1,BFA XII U15 Asian Baseball Championship 2025,2.0,0.8502
2025-08-22 13:30:00,175603,Philippines,25,1171.93,1171.49,-0.45,Republic of Korea,1624.42,L,1,16,BFA XII U15 Asian Baseball Championship 2025,2.0,0.1498
2025-08-22 18:30:00,175604,Pakistan,33,1074.98,1073.42,-1.55,Sri Lanka,916.67,L,5,9,BFA XII U15 Asian Baseball Championship 2025,2.0,0.6474
2025-08-22 18:30:00,175604,Sri Lanka,44,916.67,918.23,1.55,Pakistan,1074.98,W,9,5,BFA XII U15 Asian Baseball Championship 2025,2.0,0.3526
2025-08-22 18:30:00,175605,Japan,1,1932.98,1931.19,-1.79,Chinese Taipei,1608.23,L,7,10,BFA XII U15 Asian Baseball Championship 2025,2.0,0.7767
2025-08-22 18:30:00,175605,Chinese Taipei,4,1608.23,1610.02,1.79,Japan,1932.98,W,10,7,BFA XII U15 Asian Baseball Championship 2025,2.0,0.2233
2025-08-23 13:00:00,175606,Republic of Korea,3,1624.87,1625.32,0.45,Philippines,1171.49,W,15,0,BFA XII U15 Asian Baseball Championship 2025,2.0,0.8507
2025-08-23 13:00:00,175606,Philippines,25,1171.49,1171.04,-0.45,Republic of Korea,1624.87,L,0,15,BFA XII U15 Asian Baseball Championship 2025,2.0,0.1493
2025-08-23 18:30:00,175607,Japan,1,1931.19,1929.41,-1.78,Chinese Taipei,1610.02,L,0,3,BFA XII U15 Asian Baseball Championship 2025,2.0,0.7743
2025-08-23 18:30:00,175607,Chinese Taipei,4,1610.02,1611.8,1.78,Japan,1931.19,W,3,0,BFA XII U15 Asian Baseball Championship 2025,2.0,0.2257
2025-08-30 10:00:00,177417,Colombia,8,1487.07,1488.04,0.98,Brazil,1370.93,W,19,14,VII Panamericano Sub-15 - Sudamérica I U-15 Pan American - South America 2025,2.0,0.6096
2025-08-30 10:00:00,177417,Brazil,17,1370.93,1369.95,-0.98,Colombia,1487.07,L,14,19,VII Panamericano Sub-15 - Sudamérica I U-15 Pan American - South America 2025,2.0,0.3904
2025-08-30 15:00:00,177418,Peru,49,867.42,867.24,-0.19,Venezuela,1575.43,L,4,16,VII Panamericano Sub-15 - Sudamérica I U-15 Pan American - South America 2025,2.0,0.062
2025-08-30 15:00:00,177418,Venezuela,5,1575.43,1575.61,0.19,Peru,867.42,W,16,4,VII Panamericano Sub-15 - Sudamérica I U-15 Pan American - South America 2025,2.0,0.938
2025-08-31 10:00:00,177419,Ecuador,57,818.02,817.7,-0.32,Brazil,1369.95,L,3,13,VII Panamericano Sub-15 - Sudamérica I U-15 Pan American - South America 2025,2.0,0.1073
2025-08-31 10:00:00,177419,Brazil,17,1369.95,1370.27,0.32,Ecuador,818.02,W,13,3,VII Panamericano Sub-15 - Sudamérica I U-15 Pan American - South America 2025,2.0,0.8927
2025-08-31 14:00:00,177420,Venezuela,5,1575.61,1576.86,1.25,Colombia,1488.04,W,11,1,VII Panamericano Sub-15 - Sudamérica I U-15 Pan American - South America 2025,2.0,0.5832
2025-08-31 14:00:00,177420,Colombia,8,1488.04,1486.79,-1.25,Venezuela,1575.61,L,1,11,VII Panamericano Sub-15 - Sudamérica I U-15 Pan American - South America 2025,2.0,0.4168
2025-09-01 10:00:00,177421,Peru,49,867.24,866.98,-0.25,Colombia,1486.79,L,1,17,VII Panamericano Sub-15 - Sudamérica I U-15 Pan American - South America 2025,2.0,0.0849
2025-09-01 10:00:00,177421,Colombia,8,1486.79,1487.05,0.25,Peru,867.24,W,17,1,VII Panamericano Sub-15 - Sudamérica I U-15 Pan American - South America 2025,2.0,0.9151
2025-09-01 14:00:00,177422,Venezuela,5,1576.86,1577.02,0.15,Ecuador,817.7,W,18,6,VII Panamericano Sub-15 - Sudamérica I U-15 Pan American - South America 2025,2.0,0.9485
2025-09-01 14:00:00,177422,Ecuador,58,817.7,817.54,-0.15,Venezuela,1576.86,L,6,18,VII Panamericano Sub-15 - Sudamérica I U-15 Pan American - South America 2025,2.0,0.0515
2025-09-02 10:00:00,177423,Ecuador,58,817.54,816.55,-1.0,Peru,866.98,L,3,5,VII Panamericano Sub-15 - Sudamérica I U-15 Pan American - South America 2025,2.0,0.4527
2025-09-02 10:00:00,177423,Peru,49,866.98,867.98,1.0,Ecuador,817.54,W,5,3,VII Panamericano Sub-15 - Sudamérica I U-15 Pan American - South America 2025,2.0,0.5473
2025-09-02 14:00:00,177424,Brazil,17,1370.27,1369.49,-0.78,Venezuela,1577.02,L,5,10,VII Panamericano Sub-15 - Sudamérica I U-15 Pan American - South America 2025,2.0,0.3114
2025-09-02 14:00:00,177424,Venezuela,5,1577.02,1577.8,0.78,Brazil,1370.27,W,10,5,VII Panamericano Sub-15 - Sudamérica I U-15 Pan American - South America 2025,2.0,0.6886
2025-09-03 10:00:00,177425,Brazil,17,1369.49,1369.88,0.38,Peru,867.98,W,12,1,VII Panamericano Sub-15 - Sudamérica I U-15 Pan American - South America 2025,2.0,0.8727
2025-09-03 10:00:00,177425,Peru,49,867.98,867.59,-0.38,Brazil,1369.49,L,1,12,VII Panamericano Sub-15 - Sudamérica I U-15 Pan American - South America 2025,2.0,0.1273
2025-09-03 14:00:00,177426,Colombia,8,1487.05,1487.26,0.21,Ecuador,816.55,W,10,0,VII Panamericano Sub-15 - Sudamérica I U-15 Pan American - South America 2025,2.0,0.9291
2025-09-03 14:00:00,177426,Ecuador,58,816.55,816.33,-0.21,Colombia,1487.05,L,0,10,VII Panamericano Sub-15 - Sudamérica I U-15 Pan American - South America 2025,2.0,0.0709
2025-09-04 10:00:00,177427,Brazil,17,1369.88,1370.18,0.3,Peru,867.59,W,11,7,VII Panamericano Sub-15 - Sudamérica I U-15 Pan American - South America 2025,2.0,0.873
2025-09-04 10:00:00,177427,Peru,49,867.59,867.29,-0.3,Brazil,1369.88,L,7,11,VII Panamericano Sub-15 - Sudamérica I U-15 Pan American - South America 2025,2.0,0.127
2025-09-04 14:00:00,177503,Venezuela,5,1577.8,1579.04,1.24,Colombia,1487.26,W,15,3,VII Panamericano Sub-15 - Sudamérica I U-15 Pan American - South America 2025,2.0,0.586
2025-09-04 14:00:00,177503,Colombia,8,1487.26,1486.02,-1.24,Venezuela,1577.8,L,3,15,VII Panamericano Sub-15 - Sudamérica I U-15 Pan American - South America 2025,2.0,0.414
2025-09-05 10:30:00,173027,Panama,7,1502.02,1499.94,-2.08,United States of America,1738.88,L,0,9,WBSC U-18 Baseball World Cup 2025 presented by RAXUS,5.0,0.2872
2025-09-05 10:30:00,173027,United States of America,2,1738.88,1740.96,2.08,Panama,1502.02,W,9,0,WBSC U-18 Baseball World Cup 2025 presented by RAXUS,5.0,0.7128
2025-09-05 10:30:00,173031,Australia,14,1411.6,1408.0,-3.6,Germany,1208.51,L,4,5,WBSC U-18 Baseball World Cup 2025 presented by RAXUS,5.0,0.6856
2025-09-05 10:30:00,173031,Germany,22,1208.51,1212.1,3.6,Australia,1411.6,W,5,4,WBSC U-18 Baseball World Cup 2025 presented by RAXUS,5.0,0.3144
2025-09-05 14:30:00,173030,Republic of Korea,3,1625.32,1627.05,1.73,Puerto Rico,1406.61,W,5,2,WBSC U-18 Baseball World Cup 2025 presented by RAXUS,5.0,0.6983
2025-09-05 14:30:00,173030,Puerto Rico,15,1406.61,1404.88,-1.73,Republic of Korea,1625.32,L,2,5,WBSC U-18 Baseball World Cup 2025 presented by RAXUS,5.0,0.3017
2025-09-05 14:30:00,173032,South Africa,36,1004.18,1003.05,-1.14,Cuba,1452.66,L,0,10,WBSC U-18 Baseball World Cup 2025 presented by RAXUS,5.0,0.1517
2025-09-05 14:30:00,173032,Cuba,10,1452.66,1453.79,1.14,South Africa,1004.18,W,10,0,WBSC U-18 Baseball World Cup 2025 presented by RAXUS,5.0,0.8483
2025-09-05 18:30:00,173033,Japan,1,1929.41,1930.01,0.59,Italy,1365.48,W,4,1,WBSC U-18 Baseball World Cup 2025 presented by RAXUS,5.0,0.897
2025-09-05 18:30:00,173033,Italy,18,1365.48,1364.89,-0.59,Japan,1929.41,L,1,4,WBSC U-18 Baseball World Cup 2025 presented by RAXUS,5.0,0.103
2025-09-05 18:30:00,173034,Chinese Taipei,4,1611.8,1612.56,0.76,China,1072.76,W,7,0,WBSC U-18 Baseball World Cup 2025 presented by RAXUS,5.0,0.8878
2025-09-05 18:30:00,173034,China,34,1072.76,1072.0,-0.76,Chinese Taipei,1611.8,L,0,7,WBSC U-18 Baseball World Cup 2025 presented by RAXUS,5.0,0.1122
2025-09-06 09:00:00,177821,Aruba,68,800.0,799.73,-0.27,Puerto Rico,1404.88,L,3,13,VII Panamericano Sub-15 - Caribe I U-15 Pan American - Caribbean 2025,2.0,0.0894
2025-09-06 09:00:00,177821,Puerto Rico,15,1404.88,1405.14,0.27,Aruba,800.0,W,13,3,VII Panamericano Sub-15 - Caribe I U-15 Pan American - Caribbean 2025,2.0,0.9106
2025-09-06 10:30:00,173035,Panama,7,1499.94,1496.56,-3.38,Australia,1408.0,L,1,4,WBSC U-18 Baseball World Cup 2025 presented by RAXUS,5.0,0.5873
2025-09-06 10:30:00,173035,Australia,14,1408.0,1411.38,3.38,Panama,1499.94,W,4,1,WBSC U-18 Baseball World Cup 2025 presented by RAXUS,5.0,0.4127
2025-09-06 10:30:00,173036,Puerto Rico,15,1405.14,1406.38,1.23,South Africa,1003.05,W,9,1,WBSC U-18 Baseball World Cup 2025 presented by RAXUS,5.0,0.8239
2025-09-06 10:30:00,173036,South Africa,36,1003.05,1001.81,-1.23,Puerto Rico,1405.14,L,1,9,WBSC U-18 Baseball World Cup 2025 presented by RAXUS,5.0,0.1761
2025-09-06 13:00:00,177828,Dominican Republic,13,1415.62,1416.75,1.13,Cuba,1453.79,W,9,8,VII Panamericano Sub-15 - Caribe I U-15 Pan American - Caribbean 2025,2.0,0.4634
2025-09-06 13:00:00,177828,Cuba,10,1453.79,1452.67,-1.13,Dominican Republic,1415.62,L,8,9,VII Panamericano Sub-15 - Caribe I U-15 Pan American - Caribbean 2025,2.0,0.5366
2025-09-06 14:30:00,173037,Cuba,10,1452.67,1455.58,2.92,Italy,1364.89,W,8,0,WBSC U-18 Baseball World Cup 2025 presented by RAXUS,5.0,0.5834
2025-09-06 14:30:00,173037,Italy,18,1364.89,1361.97,-2.92,Cuba,1452.67,L,0,8,WBSC U-18 Baseball World Cup 2025 presented by RAXUS,5.0,0.4166
2025-09-06 14:30:00,173038,China,34,1072.0,1069.61,-2.4,Germany,1212.1,L,3,9,WBSC U-18 Baseball World Cup 2025 presented by RAXUS,5.0,0.3687
2025-09-06 14:30:00,173038,Germany,22,1212.1,1214.5,2.4,China,1072.0,W,9,3,WBSC U-18 Baseball World Cup 2025 presented by RAXUS,5.0,0.6313
2025-09-06 18:30:00,173039,Japan,1,1930.01,1931.32,1.31,Republic of Korea,1627.05,W,4,2,WBSC U-18 Baseball World Cup 2025 presented by RAXUS,5.0,0.7618
2025-09-06 18:30:00,173039,Republic of Korea,3,1627.05,1625.74,-1.31,Japan,1930.01,L,2,4,WBSC U-18 Baseball World Cup 2025 presented by RAXUS,5.0,0.2382
2025-09-06 18:30:00,173040,United States of America,2,1740.96,1743.24,2.28,Chinese Taipei,1612.56,W,4,0,WBSC U-18 Baseball World Cup 2025 presented by RAXUS,5.0,0.6208
2025-09-06 18:30:00,173040,Chinese Taipei,4,1612.56,1610.28,-2.28,United States of America,1740.96,L,0,4,WBSC U-18 Baseball World Cup 2025 presented by RAXUS,5.0,0.3792
2025-09-07 09:00:00,177823,Puerto Rico,15,1406.38,1407.8,1.42,Cuba,1455.58,W,8,2,VII Panamericano Sub-15 - Caribe I U-15 Pan American - Caribbean 2025,2.0,0.4529
2025-09-07 09:00:00,177823,Cuba,10,1455.58,1454.16,-1.42,Puerto Rico,1406.38,L,2,8,VII Panamericano Sub-15 - Caribe I U-15 Pan American - Caribbean 2025,2.0,0.5471
2025-09-07 10:30:00,173041,Italy,18,1361.97,1359.24,-2.74,Puerto Rico,1407.8,L,2,6,WBSC U-18 Baseball World Cup 2025 presented by RAXUS,5.0,0.4561
2025-09-07 10:30:00,173041,Puerto Rico,15,1407.8,1410.54,2.74,Italy,1361.97,W,6,2,WBSC U-18 Baseball World Cup 2025 presented by RAXUS,5.0,0.5439
2025-09-07 10:30:00,173042,Australia,14,1411.38,1412.97,1.59,China,1069.61,W,15,3,WBSC U-18 Baseball World Cup 2025 presented by RAXUS,5.0,0.7878
2025-09-07 10:30:00,173042,China,34,1069.61,1068.01,-1.59,Australia,1411.38,L,3,15,WBSC U-18 Baseball World Cup 2025 presented by RAXUS,5.0,0.2122
2025-09-07 13:00:00,177825,Dominican Republic,13,1416.75,1416.97,0.22,Aruba,799.73,W,11,5,VII Panamericano Sub-15 - Caribe I U-15 Pan American - Caribbean 2025,2.0,0.9143
2025-09-07 13:00:00,177825,Aruba,78,799.73,799.51,-0.22,Dominican Republic,1416.75,L,5,11,VII Panamericano Sub-15 - Caribe I U-15 Pan American - Caribbean 2025,2.0,0.0857
2025-09-07 14:00:00,173043,Cuba,10,1454.16,1453.37,-0.79,Japan,1931.32,L,0,3,WBSC U-18 Baseball World Cup 2025 presented by RAXUS,5.0,0.1381
2025-09-07 14:00:00,173043,Japan,1,1931.32,1932.11,0.79,Cuba,1454.16,W,3,0,WBSC U-18 Baseball World Cup 2025 presented by RAXUS,5.0,0.8619
2025-09-07 14:30:00,173044,Germany,22,1214.5,1213.75,-0.76,United States of America,1743.24,L,3,9,WBSC U-18 Baseball World Cup 2025 presented by RAXUS,5.0,0.1162
2025-09-07 14:30:00,173044,United States of America,2,1743.24,1743.99,0.76,Germany,1214.5,W,9,3,WBSC U-18 Baseball World Cup 2025 presented by RAXUS,5.0,0.8838
2025-09-07 18:30:00,173045,South Africa,36,1001.81,1003.89,2.08,Republic of Korea,1625.74,D,0,0,WBSC U-18 Baseball World Cup 2025 presented by RAXUS,5.0,0.0836
2025-09-07 18:30:00,173045,Republic of Korea,3,1625.74,1623.66,-2.08,South Africa,1001.81,D,0,0,WBSC U-18 Baseball World Cup 2025 presented by RAXUS,5.0,0.9164
2025-09-07 18:30:00,173046,Chinese Taipei,4,1610.28,1612.34,2.06,Panama,1496.56,W,2,1,WBSC U-18 Baseball World Cup 2025 presented by RAXUS,5.0,0.6074
2025-09-07 18:30:00,173046,Panama,7,1496.56,1494.5,-2.06,Chinese Taipei,1610.28,L,1,2,WBSC U-18 Baseball World Cup 2025 presented by RAXUS,5.0,0.3926
2025-09-08 09:00:00,177826,Cuba,10,1453.37,1453.54,0.17,Aruba,799.51,W,8,5,VII Panamericano Sub-15 - Caribe I U-15 Pan American - Caribbean 2025,2.0,0.9248
2025-09-08 09:00:00,177826,Aruba,78,799.51,799.34,-0.17,Cuba,1453.37,L,5,8,VII Panamericano Sub-15 - Caribe I U-15 Pan American - Caribbean 2025,2.0,0.0752
2025-09-08 10:30:00,173047,United States of America,2,1743.99,1744.51,0.52,China,1068.01,W,10,0,WBSC U-18 Baseball World Cup 2025 presented by RAXUS,5.0,0.9305
2025-09-08 10:30:00,173047,China,34,1068.01,1067.49,-0.52,United States of America,1743.99,L,0,10,WBSC U-18 Baseball World Cup 2025 presented by RAXUS,5.0,0.0695
2025-09-08 10:30:00,173048,Puerto Rico,15,1410.54,1413.38,2.84,Cuba,1453.54,W,1,0,WBSC U-18 Baseball World Cup 2025 presented by RAXUS,5.0,0.4588
2025-09-08 10:30:00,173048,Cuba,10,1453.54,1450.7,-2.84,Puerto Rico,1410.54,L,0,1,WBSC U-18 Baseball World Cup 2025 presented by RAXUS,5.0,0.5412
2025-09-08 14:30:00,173052,Chinese Taipei,4,1612.34,1614.56,2.22,Australia,1412.97,W,10,2,WBSC U-18 Baseball World Cup 2025 presented by RAXUS,5.0,0.6825
2025-09-08 14:30:00,173052,Australia,15,1412.97,1410.75,-2.22,Chinese Taipei,1612.34,L,2,10,WBSC U-18 Baseball World Cup 2025 presented by RAXUS,5.0,0.3175
2025-09-08 14:30:00,173049,Panama,7,1494.5,1496.41,1.9,Germany,1213.75,W,14,0,WBSC U-18 Baseball World Cup 2025 presented by RAXUS,5.0,0.746
2025-09-08 14:30:00,173049,Germany,22,1213.75,1211.84,-1.9,Panama,1494.5,L,0,14,WBSC U-18 Baseball World Cup 2025 presented by RAXUS,5.0,0.254
2025-09-08 14:30:00,177827,Puerto Rico,14,1413.38,1412.19,-1.19,Dominican Republic,1416.97,L,4,8,VII Panamericano Sub-15 - Caribe I U-15 Pan American - Caribbean 2025,2.0,0.4966
2025-09-08 14:30:00,177827,Dominican Republic,13,1416.97,1418.16,1.19,Puerto Rico,1413.38,W,8,4,VII Panamericano Sub-15 - Caribe I U-15 Pan American - Caribbean 2025,2.0,0.5034
2025-09-08 18:30:00,173050,Japan,1,1932.11,1932.32,0.21,South Africa,1003.89,W,10,0,WBSC U-18 Baseball World Cup 2025 presented by RAXUS,5.0,0.9724
2025-09-08 18:30:00,173050,South Africa,36,1003.89,1003.69,-0.21,Japan,1932.11,L,0,10,WBSC U-18 Baseball World Cup 2025 presented by RAXUS,5.0,0.0276
2025-09-08 18:30:00,173051,Republic of Korea,3,1623.66,1625.52,1.86,Italy,1359.24,W,8,0,WBSC U-18 Baseball World Cup 2025 presented by RAXUS,5.0,0.734
2025-09-08 18:30:00,173051,Italy,18,1359.24,1357.38,-1.86,Republic of Korea,1623.66,L,0,8,WBSC U-18 Baseball World Cup 2025 presented by RAXUS,5.0,0.266
2025-09-09 10:00:00,177829,Puerto Rico,14,1412.19,1412.37,0.18,Aruba,799.34,W,12,11,VII Panamericano Sub-15 - Caribe I U-15 Pan American - Caribbean 2025,2.0,0.9131
2025-09-09 10:00:00,177829,Aruba,78,799.34,799.15,-0.18,Puerto Rico,1412.19,L,11,12,VII Panamericano Sub-15 - Caribe I U-15 Pan American - Caribbean 2025,2.0,0.0869
2025-09-09 10:30:00,173053,United States of America,2,1744.51,1746.15,1.63,Australia,1410.75,W,11,1,WBSC U-18 Baseball World Cup 2025 presented by RAXUS,5.0,0.7826
2025-09-09 10:30:00,173053,Australia,15,1410.75,1409.12,-1.63,United States of America,1744.51,L,1,11,WBSC U-18 Baseball World Cup 2025 presented by RAXUS,5.0,0.2174
2025-09-09 10:30:00,173054,China,34,1067.49,1066.4,-1.09,Panama,1496.41,L,5,12,WBSC U-18 Baseball World Cup 2025 presented by RAXUS,5.0,0.1616
2025-09-09 10:30:00,173054,Panama,7,1496.41,1497.5,1.09,China,1067.49,W,12,5,WBSC U-18 Baseball World Cup 2025 presented by RAXUS,5.0,0.8384
2025-09-09 14:30:00,173055,Republic of Korea,3,1625.52,1627.47,1.95,Cuba,1450.7,W,3,0,WBSC U-18 Baseball World Cup 2025 presented by RAXUS,5.0,0.6617
2025-09-09 14:30:00,173055,Cuba,10,1450.7,1448.75,-1.95,Republic of Korea,1625.52,L,0,3,WBSC U-18 Baseball World Cup 2025 presented by RAXUS,5.0,0.3383
2025-09-09 14:30:00,173058,Italy,18,1357.38,1358.45,1.07,South Africa,1003.69,W,5,4,WBSC U-18 Baseball World Cup 2025 presented by RAXUS,5.0,0.7953
2025-09-09 14:30:00,173058,South Africa,36,1003.69,1002.61,-1.07,Italy,1357.38,L,4,5,WBSC U-18 Baseball World Cup 2025 presented by RAXUS,5.0,0.2047
2025-09-09 14:30:00,177830,Cuba,10,1448.75,1449.93,1.18,Dominican Republic,1418.16,W,10,5,VII Panamericano Sub-15 - Caribe I U-15 Pan American - Caribbean 2025,2.0,0.5293
2025-09-09 14:30:00,177830,Dominican Republic,13,1418.16,1416.98,-1.18,Cuba,1448.75,L,5,10,VII Panamericano Sub-15 - Caribe I U-15 Pan American - Caribbean 2025,2.0,0.4707
2025-09-09 18:30:00,173056,Puerto Rico,14,1412.37,1411.68,-0.69,Japan,1932.32,L,0,3,WBSC U-18 Baseball World Cup 2025 presented by RAXUS,5.0,0.1197
2025-09-09 18:30:00,173056,Japan,1,1932.32,1933.0,0.69,Puerto Rico,1412.37,W,3,0,WBSC U-18 Baseball World Cup 2025 presented by RAXUS,5.0,0.8803
2025-09-09 18:30:00,173057,Germany,22,1211.84,1210.79,-1.05,Chinese Taipei,1614.56,L,4,8,WBSC U-18 Baseball World Cup 2025 presented by RAXUS,5.0,0.1757
2025-09-09 18:30:00,173057,Chinese Taipei,4,1614.56,1615.62,1.05,Germany,1211.84,W,8,4,WBSC U-18 Baseball World Cup 2025 presented by RAXUS,5.0,0.8243
2025-09-10 10:00:00,177974,South Africa,36,1002.61,1001.99,-0.62,Republic of Korea,1627.47,L,0,17,WBSC U-18 Baseball World Cup 2025 presented by RAXUS,5.0,0.0833
2025-09-10 10:00:00,177974,Republic of Korea,3,1627.47,1628.09,0.62,South Africa,1002.61,W,17,0,WBSC U-18 Baseball World Cup 2025 presented by RAXUS,5.0,0.9167
2025-09-10 10:00:00,177831,Cuba,10,1449.93,1451.32,1.39,Puerto Rico,1411.68,W,13,2,VII Panamericano Sub-15 - Caribe I U-15 Pan American - Caribbean 2025,2.0,0.5366
2025-09-10 10:00:00,177831,Puerto Rico,14,1411.68,1410.29,-1.39,Cuba,1449.93,L,2,13,VII Panamericano Sub-15 - Caribe I U-15 Pan American - Caribbean 2025,2.0,0.4634
2025-09-10 14:30:00,177832,Aruba,78,799.15,801.17,2.01,Dominican Republic,1416.98,W,6,4,VII Panamericano Sub-15 - Caribe I U-15 Pan American - Caribbean 2025,2.0,0.0854
2025-09-10 14:30:00,177832,Dominican Republic,13,1416.98,1414.97,-2.01,Aruba,799.15,L,4,6,VII Panamericano Sub-15 - Caribe I U-15 Pan American - Caribbean 2025,2.0,0.9146
2025-09-11 10:00:00,177833,Aruba,63,801.17,800.98,-0.19,Cuba,1451.32,L,8,13,VII Panamericano Sub-15 - Caribe I U-15 Pan American - Caribbean 2025,2.0,0.0762
2025-09-11 10:00:00,177833,Cuba,10,1451.32,1451.51,0.19,Aruba,801.17,W,13,8,VII Panamericano Sub-15 - Caribe I U-15 Pan American - Caribbean 2025,2.0,0.9238
2025-09-11 10:30:00,173059,South Africa,36,1001.99,998.92,-3.07,China,1066.4,L,3,11,WBSC U-18 Baseball World Cup 2025 presented by RAXUS,5.0,0.4385
2025-09-11 10:30:00,173059,China,34,1066.4,1069.47,3.07,South Africa,1001.99,W,11,3,WBSC U-18 Baseball World Cup 2025 presented by RAXUS,5.0,0.5615
2025-09-11 10:30:00,173060,Panama,7,1497.5,1494.29,-3.21,Puerto Rico,1410.29,L,1,3,WBSC U-18 Baseball World Cup 2025 presented by RAXUS,5.0,0.5829
2025-09-11 10:30:00,173060,Puerto Rico,14,1410.29,1413.5,3.21,Panama,1497.5,W,3,1,WBSC U-18 Baseball World Cup 2025 presented by RAXUS,5.0,0.4171
2025-09-11 14:30:00,173061,Italy,18,1358.45,1360.44,1.99,Germany,1210.79,W,4,2,WBSC U-18 Baseball World Cup 2025 presented by RAXUS,5.0,0.638
2025-09-11 14:30:00,173061,Germany,22,1210.79,1208.8,-1.99,Italy,1358.45,L,2,4,WBSC U-18 Baseball World Cup 2025 presented by RAXUS,5.0,0.362
2025-09-11 14:30:00,173063,Cuba,10,1451.51,1453.92,2.41,Australia,1409.12,W,2,1,WBSC U-18 Baseball World Cup 2025 presented by RAXUS,5.0,0.5406
2025-09-11 14:30:00,173063,Australia,15,1409.12,1406.71,-2.41,Cuba,1451.51,L,1,2,WBSC U-18 Baseball World Cup 2025 presented by RAXUS,5.0,0.4594
2025-09-11 14:30:00,177834,Dominican Republic,13,1414.97,1416.02,1.05,Puerto Rico,1413.5,W,4,3,VII Panamericano Sub-15 - Caribe I U-15 Pan American - Caribbean 2025,2.0,0.5014
2025-09-11 14:30:00,177834,Puerto Rico,14,1413.5,1412.45,-1.05,Dominican Republic,1414.97,L,3,4,VII Panamericano Sub-15 - Caribe I U-15 Pan American - Caribbean 2025,2.0,0.4986
2025-09-11 18:30:00,173062,Republic of Korea,3,1628.09,1631.39,3.29,Chinese Taipei,1615.62,W,8,1,WBSC U-18 Baseball World Cup 2025 presented by RAXUS,5.0,0.512
2025-09-11 18:30:00,173062,Chinese Taipei,4,1615.62,1612.33,-3.29,Republic of Korea,1628.09,L,1,8,WBSC U-18 Baseball World Cup 2025 presented by RAXUS,5.0,0.488
2025-09-11 18:30:00,173064,United States of America,2,1746.15,1744.18,-1.97,Japan,1933.0,L,2,6,WBSC U-18 Baseball World Cup 2025 presented by RAXUS,5.0,0.328
2025-09-11 18:30:00,173064,Japan,1,1933.0,1934.97,1.97,United States of America,1746.15,W,6,2,WBSC U-18 Baseball World Cup 2025 presented by RAXUS,5.0,0.672
2025-09-12 10:30:00,173065,Italy,18,1360.44,1361.86,1.42,China,1069.47,W,6,3,WBSC U-18 Baseball World Cup 2025 presented by RAXUS,5.0,0.7534
2025-09-12 10:30:00,173065,China,34,1069.47,1068.05,-1.42,Italy,1360.44,L,3,6,WBSC U-18 Baseball World Cup 2025 presented by RAXUS,5.0,0.2466
2025-09-12 10:30:00,173069,Cuba,10,1453.92,1455.4,1.47,Germany,1208.8,W,4,3,WBSC U-18 Baseball World Cup 2025 presented by RAXUS,5.0,0.7192
2025-09-12 10:30:00,173069,Germany,22,1208.8,1207.32,-1.47,Cuba,1453.92,L,3,4,WBSC U-18 Baseball World Cup 2025 presented by RAXUS,5.0,0.2808
2025-09-12 14:30:00,173067,Australia,15,1406.71,1408.0,1.3,South Africa,998.92,W,13,2,WBSC U-18 Baseball World Cup 2025 presented by RAXUS,5.0,0.8271
2025-09-12 14:30:00,173067,South Africa,36,998.92,997.62,-1.3,Australia,1406.71,L,2,13,WBSC U-18 Baseball World Cup 2025 presented by RAXUS,5.0,0.1729
2025-09-12 14:30:00,173066,Chinese Taipei,4,1612.33,1613.99,1.66,Puerto Rico,1412.45,W,1,0,WBSC U-18 Baseball World Cup 2025 presented by RAXUS,5.0,0.6829
2025-09-12 14:30:00,173066,Puerto Rico,14,1412.45,1410.78,-1.66,Chinese Taipei,1612.33,L,0,1,WBSC U-18 Baseball World Cup 2025 presented by RAXUS,5.0,0.3171
2025-09-12 18:30:00,173068,United States of America,2,1744.18,1746.24,2.07,Republic of Korea,1631.39,W,1,0,WBSC U-18 Baseball World Cup 2025 presented by RAXUS,5.0,0.6066
2025-09-12 18:30:00,173068,Republic of Korea,3,1631.39,1629.32,-2.07,United States of America,1744.18,L,0,1,WBSC U-18 Baseball World Cup 2025 presented by RAXUS,5.0,0.3934
2025-09-12 18:30:00,173070,Japan,1,1934.97,1935.79,0.82,Panama,1494.29,W,6,5,WBSC U-18 Baseball World Cup 2025 presented by RAXUS,5.0,0.8444
2025-09-12 18:30:00,173070,Panama,7,1494.29,1493.48,-0.82,Japan,1934.97,L,5,6,WBSC U-18 Baseball World Cup 2025 presented by RAXUS,5.0,0.1556
2025-09-13 10:30:00,173071,Germany,23,1207.32,1203.52,-3.8,South Africa,997.62,L,4,6,WBSC U-18 Baseball World Cup 2025 presented by RAXUS,5.0,0.691
2025-09-13 10:30:00,173071,South Africa,36,997.62,1001.42,3.8,Germany,1207.32,W,6,4,WBSC U-18 Baseball World Cup 2025 presented by RAXUS,5.0,0.309
2025-09-13 10:30:00,173075,Australia,15,1408.0,1411.31,3.3,Italy,1361.86,W,12,3,WBSC U-18 Baseball World Cup 2025 presented by RAXUS,5.0,0.5442
2025-09-13 10:30:00,173075,Italy,18,1361.86,1358.55,-3.3,Australia,1408.0,L,3,12,WBSC U-18 Baseball World Cup 2025 presented by RAXUS,5.0,0.4558
2025-09-13 14:30:00,173073,Cuba,10,1455.4,1456.78,1.38,China,1068.05,W,10,0,WBSC U-18 Baseball World Cup 2025 presented by RAXUS,5.0,0.8156
2025-09-13 14:30:00,173073,China,34,1068.05,1066.67,-1.38,Cuba,1455.4,L,0,10,WBSC U-18 Baseball World Cup 2025 presented by RAXUS,5.0,0.1844
2025-09-13 14:30:00,173072,United States of America,2,1746.24,1747.7,1.46,Puerto Rico,1410.78,W,7,0,WBSC U-18 Baseball World Cup 2025 presented by RAXUS,5.0,0.7837
2025-09-13 14:30:00,173072,Puerto Rico,15,1410.78,1409.32,-1.46,United States of America,1746.24,L,0,7,WBSC U-18 Baseball World Cup 2025 presented by RAXUS,5.0,0.2163
2025-09-13 15:00:00,178259,Panama,7,1493.48,1492.87,-0.6,United States of America,1747.7,L,2,4,VII Panamericano Sub-15 - Centro y norte América I U-15 Pan American - Central and North America 2025,2.0,0.2738
2025-09-13 15:00:00,178259,United States of America,2,1747.7,1748.31,0.6,Panama,1493.48,W,4,2,VII Panamericano Sub-15 - Centro y norte América I U-15 Pan American - Central and North America 2025,2.0,0.7262
2025-09-13 18:30:00,173074,Republic of Korea,3,1629.32,1632.02,2.7,Panama,1492.87,W,9,0,WBSC U-18 Baseball World Cup 2025 presented by RAXUS,5.0,0.628
2025-09-13 18:30:00,173074,Panama,7,1492.87,1490.18,-2.7,Republic of Korea,1629.32,L,0,9,WBSC U-18 Baseball World Cup 2025 presented by RAXUS,5.0,0.372
2025-09-13 18:30:00,173076,Japan,1,1935.79,1937.37,1.58,Chinese Taipei,1613.99,W,9,1,WBSC U-18 Baseball World Cup 2025 presented by RAXUS,5.0,0.7747
2025-09-13 18:30:00,173076,Chinese Taipei,4,1613.99,1612.41,-1.58,Japan,1935.79,L,1,9,WBSC U-18 Baseball World Cup 2025 presented by RAXUS,5.0,0.2253
2025-09-14 11:00:00,173077,Republic of Korea,3,1632.02,1629.3,-2.72,Chinese Taipei,1612.41,L,2,3,WBSC U-18 Baseball World Cup 2025 presented by RAXUS,5.0,0.5188
2025-09-14 11:00:00,173077,Chinese Taipei,4,1612.41,1615.14,2.72,Republic of Korea,1632.02,W,3,2,WBSC U-18 Baseball World Cup 2025 presented by RAXUS,5.0,0.4812
2025-09-14 15:00:00,178261,Nicaragua,11,1438.2,1437.57,-0.63,United States of America,1748.31,L,4,11,VII Panamericano Sub-15 - Centro y norte América I U-15 Pan American - Central and North America 2025,2.0,0.2332
2025-09-14 15:00:00,178261,United States of America,2,1748.31,1748.93,0.63,Nicaragua,1438.2,W,11,4,VII Panamericano Sub-15 - Centro y norte América I U-15 Pan American - Central and North America 2025,2.0,0.7668
2025-09-14 16:00:00,173078,Japan,1,1937.37,1933.66,-3.7,United States of America,1748.93,L,0,2,WBSC U-18 Baseball World Cup 2025 presented by RAXUS,5.0,0.6733
2025-09-14 16:00:00,173078,United States of America,2,1748.93,1752.64,3.7,Japan,1937.37,W,2,0,WBSC U-18 Baseball World Cup 2025 presented by RAXUS,5.0,0.3267
2025-09-14 19:00:00,178262,Mexico,6,1552.66,1553.85,1.19,Panama,1490.18,W,8,1,VII Panamericano Sub-15 - Centro y norte América I U-15 Pan American - Central and North America 2025,2.0,0.5597
2025-09-14 19:00:00,178262,Panama,7,1490.18,1488.99,-1.19,Mexico,1552.66,L,1,8,VII Panamericano Sub-15 - Centro y norte América I U-15 Pan American - Central and North America 2025,2.0,0.4403
2025-09-15 15:00:00,178263,Panama,7,1488.99,1489.18,0.19,Costa Rica,792.84,W,11,1,VII Panamericano Sub-15 - Centro y norte América I U-15 Pan American - Central and North America 2025,2.0,0.9353
2025-09-15 15:00:00,178263,Costa Rica,81,792.84,792.65,-0.19,Panama,1488.99,L,1,11,VII Panamericano Sub-15 - Centro y norte América I U-15 Pan American - Central and North America 2025,2.0,0.0647
2025-09-15 19:00:00,178264,Mexico,6,1553.85,1552.38,-1.46,Nicaragua,1437.57,L,2,6,VII Panamericano Sub-15 - Centro y norte América I U-15 Pan American - Central and North America 2025,2.0,0.6097
2025-09-15 19:00:00,178264,Nicaragua,11,1437.57,1439.03,1.46,Mexico,1553.85,W,6,2,VII Panamericano Sub-15 - Centro y norte América I U-15 Pan American - Central and North America 2025,2.0,0.3903
2025-09-16 10:00:00,178260,Costa Rica,81,792.65,792.49,-0.15,Mexico,1552.38,L,1,19,VII Panamericano Sub-15 - Centro y norte América I U-15 Pan American - Central and North America 2025,2.0,0.0514
2025-09-16 10:00:00,178260,Mexico,6,1552.38,1552.54,0.15,Costa Rica,792.65,W,19,1,VII Panamericano Sub-15 - Centro y norte América I U-15 Pan American - Central and North America 2025,2.0,0.9486
2025-09-16 15:00:00,178265,United States of America,2,1752.64,1752.71,0.07,Costa Rica,792.49,W,17,0,VII Panamericano Sub-15 - Centro y norte América I U-15 Pan American - Central and North America 2025,2.0,0.9755
2025-09-16 15:00:00,178265,Costa Rica,81,792.49,792.42,-0.07,United States of America,1752.64,L,0,17,VII Panamericano Sub-15 - Centro y norte América I U-15 Pan American - Central and North America 2025,2.0,0.0245
2025-09-16 19:00:00,178266,Nicaragua,11,1439.03,1440.67,1.64,Panama,1489.18,W,12,2,VII Panamericano Sub-15 - Centro y norte América I U-15 Pan American - Central and North America 2025,2.0,0.452
2025-09-16 19:00:00,178266,Panama,7,1489.18,1487.54,-1.64,Nicaragua,1439.03,L,2,12,VII Panamericano Sub-15 - Centro y norte América I U-15 Pan American - Central and North America 2025,2.0,0.548
2025-09-17 15:00:00,178267,Costa Rica,81,792.42,792.19,-0.23,Nicaragua,1440.67,L,0,10,VII Panamericano Sub-15 - Centro y norte América I U-15 Pan American - Central and North America 2025,2.0,0.0767
2025-09-17 15:00:00,178267,Nicaragua,11,1440.67,1440.9,0.23,Costa Rica,792.42,W,10,0,VII Panamericano Sub-15 - Centro y norte América I U-15 Pan American - Central and North America 2025,2.0,0.9233
2025-09-18 10:00:00,178268,United States of America,2,1752.71,1753.66,0.95,Mexico,1552.54,W,10,0,VII Panamericano Sub-15 - Centro y norte América I U-15 Pan American - Central and North America 2025,2.0,0.6831
2025-09-18 10:00:00,178268,Mexico,6,1552.54,1551.59,-0.95,United States of America,1752.71,L,0,10,VII Panamericano Sub-15 - Centro y norte América I U-15 Pan American - Central and North America 2025,2.0,0.3169
2025-09-20 10:00:00,168371,Croatia,30,1089.55,1099.11,9.56,Hungary,891.38,W,11,1,Baseball European Championship 2025,20.0,0.6815
2025-09-20 10:00:00,168371,Hungary,46,891.38,881.82,-9.56,Croatia,1089.55,L,1,11,Baseball European Championship 2025,20.0,0.3185
2025-09-20 10:30:00,168379,Greece,31,1081.93,1091.28,9.35,Lithuania,1024.59,W,4,3,Baseball European Championship 2025,20.0,0.5548
2025-09-20 10:30:00,168379,Lithuania,35,1024.59,1015.24,-9.35,Greece,1081.93,L,3,4,Baseball European Championship 2025,20.0,0.4452
2025-09-20 13:00:00,168395,Israel,22,1208.15,1219.75,11.59,France,1190.42,W,8,4,Baseball European Championship 2025,20.0,0.517
2025-09-20 13:00:00,168395,France,24,1190.42,1178.83,-11.59,Israel,1208.15,L,4,8,Baseball European Championship 2025,20.0,0.483
2025-09-20 14:00:00,168388,Germany,23,1203.52,1220.52,17.0,Czechia,1341.6,W,8,1,Baseball European Championship 2025,20.0,0.3705
2025-09-20 14:00:00,168388,Czechia,20,1341.6,1324.6,-17.0,Germany,1203.52,L,1,8,Baseball European Championship 2025,20.0,0.6295
2025-09-20 14:30:00,168372,Belgium,27,1165.46,1149.45,-16.01,Austria,1090.01,L,8,16,Baseball European Championship 2025,20.0,0.5719
2025-09-20 14:30:00,168372,Austria,31,1090.01,1106.03,16.01,Belgium,1165.46,W,16,8,Baseball European Championship 2025,20.0,0.4281
2025-09-20 15:30:00,168380,Italy,18,1358.55,1362.55,3.99,Switzerland,870.16,W,18,0,Baseball European Championship 2025,20.0,0.867
2025-09-20 15:30:00,168380,Switzerland,48,870.16,866.17,-3.99,Italy,1358.55,L,0,18,Baseball European Championship 2025,20.0,0.133
2025-09-20 18:00:00,168389,Spain,16,1402.31,1407.4,5.09,Sweden,988.65,W,15,0,Baseball European Championship 2025,20.0,0.8303
2025-09-20 18:00:00,168389,Sweden,39,988.65,983.56,-5.09,Spain,1402.31,L,0,15,Baseball European Championship 2025,20.0,0.1697
2025-09-20 19:30:00,168398,Great Britain,19,1350.79,1340.37,-10.42,Netherlands,1455.69,L,3,9,Baseball European Championship 2025,20.0,0.4007
2025-09-20 19:30:00,168398,Netherlands,10,1455.69,1466.11,10.42,Great Britain,1350.79,W,9,3,Baseball European Championship 2025,20.0,0.5993
2025-09-21 10:00:00,168373,Austria,28,1106.03,1094.88,-11.15,Croatia,1099.11,L,2,4,Baseball European Championship 2025,20.0,0.5066
2025-09-21 10:00:00,168373,Croatia,30,1099.11,1110.25,11.15,Austria,1106.03,W,4,2,Baseball European Championship 2025,20.0,0.4934
2025-09-21 10:30:00,168381,Switzerland,49,866.17,883.05,16.88,Greece,1091.28,W,12,8,Baseball European Championship 2025,20.0,0.2965
2025-09-21 10:30:00,168381,Greece,31,1091.28,1074.4,-16.88,Switzerland,866.17,L,8,12,Baseball European Championship 2025,20.0,0.7035
2025-09-21 13:00:00,168391,Israel,23,1219.75,1208.16,-11.59,Great Britain,1340.37,L,1,16,Baseball European Championship 2025,20.0,0.3863
2025-09-21 13:00:00,168391,Great Britain,19,1340.37,1351.96,11.59,Israel,1219.75,W,16,1,Baseball European Championship 2025,20.0,0.6137
2025-09-21 14:30:00,168374,Belgium,27,1149.45,1157.36,7.91,Hungary,881.82,W,19,9,Baseball European Championship 2025,20.0,0.7363
2025-09-21 14:30:00,168374,Hungary,47,881.82,873.91,-7.91,Belgium,1149.45,L,9,19,Baseball European Championship 2025,20.0,0.2637
2025-09-21 15:00:00,168392,France,24,1178.83,1171.6,-7.23,Netherlands,1466.11,L,4,13,Baseball European Championship 2025,20.0,0.2493
2025-09-21 15:00:00,168392,Netherlands,9,1466.11,1473.34,7.23,France,1178.83,W,13,4,Baseball European Championship 2025,20.0,0.7507
2025-09-21 15:30:00,168382,Lithuania,35,1015.24,1008.98,-6.26,Italy,1362.55,L,0,16,Baseball European Championship 2025,20.0,0.2087
2025-09-21 15:30:00,168382,Italy,18,1362.55,1368.81,6.26,Lithuania,1015.24,W,16,0,Baseball European Championship 2025,20.0,0.7913
2025-09-21 18:00:00,168393,Sweden,40,983.56,977.53,-6.03,Germany,1220.52,L,3,4,Baseball European Championship 2025,20.0,0.2871
2025-09-21 18:00:00,168393,Germany,22,1220.52,1226.55,6.03,Sweden,983.56,W,4,3,Baseball European Championship 2025,20.0,0.7129
2025-09-21 19:30:00,168394,Czechia,20,1324.6,1340.81,16.21,Spain,1407.4,W,9,1,Baseball European Championship 2025,20.0,0.4212
2025-09-21 19:30:00,168394,Spain,16,1407.4,1391.19,-16.21,Czechia,1324.6,L,1,9,Baseball European Championship 2025,20.0,0.5788
2025-09-22 09:30:00,178061,Philippines,25,1171.04,1169.51,-1.53,Japan,1933.66,L,1,18,BFA XXXI Asian Baseball Championship 2025,20.0,0.0508
2025-09-22 09:30:00,178061,Japan,1,1933.66,1935.19,1.53,Philippines,1171.04,W,18,1,BFA XXXI Asian Baseball Championship 2025,20.0,0.9492
2025-09-22 10:00:00,168375,Hungary,48,873.91,864.91,-9.0,Austria,1094.88,L,2,26,Baseball European Championship 2025,20.0,0.2999
2025-09-22 10:00:00,168375,Austria,30,1094.88,1103.88,9.0,Hungary,873.91,W,26,2,Baseball European Championship 2025,20.0,0.7001
2025-09-22 11:30:00,168383,Switzerland,46,883.05,900.37,17.32,Lithuania,1008.98,W,13,5,Baseball European Championship 2025,20.0,0.3815
2025-09-22 11:30:00,168383,Lithuania,35,1008.98,991.66,-17.32,Switzerland,883.05,L,5,13,Baseball European Championship 2025,20.0,0.6185
2025-09-22 12:30:00,178744,Palestine,42,929.22,927.2,-2.01,Chinese Taipei,1615.14,L,0,14,BFA XXXI Asian Baseball Championship 2025,20.0,0.0671
2025-09-22 12:30:00,178744,Chinese Taipei,4,1615.14,1617.15,2.01,Palestine,929.22,W,14,0,BFA XXXI Asian Baseball Championship 2025,20.0,0.9329
2025-09-22 13:00:00,168387,Great Britain,19,1351.96,1360.3,8.34,France,1171.6,W,9,4,Baseball European Championship 2025,20.0,0.6665
2025-09-22 13:00:00,168387,France,24,1171.6,1163.26,-8.34,Great Britain,1351.96,L,4,9,Baseball European Championship 2025,20.0,0.3335
2025-09-22 13:30:00,178068,Republic of Korea,3,1629.3,1632.51,3.21,Hong Kong,1076.7,W,16,1,BFA XXXI Asian Baseball Championship 2025,20.0,0.8929
2025-09-22 13:30:00,178068,Hong Kong,31,1076.7,1073.48,-3.21,Republic of Korea,1629.3,L,1,16,BFA XXXI Asian Baseball Championship 2025,20.0,0.1071
2025-09-22 14:00:00,168396,Spain,16,1391.19,1398.83,7.64,Germany,1226.55,W,4,2,Baseball European Championship 2025,20.0,0.6529
2025-09-22 14:00:00,168396,Germany,22,1226.55,1218.91,-7.64,Spain,1391.19,L,2,4,Baseball European Championship 2025,20.0,0.3471
2025-09-22 15:30:00,168376,Croatia,28,1110.25,1122.79,12.54,Belgium,1157.36,W,6,3,Baseball European Championship 2025,20.0,0.4549
2025-09-22 15:30:00,168376,Belgium,27,1157.36,1144.82,-12.54,Croatia,1110.25,L,3,6,Baseball European Championship 2025,20.0,0.5451
2025-09-22 15:30:00,168384,Italy,18,1368.81,1374.91,6.1,Greece,1074.4,W,9,4,Baseball European Championship 2025,20.0,0.7558
2025-09-22 15:30:00,168384,Greece,31,1074.4,1068.29,-6.1,Italy,1368.81,L,4,9,Baseball European Championship 2025,20.0,0.2442
2025-09-22 18:00:00,168397,Czechia,20,1340.81,1346.77,5.96,Sweden,977.53,W,10,0,Baseball European Championship 2025,20.0,0.8013
2025-09-22 18:00:00,168397,Sweden,41,977.53,971.57,-5.96,Czechia,1340.81,L,0,10,Baseball European Championship 2025,20.0,0.1987
2025-09-22 18:30:00,178069,China,34,1066.67,1081.86,15.19,Pakistan,1073.42,W,10,0,BFA XXXI Asian Baseball Championship 2025,20.0,0.4935
2025-09-22 18:30:00,178069,Pakistan,32,1073.42,1058.23,-15.19,China,1066.67,L,0,10,BFA XXXI Asian Baseball Championship 2025,20.0,0.5065
2025-09-22 19:30:00,168390,Netherlands,9,1473.34,1480.77,7.43,Israel,1208.16,W,9,1,Baseball European Championship 2025,20.0,0.7345
2025-09-22 19:30:00,168390,Israel,23,1208.16,1200.72,-7.43,Netherlands,1473.34,L,1,9,Baseball European Championship 2025,20.0,0.2655
2025-09-23 10:30:00,168385,Greece,33,1068.29,1080.25,11.96,Lithuania,991.66,W,13,5,Baseball European Championship 2025,20.0,0.573
2025-09-23 10:30:00,168385,Lithuania,38,991.66,979.7,-11.96,Greece,1068.29,L,5,13,Baseball European Championship 2025,20.0,0.427
2025-09-23 12:30:00,178070,Hong Kong,33,1073.48,1058.84,-14.65,Palestine,927.2,L,2,5,BFA XXXI Asian Baseball Championship 2025,20.0,0.6368
2025-09-23 12:30:00,178070,Palestine,42,927.2,941.85,14.65,Hong Kong,1073.48,W,5,2,BFA XXXI Asian Baseball Championship 2025,20.0,0.3632
2025-09-23 12:30:00,178071,China,31,1081.86,1094.7,12.83,Philippines,1169.51,W,4,2,BFA XXXI Asian Baseball Championship 2025,20.0,0.4167
2025-09-23 12:30:00,178071,Philippines,24,1169.51,1156.68,-12.83,China,1081.86,L,2,4,BFA XXXI Asian Baseball Championship 2025,20.0,0.5833
2025-09-23 15:30:00,168377,Belgium,27,1144.82,1151.19,6.37,Hungary,864.91,W,8,3,Baseball European Championship 2025,20.0,0.7454
2025-09-23 15:30:00,168377,Hungary,49,864.91,858.55,-6.37,Belgium,1144.82,L,3,8,Baseball European Championship 2025,20.0,0.2546
2025-09-23 18:30:00,178072,Japan,1,1935.19,1936.19,1.0,Pakistan,1058.23,W,17,2,BFA XXXI Asian Baseball Championship 2025,20.0,0.9666
2025-09-23 18:30:00,178072,Pakistan,34,1058.23,1057.23,-1.0,Japan,1935.19,L,2,17,BFA XXXI Asian Baseball Championship 2025,20.0,0.0334
2025-09-23 18:30:00,178073,Chinese Taipei,4,1617.15,1632.59,15.44,Republic of Korea,1632.51,W,10,0,BFA XXXI Asian Baseball Championship 2025,20.0,0.4853
2025-09-23 18:30:00,178073,Republic of Korea,3,1632.51,1617.07,-15.44,Chinese Taipei,1617.15,L,0,10,BFA XXXI Asian Baseball Championship 2025,20.0,0.5147
2025-09-24 10:30:00,168386,Lithuania,40,979.7,981.61,1.91,Greece,1080.25,D,0,0,Baseball European Championship 2025,20.0,0.4047
2025-09-24 10:30:00,168386,Greece,32,1080.25,1078.34,-1.91,Lithuania,979.7,D,0,0,Baseball European Championship 2025,20.0,0.5953
2025-09-24 12:00:00,168378,Hungary,49,858.55,863.64,5.09,Belgium,1151.19,D,0,0,Baseball European Championship 2025,20.0,0.2454
2025-09-24 12:00:00,168378,Belgium,27,1151.19,1146.1,-5.09,Hungary,858.55,D,0,0,Baseball European Championship 2025,20.0,0.7546
2025-09-24 12:30:00,178074,Pakistan,34,1057.23,1045.87,-11.36,Philippines,1156.68,L,3,11,BFA XXXI Asian Baseball Championship 2025,20.0,0.4057
2025-09-24 12:30:00,178074,Philippines,26,1156.68,1168.04,11.36,Pakistan,1057.23,W,11,3,BFA XXXI Asian Baseball Championship 2025,20.0,0.5943
2025-09-24 12:30:00,178075,Republic of Korea,4,1617.07,1619.09,2.02,Palestine,941.85,W,9,0,BFA XXXI Asian Baseball Championship 2025,20.0,0.9303
2025-09-24 12:30:00,178075,Palestine,42,941.85,939.83,-2.02,Republic of Korea,1617.07,L,0,9,BFA XXXI Asian Baseball Championship 2025,20.0,0.0697
2025-09-24 13:00:00,168401,Israel,23,1200.72,1207.44,6.72,Switzerland,900.37,W,9,1,Baseball European Championship 2025,20.0,0.76
2025-09-24 13:00:00,168401,Switzerland,46,900.37,893.65,-6.72,Israel,1200.72,L,1,9,Baseball European Championship 2025,20.0,0.24
2025-09-24 14:00:00,168400,Sweden,41,971.57,962.24,-9.33,Croatia,1122.79,L,3,9,Baseball European Championship 2025,20.0,0.3589
2025-09-24 14:00:00,168400,Croatia,28,1122.79,1132.12,9.33,Sweden,971.57,W,9,3,Baseball European Championship 2025,20.0,0.6411
2025-09-24 18:00:00,168399,Spain,16,1398.83,1406.14,7.31,Austria,1103.88,W,10,0,Baseball European Championship 2025,20.0,0.7562
2025-09-24 18:00:00,168399,Austria,30,1103.88,1096.56,-7.31,Spain,1398.83,L,0,10,Baseball European Championship 2025,20.0,0.2438
2025-09-24 18:30:00,178076,Chinese Taipei,3,1632.59,1635.58,2.99,Hong Kong,1058.84,W,11,0,BFA XXXI Asian Baseball Championship 2025,20.0,0.9004
2025-09-24 18:30:00,178076,Hong Kong,33,1058.84,1055.85,-2.99,Chinese Taipei,1632.59,L,0,11,BFA XXXI Asian Baseball Championship 2025,20.0,0.0996
2025-09-24 18:30:00,178077,Japan,1,1936.19,1937.33,1.14,China,1094.7,W,13,0,BFA XXXI Asian Baseball Championship 2025,20.0,0.9619
2025-09-24 18:30:00,178077,China,31,1094.7,1093.55,-1.14,Japan,1936.19,L,0,13,BFA XXXI Asian Baseball Championship 2025,20.0,0.0381
2025-09-24 19:30:00,168402,France,26,1163.26,1155.88,-7.38,Italy,1374.91,L,2,6,Baseball European Championship 2025,20.0,0.3074
2025-09-24 19:30:00,168402,Italy,17,1374.91,1382.29,7.38,France,1163.26,W,6,2,Baseball European Championship 2025,20.0,0.6926
2025-09-25 10:00:00,168403,Sweden,41,962.24,971.36,9.13,Switzerland,893.65,W,1,0,Baseball European Championship 2025,20.0,0.5654
2025-09-25 10:00:00,168403,Switzerland,46,893.65,884.52,-9.13,Sweden,962.24,L,0,1,Baseball European Championship 2025,20.0,0.4346
2025-09-25 11:00:00,168404,France,26,1155.88,1143.08,-12.8,Austria,1096.56,L,3,6,Baseball European Championship 2025,20.0,0.5567
2025-09-25 11:00:00,168404,Austria,30,1096.56,1109.36,12.8,France,1155.88,W,6,3,Baseball European Championship 2025,20.0,0.4433
2025-09-25 14:00:00,168407,Czechia,20,1346.77,1354.53,7.76,Israel,1207.44,W,4,3,Baseball European Championship 2025,20.0,0.6306
2025-09-25 14:00:00,168407,Israel,23,1207.44,1199.69,-7.76,Czechia,1346.77,L,3,4,Baseball European Championship 2025,20.0,0.3694
2025-09-25 15:00:00,168408,Germany,22,1218.91,1211.6,-7.31,Italy,1382.29,L,0,1,Baseball European Championship 2025,20.0,0.3482
2025-09-25 15:00:00,168408,Italy,17,1382.29,1389.6,7.31,Germany,1218.91,W,1,0,Baseball European Championship 2025,20.0,0.6518
2025-09-25 18:00:00,168405,Great Britain,19,1360.3,1347.99,-12.32,Spain,1406.14,L,0,7,Baseball European Championship 2025,20.0,0.4561
2025-09-25 18:00:00,168405,Spain,16,1406.14,1418.46,12.32,Great Britain,1360.3,W,7,0,Baseball European Championship 2025,20.0,0.5439
2025-09-25 19:30:00,168406,Netherlands,9,1480.77,1485.34,4.57,Croatia,1132.12,W,3,1,Baseball European Championship 2025,20.0,0.7922
2025-09-25 19:30:00,168406,Croatia,28,1132.12,1127.55,-4.57,Netherlands,1480.77,L,1,3,Baseball European Championship 2025,20.0,0.2078
2025-09-26 10:00:00,168409,Switzerland,46,884.52,904.95,20.43,France,1143.08,W,11,3,Baseball European Championship 2025,20.0,0.2705
2025-09-26 10:00:00,168409,France,27,1143.08,1122.65,-20.43,Switzerland,884.52,L,3,11,Baseball European Championship 2025,20.0,0.7295
2025-09-26 11:00:00,168410,Austria,29,1109.36,1118.26,8.89,Sweden,971.36,W,6,2,Baseball European Championship 2025,20.0,0.6294
2025-09-26 11:00:00,168410,Sweden,41,971.36,962.47,-8.89,Austria,1109.36,L,2,6,Baseball European Championship 2025,20.0,0.3706
2025-09-26 12:30:00,178063,Hong Kong,33,1055.85,1067.62,11.77,Pakistan,1045.87,W,9,5,BFA XXXI Asian Baseball Championship 2025,20.0,0.5096
2025-09-26 12:30:00,178063,Pakistan,34,1045.87,1034.1,-11.77,Hong Kong,1055.85,L,5,9,BFA XXXI Asian Baseball Championship 2025,20.0,0.4904
2025-09-26 12:30:00,178064,China,31,1093.55,1090.97,-2.58,Republic of Korea,1619.09,L,6,8,BFA XXXI Asian Baseball Championship 2025,20.0,0.1174
2025-09-26 12:30:00,178064,Republic of Korea,4,1619.09,1621.67,2.58,China,1093.55,W,8,6,BFA XXXI Asian Baseball Championship 2025,20.0,0.8826
2025-09-26 14:00:00,168413,Germany,22,1211.6,1221.86,10.26,Israel,1199.69,W,10,9,Baseball European Championship 2025,20.0,0.5114
2025-09-26 14:00:00,168413,Israel,23,1199.69,1189.43,-10.26,Germany,1211.6,L,9,10,Baseball European Championship 2025,20.0,0.4886
2025-09-26 15:00:00,168414,Czechia,19,1354.53,1343.8,-10.73,Italy,1389.6,L,5,8,Baseball European Championship 2025,20.0,0.4664
2025-09-26 15:00:00,168414,Italy,17,1389.6,1400.33,10.73,Czechia,1354.53,W,8,5,Baseball European Championship 2025,20.0,0.5336
2025-09-26 18:00:00,168411,Croatia,27,1127.55,1121.24,-6.31,Great Britain,1347.99,L,2,3,Baseball European Championship 2025,20.0,0.3003
2025-09-26 18:00:00,168411,Great Britain,19,1347.99,1354.29,6.31,Croatia,1127.55,W,3,2,Baseball European Championship 2025,20.0,0.6997
2025-09-26 18:30:00,178078,Palestine,42,939.83,956.77,16.94,Philippines,1168.04,W,7,3,BFA XXXI Asian Baseball Championship 2025,20.0,0.294
2025-09-26 18:30:00,178078,Philippines,24,1168.04,1151.1,-16.94,Palestine,939.83,L,3,7,BFA XXXI Asian Baseball Championship 2025,20.0,0.706
2025-09-26 18:30:00,178079,Japan,1,1937.33,1942.35,5.02,Chinese Taipei,1635.58,W,3,2,BFA XXXI Asian Baseball Championship 2025,20.0,0.761
2025-09-26 18:30:00,178079,Chinese Taipei,3,1635.58,1630.56,-5.02,Japan,1937.33,L,2,3,BFA XXXI Asian Baseball Championship 2025,20.0,0.239
2025-09-26 19:30:00,168412,Netherlands,9,1485.34,1496.25,10.9,Spain,1418.46,W,6,1,Baseball European Championship 2025,20.0,0.5638
2025-09-26 19:30:00,168412,Spain,13,1418.46,1407.55,-10.9,Netherlands,1485.34,L,1,6,Baseball European Championship 2025,20.0,0.4362
2025-09-27 11:00:00,168415,Croatia,28,1121.24,1109.93,-11.31,Israel,1189.43,L,5,11,Baseball European Championship 2025,20.0,0.435
2025-09-27 11:00:00,168415,Israel,23,1189.43,1200.73,11.31,Croatia,1121.24,W,11,5,Baseball European Championship 2025,20.0,0.565
2025-09-27 12:30:00,178172,Palestine,42,956.77,946.96,-9.81,Pakistan,1034.1,L,2,5,BFA XXXI Asian Baseball Championship 2025,20.0,0.4264
2025-09-27 12:30:00,178172,Pakistan,34,1034.1,1043.9,9.81,Palestine,956.77,W,5,2,BFA XXXI Asian Baseball Championship 2025,20.0,0.5736
2025-09-27 12:30:00,178173,Chinese Taipei,3,1630.56,1633.25,2.69,China,1090.97,W,4,0,BFA XXXI Asian Baseball Championship 2025,20.0,0.888
2025-09-27 12:30:00,178173,China,31,1090.97,1088.28,-2.69,Chinese Taipei,1630.56,L,0,4,BFA XXXI Asian Baseball Championship 2025,20.0,0.112
2025-09-27 14:00:00,168416,Spain,16,1407.55,1392.41,-15.14,Czechia,1343.8,L,2,9,Baseball European Championship 2025,20.0,0.5609
2025-09-27 14:00:00,168416,Czechia,20,1343.8,1358.95,15.14,Spain,1407.55,W,9,2,Baseball European Championship 2025,20.0,0.4391
2025-09-27 16:00:00,168417,Great Britain,20,1354.29,1340.56,-13.74,Germany,1221.86,L,0,2,Baseball European Championship 2025,20.0,0.6244
2025-09-27 16:00:00,168417,Germany,22,1221.86,1235.6,13.74,Great Britain,1354.29,W,2,0,Baseball European Championship 2025,20.0,0.3756
2025-09-27 18:30:00,178174,Philippines,25,1151.1,1159.93,8.83,Hong Kong,1067.62,W,7,6,BFA XXXI Asian Baseball Championship 2025,20.0,0.5794
2025-09-27 18:30:00,178174,Hong Kong,33,1067.62,1058.79,-8.83,Philippines,1151.1,L,6,7,BFA XXXI Asian Baseball Championship 2025,20.0,0.4206
2025-09-27 18:30:00,178175,Japan,1,1942.35,1926.1,-16.25,Republic of Korea,1621.67,L,0,1,BFA XXXI Asian Baseball Championship 2025,20.0,0.7739
2025-09-27 18:30:00,178175,Republic of Korea,4,1621.67,1637.92,16.25,Japan,1942.35,W,1,0,BFA XXXI Asian Baseball Championship 2025,20.0,0.2261
2025-09-27 19:30:00,168418,Netherlands,7,1496.25,1504.84,8.59,Italy,1400.33,W,6,5,Baseball European Championship 2025,20.0,0.591
2025-09-27 19:30:00,168418,Italy,16,1400.33,1391.74,-8.59,Netherlands,1496.25,L,5,6,Baseball European Championship 2025,20.0,0.409
2025-09-28 12:00:00,179053,Guatemala,80,794.8,794.67,-0.13,Mexico,1551.59,L,0,5,"V Panamericano Sub-23 - Caribe, Centro y Norte América I U-23 Pan American - Caribbean, Central and North America 2025",2.0,0.0519
2025-09-28 12:00:00,179053,Mexico,6,1551.59,1551.72,0.13,Guatemala,794.8,W,5,0,"V Panamericano Sub-23 - Caribe, Centro y Norte América I U-23 Pan American - Caribbean, Central and North America 2025",2.0,0.9481
2025-09-28 12:00:00,179055,Cuba,10,1456.78,1456.98,0.2,Virgin Islands,803.35,W,8,2,"V Panamericano Sub-23 - Caribe, Centro y Norte América I U-23 Pan American - Caribbean, Central and North America 2025",2.0,0.9247
2025-09-28 12:00:00,179055,Virgin Islands,60,803.35,803.15,-0.2,Cuba,1456.78,L,2,8,"V Panamericano Sub-23 - Caribe, Centro y Norte América I U-23 Pan American - Caribbean, Central and North America 2025",2.0,0.0753
2025-09-28 12:30:00,178065,Republic of Korea,3,1637.92,1640.2,2.27,China,1088.28,W,4,3,BFA XXXI Asian Baseball Championship 2025,20.0,0.8918
2025-09-28 12:30:00,178065,China,31,1088.28,1086.01,-2.27,Republic of Korea,1637.92,L,3,4,BFA XXXI Asian Baseball Championship 2025,20.0,0.1082
2025-09-28 17:00:00,179056,Bahamas,79,796.22,795.98,-0.24,Puerto Rico,1409.32,L,1,9,"V Panamericano Sub-23 - Caribe, Centro y Norte América I U-23 Pan American - Caribbean, Central and North America 2025",2.0,0.0868
2025-09-28 17:00:00,179056,Puerto Rico,15,1409.32,1409.57,0.24,Bahamas,796.22,W,9,1,"V Panamericano Sub-23 - Caribe, Centro y Norte América I U-23 Pan American - Caribbean, Central and North America 2025",2.0,0.9132
2025-09-28 18:30:00,178176,Chinese Taipei,4,1633.25,1625.89,-7.36,Japan,1926.1,L,0,11,BFA XXXI Asian Baseball Championship 2025,20.0,0.2453
2025-09-28 18:30:00,178176,Japan,1,1926.1,1933.46,7.36,Chinese Taipei,1633.25,W,11,0,BFA XXXI Asian Baseball Championship 2025,20.0,0.7547
2025-09-28 19:00:00,179054,Panama,8,1487.54,1487.73,0.19,Costa Rica,792.19,W,17,0,"V Panamericano Sub-23 - Caribe, Centro y Norte América I U-23 Pan American - Caribbean, Central and North America 2025",2.0,0.9351
2025-09-28 19:00:00,179054,Costa Rica,81,792.19,791.99,-0.19,Panama,1487.54,L,0,17,"V Panamericano Sub-23 - Caribe, Centro y Norte América I U-23 Pan American - Caribbean, Central and North America 2025",2.0,0.0649
2025-09-29 12:00:00,179057,Costa Rica,81,791.99,790.9,-1.09,Guatemala,794.67,L,0,2,"V Panamericano Sub-23 - Caribe, Centro y Norte América I U-23 Pan American - Caribbean, Central and North America 2025",2.0,0.4974
2025-09-29 12:00:00,179057,Guatemala,80,794.67,795.76,1.09,Costa Rica,791.99,W,2,0,"V Panamericano Sub-23 - Caribe, Centro y Norte América I U-23 Pan American - Caribbean, Central and North America 2025",2.0,0.5026
2025-09-29 12:00:00,179060,Virgin Islands,60,803.15,804.38,1.23,Bahamas,795.98,W,7,2,"V Panamericano Sub-23 - Caribe, Centro y Norte América I U-23 Pan American - Caribbean, Central and North America 2025",2.0,0.5069
2025-09-29 12:00:00,179060,Bahamas,79,795.98,794.74,-1.23,Virgin Islands,803.15,L,2,7,"V Panamericano Sub-23 - Caribe, Centro y Norte América I U-23 Pan American - Caribbean, Central and North America 2025",2.0,0.4931
2025-09-29 17:00:00,179061,Cuba,10,1456.98,1457.16,0.19,Aruba,800.98,W,5,0,"V Panamericano Sub-23 - Caribe, Centro y Norte América I U-23 Pan American - Caribbean, Central and North America 2025",2.0,0.9254
2025-09-29 17:00:00,179061,Aruba,63,800.98,800.79,-0.19,Cuba,1456.98,L,0,5,"V Panamericano Sub-23 - Caribe, Centro y Norte América I U-23 Pan American - Caribbean, Central and North America 2025",2.0,0.0746
2025-09-29 20:00:00,179059,Panama,8,1487.73,1487.9,0.17,Honduras,829.47,W,3,0,"V Panamericano Sub-23 - Caribe, Centro y Norte América I U-23 Pan American - Caribbean, Central and North America 2025",2.0,0.926
2025-09-29 20:00:00,179059,Honduras,53,829.47,829.3,-0.17,Panama,1487.73,L,0,3,"V Panamericano Sub-23 - Caribe, Centro y Norte América I U-23 Pan American - Caribbean, Central and North America 2025",2.0,0.074
2025-09-30 12:00:00,179062,Honduras,53,829.3,828.18,-1.12,Guatemala,795.76,L,1,2,"V Panamericano Sub-23 - Caribe, Centro y Norte América I U-23 Pan American - Caribbean, Central and North America 2025",2.0,0.5321
2025-09-30 12:00:00,179062,Guatemala,79,795.76,796.88,1.12,Honduras,829.3,W,2,1,"V Panamericano Sub-23 - Caribe, Centro y Norte América I U-23 Pan American - Caribbean, Central and North America 2025",2.0,0.4679
2025-09-30 12:00:00,179064,Aruba,63,800.79,799.57,-1.21,Bahamas,794.74,L,3,7,"V Panamericano Sub-23 - Caribe, Centro y Norte América I U-23 Pan American - Caribbean, Central and North America 2025",2.0,0.5058
2025-09-30 12:00:00,179064,Bahamas,80,794.74,795.96,1.21,Aruba,800.79,W,7,3,"V Panamericano Sub-23 - Caribe, Centro y Norte América I U-23 Pan American - Caribbean, Central and North America 2025",2.0,0.4942
2025-09-30 17:00:00,179063,Costa Rica,81,790.9,790.78,-0.12,Mexico,1551.72,L,2,5,"V Panamericano Sub-23 - Caribe, Centro y Norte América I U-23 Pan American - Caribbean, Central and North America 2025",2.0,0.0512
2025-09-30 17:00:00,179063,Mexico,6,1551.72,1551.84,0.12,Costa Rica,790.9,W,5,2,"V Panamericano Sub-23 - Caribe, Centro y Norte América I U-23 Pan American - Caribbean, Central and North America 2025",2.0,0.9488
2025-09-30 17:00:00,179065,Virgin Islands,59,804.38,804.14,-0.24,Puerto Rico,1409.57,L,2,9,"V Panamericano Sub-23 - Caribe, Centro y Norte América I U-23 Pan American - Caribbean, Central and North America 2025",2.0,0.0893
2025-09-30 17:00:00,179065,Puerto Rico,15,1409.57,1409.81,0.24,Virgin Islands,804.38,W,9,2,"V Panamericano Sub-23 - Caribe, Centro y Norte América I U-23 Pan American - Caribbean, Central and North America 2025",2.0,0.9107
2025-10-01 12:00:00,179066,Honduras,53,828.18,826.84,-1.34,Costa Rica,790.78,L,0,5,"V Panamericano Sub-23 - Caribe, Centro y Norte América I U-23 Pan American - Caribbean, Central and North America 2025",2.0,0.5358
2025-10-01 12:00:00,179066,Costa Rica,81,790.78,792.12,1.34,Honduras,828.18,W,5,0,"V Panamericano Sub-23 - Caribe, Centro y Norte América I U-23 Pan American - Caribbean, Central and North America 2025",2.0,0.4642
2025-10-01 12:00:00,179068,Aruba,78,799.57,798.34,-1.24,Virgin Islands,804.14,L,3,8,"V Panamericano Sub-23 - Caribe, Centro y Norte América I U-23 Pan American - Caribbean, Central and North America 2025",2.0,0.4956
2025-10-01 12:00:00,179068,Virgin Islands,59,804.14,805.38,1.24,Aruba,799.57,W,8,3,"V Panamericano Sub-23 - Caribe, Centro y Norte América I U-23 Pan American - Caribbean, Central and North America 2025",2.0,0.5044
2025-10-01 17:00:00,179069,Puerto Rico,15,1409.81,1408.67,-1.14,Cuba,1457.16,L,0,5,"V Panamericano Sub-23 - Caribe, Centro y Norte América I U-23 Pan American - Caribbean, Central and North America 2025",2.0,0.4547
2025-10-01 17:00:00,179069,Cuba,10,1457.16,1458.3,1.14,Puerto Rico,1409.81,W,5,0,"V Panamericano Sub-23 - Caribe, Centro y Norte América I U-23 Pan American - Caribbean, Central and North America 2025",2.0,0.5453
2025-10-01 20:00:00,179067,Mexico,6,1551.84,1552.89,1.05,Panama,1487.9,W,9,5,"V Panamericano Sub-23 - Caribe, Centro y Norte América I U-23 Pan American - Caribbean, Central and North America 2025",2.0,0.561
2025-10-01 20:00:00,179067,Panama,8,1487.9,1486.85,-1.05,Mexico,1551.84,L,5,9,"V Panamericano Sub-23 - Caribe, Centro y Norte América I U-23 Pan American - Caribbean, Central and North America 2025",2.0,0.439
2025-10-02 12:00:00,179070,Mexico,6,1552.89,1553.04,0.15,Honduras,826.84,W,6,0,"V Panamericano Sub-23 - Caribe, Centro y Norte América I U-23 Pan American - Caribbean, Central and North America 2025",2.0,0.9419
2025-10-02 12:00:00,179070,Honduras,53,826.84,826.69,-0.15,Mexico,1552.89,L,0,6,"V Panamericano Sub-23 - Caribe, Centro y Norte América I U-23 Pan American - Caribbean, Central and North America 2025",2.0,0.0581
2025-10-02 12:00:00,179072,Bahamas,80,795.96,797.9,1.95,Cuba,1458.3,W,1,0,"V Panamericano Sub-23 - Caribe, Centro y Norte América I U-23 Pan American - Caribbean, Central and North America 2025",2.0,0.073
2025-10-02 12:00:00,179072,Cuba,10,1458.3,1456.35,-1.95,Bahamas,795.96,L,0,1,"V Panamericano Sub-23 - Caribe, Centro y Norte América I U-23 Pan American - Caribbean, Central and North America 2025",2.0,0.927
2025-10-02 17:00:00,179073,Puerto Rico,15,1408.67,1408.88,0.21,Aruba,798.34,W,4,0,"V Panamericano Sub-23 - Caribe, Centro y Norte América I U-23 Pan American - Caribbean, Central and North America 2025",2.0,0.9123
2025-10-02 17:00:00,179073,Aruba,78,798.34,798.13,-0.21,Puerto Rico,1408.67,L,0,4,"V Panamericano Sub-23 - Caribe, Centro y Norte América I U-23 Pan American - Caribbean, Central and North America 2025",2.0,0.0877
2025-10-02 20:00:00,179071,Guatemala,80,796.88,796.68,-0.2,Panama,1486.85,L,2,13,"V Panamericano Sub-23 - Caribe, Centro y Norte América I U-23 Pan American - Caribbean, Central and North America 2025",2.0,0.0661
2025-10-02 20:00:00,179071,Panama,8,1486.85,1487.05,0.2,Guatemala,796.88,W,13,2,"V Panamericano Sub-23 - Caribe, Centro y Norte América I U-23 Pan American - Caribbean, Central and North America 2025",2.0,0.9339
2025-10-03 15:00:00,179338,Mexico,6,1553.04,1551.64,-1.4,Puerto Rico,1408.88,L,0,2,"V Panamericano Sub-23 - Caribe, Centro y Norte América I U-23 Pan American - Caribbean, Central and North America 2025",2.0,0.6349
2025-10-03 15:00:00,179338,Puerto Rico,15,1408.88,1410.28,1.4,Mexico,1553.04,W,2,0,"V Panamericano Sub-23 - Caribe, Centro y Norte América I U-23 Pan American - Caribbean, Central and North America 2025",2.0,0.3651
2025-10-03 20:00:00,179337,Cuba,10,1456.35,1455.18,-1.18,Panama,1487.05,L,2,7,"V Panamericano Sub-23 - Caribe, Centro y Norte América I U-23 Pan American - Caribbean, Central and North America 2025",2.0,0.4706
2025-10-03 20:00:00,179337,Panama,8,1487.05,1488.22,1.18,Cuba,1456.35,W,7,2,"V Panamericano Sub-23 - Caribe, Centro y Norte América I U-23 Pan American - Caribbean, Central and North America 2025",2.0,0.5294
2025-10-04 15:00:00,179369,Mexico,6,1551.64,1550.4,-1.24,Cuba,1455.18,L,4,5,"V Panamericano Sub-23 - Caribe, Centro y Norte América I U-23 Pan American - Caribbean, Central and North America 2025",2.0,0.5915
2025-10-04 15:00:00,179369,Cuba,10,1455.18,1456.42,1.24,Mexico,1551.64,W,5,4,"V Panamericano Sub-23 - Caribe, Centro y Norte América I U-23 Pan American - Caribbean, Central and North America 2025",2.0,0.4085
2025-10-04 20:10:00,179370,Panama,8,1488.22,1489.2,0.98,Puerto Rico,1410.28,W,4,1,"V Panamericano Sub-23 - Caribe, Centro y Norte América I U-23 Pan American - Caribbean, Central and North America 2025",2.0,0.5742
2025-10-04 20:10:00,179370,Puerto Rico,15,1410.28,1409.3,-0.98,Panama,1488.22,L,1,4,"V Panamericano Sub-23 - Caribe, Centro y Norte América I U-23 Pan American - Caribbean, Central and North America 2025",2.0,0.4258
2025-10-20 10:00:00,179704,Venezuela,5,1579.04,1579.69,0.65,Brazil,1370.18,W,4,3,V Panamericano Sub-23 - Sudamérica I U-23 Pan American - South America 2025,2.0,0.6903
2025-10-20 10:00:00,179704,Brazil,18,1370.18,1369.53,-0.65,Venezuela,1579.04,L,3,4,V Panamericano Sub-23 - Sudamérica I U-23 Pan American - South America 2025,2.0,0.3097
2025-10-20 15:00:00,179705,Peru,48,867.29,866.69,-0.6,Argentina,1226.85,L,1,12,V Panamericano Sub-23 - Sudamérica I U-23 Pan American - South America 2025,2.0,0.201
2025-10-20 15:00:00,179705,Argentina,22,1226.85,1227.45,0.6,Peru,867.29,W,12,1,V Panamericano Sub-23 - Sudamérica I U-23 Pan American - South America 2025,2.0,0.799
2025-10-21 10:30:00,179706,Argentina,22,1227.45,1227.02,-0.43,Venezuela,1579.69,L,3,4,V Panamericano Sub-23 - Sudamérica I U-23 Pan American - South America 2025,2.0,0.2056
2025-10-21 10:30:00,179706,Venezuela,5,1579.69,1580.12,0.43,Argentina,1227.45,W,4,3,V Panamericano Sub-23 - Sudamérica I U-23 Pan American - South America 2025,2.0,0.7944
2025-10-21 14:30:00,179707,Brazil,18,1369.53,1369.91,0.38,Peru,866.69,W,10,0,V Panamericano Sub-23 - Sudamérica I U-23 Pan American - South America 2025,2.0,0.8732
2025-10-21 14:30:00,179707,Peru,48,866.69,866.31,-0.38,Brazil,1369.53,L,0,10,V Panamericano Sub-23 - Sudamérica I U-23 Pan American - South America 2025,2.0,0.1268
2025-10-22 10:30:00,179708,Argentina,22,1227.02,1226.21,-0.81,Brazil,1369.91,L,4,6,V Panamericano Sub-23 - Sudamérica I U-23 Pan American - South America 2025,2.0,0.3662
2025-10-22 10:30:00,179708,Brazil,18,1369.91,1370.72,0.81,Argentina,1227.02,W,6,4,V Panamericano Sub-23 - Sudamérica I U-23 Pan American - South America 2025,2.0,0.6338
2025-10-22 14:30:00,179709,Peru,48,866.31,866.15,-0.16,Venezuela,1580.12,L,0,6,V Panamericano Sub-23 - Sudamérica I U-23 Pan American - South America 2025,2.0,0.0607
2025-10-22 14:30:00,179709,Venezuela,5,1580.12,1580.28,0.16,Peru,866.31,W,6,0,V Panamericano Sub-23 - Sudamérica I U-23 Pan American - South America 2025,2.0,0.9393
2025-10-23 10:30:00,179710,Brazil,18,1370.72,1370.07,-0.65,Venezuela,1580.28,L,0,1,V Panamericano Sub-23 - Sudamérica I U-23 Pan American - South America 2025,2.0,0.3091
2025-10-23 10:30:00,179710,Venezuela,5,1580.28,1580.93,0.65,Brazil,1370.72,W,1,0,V Panamericano Sub-23 - Sudamérica I U-23 Pan American - South America 2025,2.0,0.6909
2025-10-23 14:30:00,179711,Argentina,22,1226.21,1226.63,0.42,Peru,866.15,W,8,7,V Panamericano Sub-23 - Sudamérica I U-23 Pan American - South America 2025,2.0,0.7993
2025-10-23 14:30:00,179711,Peru,48,866.15,865.73,-0.42,Argentina,1226.21,L,7,8,V Panamericano Sub-23 - Sudamérica I U-23 Pan American - South America 2025,2.0,0.2007
2025-10-24 10:30:00,179712,Venezuela,5,1580.93,1581.42,0.49,Argentina,1226.63,W,6,2,V Panamericano Sub-23 - Sudamérica I U-23 Pan American - South America 2025,2.0,0.7957
2025-10-24 10:30:00,179712,Argentina,22,1226.63,1226.14,-0.49,Venezuela,1580.93,L,2,6,V Panamericano Sub-23 - Sudamérica I U-23 Pan American - South America 2025,2.0,0.2043
2025-10-24 14:00:00,179264,Honduras,53,826.69,825.39,-1.3,Nicaragua,1440.9,L,0,11,XII Juegos Centroamericanos - Beisbol |  XII Central American Games - Baseball 2025,10.0,0.0865
2025-10-24 14:00:00,179264,Nicaragua,11,1440.9,1442.2,1.3,Honduras,826.69,W,11,0,XII Juegos Centroamericanos - Beisbol |  XII Central American Games - Baseball 2025,10.0,0.9135
2025-10-24 14:30:00,179713,Peru,48,865.73,867.56,1.84,Brazil,1370.07,W,8,7,V Panamericano Sub-23 - Sudamérica I U-23 Pan American - South America 2025,2.0,0.1261
2025-10-24 14:30:00,179713,Brazil,18,1370.07,1368.23,-1.84,Peru,865.73,L,7,8,V Panamericano Sub-23 - Sudamérica I U-23 Pan American - South America 2025,2.0,0.8739
2025-10-24 18:00:00,179265,Guatemala,80,796.68,791.38,-5.3,Costa Rica,792.12,L,6,7,XII Juegos Centroamericanos - Beisbol |  XII Central American Games - Baseball 2025,10.0,0.5044
2025-10-24 18:00:00,179265,Costa Rica,81,792.12,797.42,5.3,Guatemala,796.68,W,7,6,XII Juegos Centroamericanos - Beisbol |  XII Central American Games - Baseball 2025,10.0,0.4956
2025-10-25 09:00:00,179714,Brazil,18,1368.23,1369.11,0.88,Argentina,1226.14,W,4,0,V Panamericano Sub-23 - Sudamérica I U-23 Pan American - South America 2025,2.0,0.633
2025-10-25 09:00:00,179714,Argentina,22,1226.14,1225.26,-0.88,Brazil,1368.23,L,0,4,V Panamericano Sub-23 - Sudamérica I U-23 Pan American - South America 2025,2.0,0.367
2025-10-25 13:00:00,179715,Venezuela,5,1581.42,1581.59,0.17,Peru,867.56,W,9,1,V Panamericano Sub-23 - Sudamérica I U-23 Pan American - South America 2025,2.0,0.9393
2025-10-25 13:00:00,179715,Peru,48,867.56,867.39,-0.17,Venezuela,1581.42,L,1,9,V Panamericano Sub-23 - Sudamérica I U-23 Pan American - South America 2025,2.0,0.0607
2025-10-25 14:00:00,179267,El Salvador,53,826.46,819.6,-6.86,Costa Rica,797.42,L,8,14,XII Juegos Centroamericanos - Beisbol |  XII Central American Games - Baseball 2025,10.0,0.5278
2025-10-25 14:00:00,179267,Costa Rica,80,797.42,804.28,6.86,El Salvador,826.46,W,14,8,XII Juegos Centroamericanos - Beisbol |  XII Central American Games - Baseball 2025,10.0,0.4722
2025-10-25 18:00:00,179266,Honduras,53,825.39,830.3,4.91,Guatemala,791.38,W,1,0,XII Juegos Centroamericanos - Beisbol |  XII Central American Games - Baseball 2025,10.0,0.5326
2025-10-25 18:00:00,179266,Guatemala,81,791.38,786.48,-4.91,Honduras,825.39,L,0,1,XII Juegos Centroamericanos - Beisbol |  XII Central American Games - Baseball 2025,10.0,0.4674
2025-10-26 14:00:00,179268,Costa Rica,60,804.28,810.05,5.77,Honduras,830.3,W,4,2,XII Juegos Centroamericanos - Beisbol |  XII Central American Games - Baseball 2025,10.0,0.4751
2025-10-26 14:00:00,179268,Honduras,53,830.3,824.53,-5.77,Costa Rica,804.28,L,2,4,XII Juegos Centroamericanos - Beisbol |  XII Central American Games - Baseball 2025,10.0,0.5249
2025-10-26 18:00:00,179269,Nicaragua,11,1442.2,1443.46,1.26,El Salvador,819.6,W,10,0,XII Juegos Centroamericanos - Beisbol |  XII Central American Games - Baseball 2025,10.0,0.916
2025-10-26 18:00:00,179269,El Salvador,56,819.6,818.34,-1.26,Nicaragua,1442.2,L,0,10,XII Juegos Centroamericanos - Beisbol |  XII Central American Games - Baseball 2025,10.0,0.084
2025-10-27 14:00:00,179270,Costa Rica,59,810.05,808.84,-1.21,Nicaragua,1443.46,L,0,12,XII Juegos Centroamericanos - Beisbol |  XII Central American Games - Baseball 2025,10.0,0.0809
2025-10-27 14:00:00,179270,Nicaragua,11,1443.46,1444.67,1.21,Costa Rica,810.05,W,12,0,XII Juegos Centroamericanos - Beisbol |  XII Central American Games - Baseball 2025,10.0,0.9191
2025-10-27 18:00:00,179271,Guatemala,82,786.48,781.55,-4.93,El Salvador,818.34,L,2,3,XII Juegos Centroamericanos - Beisbol |  XII Central American Games - Baseball 2025,10.0,0.4695
2025-10-27 18:00:00,179271,El Salvador,56,818.34,823.27,4.93,Guatemala,786.48,W,3,2,XII Juegos Centroamericanos - Beisbol |  XII Central American Games - Baseball 2025,10.0,0.5305
2025-10-28 14:00:00,179272,El Salvador,56,823.27,816.28,-6.98,Honduras,824.53,L,2,10,XII Juegos Centroamericanos - Beisbol |  XII Central American Games - Baseball 2025,10.0,0.4988
2025-10-28 14:00:00,179272,Honduras,54,824.53,831.51,6.98,El Salvador,823.27,W,10,2,XII Juegos Centroamericanos - Beisbol |  XII Central American Games - Baseball 2025,10.0,0.5012
2025-10-28 18:00:00,179273,Nicaragua,11,1444.67,1445.62,0.95,Guatemala,781.55,W,7,1,XII Juegos Centroamericanos - Beisbol |  XII Central American Games - Baseball 2025,10.0,0.9272
2025-10-28 18:00:00,179273,Guatemala,84,781.55,780.6,-0.95,Nicaragua,1444.67,L,1,7,XII Juegos Centroamericanos - Beisbol |  XII Central American Games - Baseball 2025,10.0,0.0728
2025-11-01 09:00:00,180640,Brazil,18,1369.11,1369.76,0.64,Panama,1489.2,W,1,0,Torneo Internacional Sub-10 | U-10 International Tournament 2025,1.0,0.3868
2025-11-01 09:00:00,180640,Panama,8,1489.2,1488.56,-0.64,Brazil,1369.11,L,0,1,Torneo Internacional Sub-10 | U-10 International Tournament 2025,1.0,0.6132
2025-11-04 09:30:00,180646,Panama,8,1488.56,1487.92,-0.64,Brazil,1369.76,L,0,1,Torneo Internacional Sub-10 | U-10 International Tournament 2025,1.0,0.612
2025-11-04 09:30:00,180646,Brazil,18,1369.76,1370.4,0.64,Panama,1488.56,W,1,0,Torneo Internacional Sub-10 | U-10 International Tournament 2025,1.0,0.388
2025-11-06 14:00:00,178888,Australia,14,1411.31,1411.5,0.19,Guam,987.26,W,6,3,U-23 Men's Baseball Oceania Championship 2025,1.0,0.8358
2025-11-06 14:00:00,178888,Guam,38,987.26,987.07,-0.19,Australia,1411.31,L,3,6,U-23 Men's Baseball Oceania Championship 2025,1.0,0.1642
2025-11-07 09:30:00,180652,Brazil,18,1370.4,1369.82,-0.58,Panama,1487.92,L,0,10,Torneo Internacional Sub-10 | U-10 International Tournament 2025,1.0,0.3891
2025-11-07 09:30:00,180652,Panama,8,1487.92,1488.5,0.58,Brazil,1370.4,W,10,0,Torneo Internacional Sub-10 | U-10 International Tournament 2025,1.0,0.6109
2025-11-07 14:00:00,178889,Guam,38,987.07,986.85,-0.22,Australia,1411.5,L,2,9,U-23 Men's Baseball Oceania Championship 2025,1.0,0.164
2025-11-07 14:00:00,178889,Australia,14,1411.5,1411.72,0.22,Guam,987.07,W,9,2,U-23 Men's Baseball Oceania Championship 2025,1.0,0.836
2025-11-08 10:30:00,178965,Guam,38,986.85,986.6,-0.25,Australia,1411.72,L,1,18,U-23 Men's Baseball Oceania Championship 2025,1.0,0.1638
2025-11-08 10:30:00,178965,Australia,14,1411.72,1411.96,0.25,Guam,986.85,W,18,1,U-23 Men's Baseball Oceania Championship 2025,1.0,0.8362
2025-11-09 10:00:00,178966,Australia,14,1411.96,1412.14,0.18,Guam,986.6,W,4,2,U-23 Men's Baseball Oceania Championship 2025,1.0,0.8365
2025-11-09 10:00:00,178966,Guam,38,986.6,986.42,-0.18,Australia,1411.96,L,2,4,U-23 Men's Baseball Oceania Championship 2025,1.0,0.1635
2025-11-09 14:00:00,178967,Guam,38,986.42,986.18,-0.24,Australia,1412.14,L,0,10,U-23 Men's Baseball Oceania Championship 2025,1.0,0.1633
2025-11-09 14:00:00,178967,Australia,14,1412.14,1412.39,0.24,Guam,986.42,W,10,0,U-23 Men's Baseball Oceania Championship 2025,1.0,0.8367
2025-11-28 09:00:00,178968,Northern Mariana Islands,56,817.88,817.74,-0.14,Australia,1412.39,L,0,15,U-15 Men's Baseball Oceania Championship 2025,1.0,0.0927
2025-11-28 09:00:00,178968,Australia,14,1412.39,1412.53,0.14,Northern Mariana Islands,817.88,W,15,0,U-15 Men's Baseball Oceania Championship 2025,1.0,0.9073
2025-11-28 11:30:00,178969,Guam,38,986.18,985.94,-0.24,Australia,1412.53,L,0,9,U-15 Men's Baseball Oceania Championship 2025,1.0,0.163
2025-11-28 11:30:00,178969,Australia,14,1412.53,1412.77,0.24,Guam,986.18,W,9,0,U-15 Men's Baseball Oceania Championship 2025,1.0,0.837
2025-11-28 14:00:00,178970,Guam,38,985.94,984.96,-0.98,Northern Mariana Islands,817.74,L,5,24,U-15 Men's Baseball Oceania Championship 2025,1.0,0.656
2025-11-28 14:00:00,178970,Northern Mariana Islands,56,817.74,818.73,0.98,Guam,985.94,W,24,5,U-15 Men's Baseball Oceania Championship 2025,1.0,0.344
2025-11-29 09:00:00,178971,Northern Mariana Islands,56,818.73,819.61,0.88,Guam,984.96,W,22,15,U-15 Men's Baseball Oceania Championship 2025,1.0,0.3457
2025-11-29 09:00:00,178971,Guam,38,984.96,984.08,-0.88,Northern Mariana Islands,818.73,L,15,22,U-15 Men's Baseball Oceania Championship 2025,1.0,0.6543
2025-11-29 11:30:00,178972,Australia,14,1412.77,1412.99,0.23,Guam,984.08,W,13,5,U-15 Men's Baseball Oceania Championship 2025,1.0,0.8382
2025-11-29 11:30:00,178972,Guam,38,984.08,983.85,-0.23,Australia,1412.77,L,5,13,U-15 Men's Baseball Oceania Championship 2025,1.0,0.1618
2025-11-29 14:00:00,178973,Australia,14,1412.99,1413.13,0.14,Northern Mariana Islands,819.61,W,17,2,U-15 Men's Baseball Oceania Championship 2025,1.0,0.907
2025-11-29 14:00:00,178973,Northern Mariana Islands,56,819.61,819.47,-0.14,Australia,1412.99,L,2,17,U-15 Men's Baseball Oceania Championship 2025,1.0,0.093
2025-11-30 09:00:00,181471,El Salvador,58,816.28,811.27,-5.01,Curaçao,995.97,L,0,11,XXI Juegos Bolivarianos - Beisbol | XXI Bolivarian Games - Baseball 2025,10.0,0.3341
2025-11-30 09:00:00,181471,Curaçao,36,995.97,1000.98,5.01,El Salvador,816.28,W,11,0,XXI Juegos Bolivarianos - Beisbol | XXI Bolivarian Games - Baseball 2025,10.0,0.6659
2025-11-30 12:00:00,181472,Venezuela,5,1581.59,1582.14,0.55,Ecuador,816.33,W,2,0,XXI Juegos Bolivarianos - Beisbol | XXI Bolivarian Games - Baseball 2025,10.0,0.9496
2025-11-30 12:00:00,181472,Ecuador,57,816.33,815.78,-0.55,Venezuela,1581.59,L,0,2,XXI Juegos Bolivarianos - Beisbol | XXI Bolivarian Games - Baseball 2025,10.0,0.0504
2025-11-30 15:00:00,181473,Peru,48,867.39,866.11,-1.28,Colombia,1486.02,L,0,11,XXI Juegos Bolivarianos - Beisbol | XXI Bolivarian Games - Baseball 2025,10.0,0.0852
2025-11-30 15:00:00,181473,Colombia,9,1486.02,1487.3,1.28,Peru,867.39,W,11,0,XXI Juegos Bolivarianos - Beisbol | XXI Bolivarian Games - Baseball 2025,10.0,0.9148
2025-12-01 09:00:00,181474,Colombia,9,1487.3,1488.25,0.95,Ecuador,815.78,W,8,1,XXI Juegos Bolivarianos - Beisbol | XXI Bolivarian Games - Baseball 2025,10.0,0.9294
2025-12-01 09:00:00,181474,Ecuador,57,815.78,814.83,-0.95,Colombia,1487.3,L,1,8,XXI Juegos Bolivarianos - Beisbol | XXI Bolivarian Games - Baseball 2025,10.0,0.0706
2025-12-01 10:00:00,180319,Guam,38,983.85,982.87,-0.98,Northern Mariana Islands,819.47,L,2,18,U-15 Men's Baseball Oceania Championship 2025,1.0,0.6527
2025-12-01 10:00:00,180319,Northern Mariana Islands,56,819.47,820.45,0.98,Guam,983.85,W,18,2,U-15 Men's Baseball Oceania Championship 2025,1.0,0.3473
2025-12-01 12:00:00,181475,Curaçao,36,1000.98,994.4,-6.58,Peru,866.11,L,4,5,XXI Juegos Bolivarianos - Beisbol | XXI Bolivarian Games - Baseball 2025,10.0,0.6266
2025-12-01 12:00:00,181475,Peru,48,866.11,872.69,6.58,Curaçao,1000.98,W,5,4,XXI Juegos Bolivarianos - Beisbol | XXI Bolivarian Games - Baseball 2025,10.0,0.3734
2025-12-01 12:30:00,180320,Australia,14,1413.13,1413.37,0.24,Guam,982.87,W,23,0,U-15 Men's Baseball Oceania Championship 2025,1.0,0.8391
2025-12-01 12:30:00,180320,Guam,39,982.87,982.63,-0.24,Australia,1413.13,L,0,23,U-15 Men's Baseball Oceania Championship 2025,1.0,0.1609
2025-12-01 14:00:00,180321,Northern Mariana Islands,56,820.45,820.31,-0.14,Australia,1413.37,L,3,25,U-15 Men's Baseball Oceania Championship 2025,1.0,0.0932
2025-12-01 14:00:00,180321,Australia,14,1413.37,1413.51,0.14,Northern Mariana Islands,820.45,W,25,3,U-15 Men's Baseball Oceania Championship 2025,1.0,0.9068
2025-12-01 15:00:00,181476,El Salvador,58,811.27,810.53,-0.74,Venezuela,1582.14,L,0,16,XXI Juegos Bolivarianos - Beisbol | XXI Bolivarian Games - Baseball 2025,10.0,0.0493
2025-12-01 15:00:00,181476,Venezuela,5,1582.14,1582.88,0.74,El Salvador,811.27,W,16,0,XXI Juegos Bolivarianos - Beisbol | XXI Bolivarian Games - Baseball 2025,10.0,0.9507
2025-12-02 09:00:00,181477,Ecuador,57,814.83,821.82,6.99,Curaçao,994.4,W,10,9,XXI Juegos Bolivarianos - Beisbol | XXI Bolivarian Games - Baseball 2025,10.0,0.3342
2025-12-02 09:00:00,181477,Curaçao,37,994.4,987.41,-6.99,Ecuador,814.83,L,9,10,XXI Juegos Bolivarianos - Beisbol | XXI Bolivarian Games - Baseball 2025,10.0,0.6658
2025-12-02 12:00:00,181478,Peru,48,872.69,877.32,4.63,El Salvador,810.53,W,3,2,XXI Juegos Bolivarianos - Beisbol | XXI Bolivarian Games - Baseball 2025,10.0,0.5594
2025-12-02 12:00:00,181478,El Salvador,58,810.53,805.9,-4.63,Peru,872.69,L,2,3,XXI Juegos Bolivarianos - Beisbol | XXI Bolivarian Games - Baseball 2025,10.0,0.4406
2025-12-02 15:00:00,181479,Venezuela,5,1582.88,1576.4,-6.49,Colombia,1488.25,L,6,8,XXI Juegos Bolivarianos - Beisbol | XXI Bolivarian Games - Baseball 2025,10.0,0.5898
2025-12-02 15:00:00,181479,Colombia,9,1488.25,1494.74,6.49,Venezuela,1582.88,W,8,6,XXI Juegos Bolivarianos - Beisbol | XXI Bolivarian Games - Baseball 2025,10.0,0.4102
2025-12-03 09:00:00,181480,Ecuador,56,821.82,816.9,-4.92,Peru,877.32,L,3,5,XXI Juegos Bolivarianos - Beisbol | XXI Bolivarian Games - Baseball 2025,10.0,0.4469
2025-12-03 09:00:00,181480,Peru,48,877.32,882.24,4.92,Ecuador,821.82,W,5,3,XXI Juegos Bolivarianos - Beisbol | XXI Bolivarian Games - Baseball 2025,10.0,0.5531
2025-12-03 12:00:00,181481,Colombia,8,1494.74,1495.7,0.96,El Salvador,805.9,W,9,0,XXI Juegos Bolivarianos - Beisbol | XXI Bolivarian Games - Baseball 2025,10.0,0.9336
2025-12-03 12:00:00,181481,El Salvador,59,805.9,804.94,-0.96,Colombia,1494.74,L,0,9,XXI Juegos Bolivarianos - Beisbol | XXI Bolivarian Games - Baseball 2025,10.0,0.0664
2025-12-03 15:00:00,181482,Curaçao,37,987.41,986.37,-1.04,Venezuela,1576.4,L,3,5,XXI Juegos Bolivarianos - Beisbol | XXI Bolivarian Games - Baseball 2025,10.0,0.0945
2025-12-03 15:00:00,181482,Venezuela,5,1576.4,1577.43,1.04,Curaçao,987.41,W,5,3,XXI Juegos Bolivarianos - Beisbol | XXI Bolivarian Games - Baseball 2025,10.0,0.9055
2025-12-04 09:00:00,181483,Ecuador,57,816.9,811.02,-5.88,El Salvador,804.94,L,0,3,XXI Juegos Bolivarianos - Beisbol | XXI Bolivarian Games - Baseball 2025,10.0,0.5115
2025-12-04 09:00:00,181483,El Salvador,60,804.94,810.82,5.88,Ecuador,816.9,W,3,0,XXI Juegos Bolivarianos - Beisbol | XXI Bolivarian Games - Baseball 2025,10.0,0.4885
2025-12-04 12:00:00,181484,Curaçao,37,986.37,984.89,-1.49,Colombia,1495.7,L,6,10,XXI Juegos Bolivarianos - Beisbol | XXI Bolivarian Games - Baseball 2025,10.0,0.1241
2025-12-04 12:00:00,181484,Colombia,8,1495.7,1497.19,1.49,Curaçao,986.37,W,10,6,XXI Juegos Bolivarianos - Beisbol | XXI Bolivarian Games - Baseball 2025,10.0,0.8759
2025-12-04 15:00:00,181485,Peru,47,882.24,892.06,9.82,Venezuela,1577.43,W,2,1,XXI Juegos Bolivarianos - Beisbol | XXI Bolivarian Games - Baseball 2025,10.0,0.0649
2025-12-04 15:00:00,181485,Venezuela,5,1577.43,1567.62,-9.82,Peru,882.24,L,1,2,XXI Juegos Bolivarianos - Beisbol | XXI Bolivarian Games - Baseball 2025,10.0,0.9351
2025-12-05 09:30:00,181019,Indonesia,38,983.04,991.41,8.37,Malaysia,735.84,W,10,0,33rd SEA Games 2025 | Men's Baseball,20.0,0.7208
2025-12-05 09:30:00,181019,Malaysia,95,735.84,727.47,-8.37,Indonesia,983.04,L,0,10,33rd SEA Games 2025 | Men's Baseball,20.0,0.2792
2025-12-05 10:00:00,181274,Singapore,92,740.71,756.65,15.94,Laos,773.39,W,13,1,33rd SEA Games 2025 | Men's Baseball,20.0,0.4687
2025-12-05 10:00:00,181274,Laos,85,773.39,757.45,-15.94,Singapore,740.71,L,1,13,33rd SEA Games 2025 | Men's Baseball,20.0,0.5313
2025-12-05 10:00:00,181486,Venezuela,5,1567.62,1563.58,-4.03,Curaçao,984.89,D,0,0,XXI Juegos Bolivarianos - Beisbol | XXI Bolivarian Games - Baseball 2025,10.0,0.9035
2025-12-05 10:00:00,181486,Curaçao,38,984.89,988.92,4.03,Venezuela,1567.62,D,0,0,XXI Juegos Bolivarianos - Beisbol | XXI Bolivarian Games - Baseball 2025,10.0,0.0965
2025-12-05 13:00:00,181487,Colombia,8,1497.19,1498.13,0.94,Peru,892.06,W,6,5,XXI Juegos Bolivarianos - Beisbol | XXI Bolivarian Games - Baseball 2025,10.0,0.9107
2025-12-05 13:00:00,181487,Peru,47,892.06,891.12,-0.94,Colombia,1497.19,L,5,6,XXI Juegos Bolivarianos - Beisbol | XXI Bolivarian Games - Baseball 2025,10.0,0.0893
2025-12-05 14:00:00,181510,Thailand,52,845.24,858.94,13.7,Vietnam,800.0,W,16,0,33rd SEA Games 2025 | Men's Baseball,20.0,0.5433
2025-12-05 14:00:00,181510,Vietnam,72,800.0,786.3,-13.7,Thailand,845.24,L,0,16,33rd SEA Games 2025 | Men's Baseball,20.0,0.4567
2025-12-06 09:30:00,181511,Philippines,25,1159.93,1170.24,10.31,Indonesia,991.41,W,14,0,33rd SEA Games 2025 | Men's Baseball,20.0,0.6563
2025-12-06 09:30:00,181511,Indonesia,37,991.41,981.1,-10.31,Philippines,1159.93,L,0,14,33rd SEA Games 2025 | Men's Baseball,20.0,0.3437
2025-12-06 10:00:00,181512,Malaysia,96,727.47,717.26,-10.21,Vietnam,786.3,L,2,5,33rd SEA Games 2025 | Men's Baseball,20.0,0.4438
2025-12-06 10:00:00,181512,Vietnam,81,786.3,796.51,10.21,Malaysia,727.47,W,5,2,33rd SEA Games 2025 | Men's Baseball,20.0,0.5562
2025-12-06 14:00:00,181513,Laos,88,757.45,745.34,-12.12,Thailand,858.94,L,1,12,33rd SEA Games 2025 | Men's Baseball,20.0,0.4038
2025-12-06 14:00:00,181513,Thailand,50,858.94,871.06,12.12,Laos,757.45,W,12,1,33rd SEA Games 2025 | Men's Baseball,20.0,0.5962
2025-12-07 09:30:00,181514,Singapore,89,756.65,751.56,-5.09,Philippines,1170.24,L,3,17,33rd SEA Games 2025 | Men's Baseball,20.0,0.1698
2025-12-07 09:30:00,181514,Philippines,24,1170.24,1175.33,5.09,Singapore,756.65,W,17,3,33rd SEA Games 2025 | Men's Baseball,20.0,0.8302
2025-12-07 10:00:00,181515,Vietnam,80,796.51,780.04,-16.47,Laos,745.34,L,0,16,33rd SEA Games 2025 | Men's Baseball,20.0,0.5489
2025-12-07 10:00:00,181515,Laos,92,745.34,761.81,16.47,Vietnam,796.51,W,16,0,33rd SEA Games 2025 | Men's Baseball,20.0,0.4511
2025-12-07 14:00:00,181516,Thailand,49,871.06,888.58,17.52,Indonesia,981.1,W,10,1,33rd SEA Games 2025 | Men's Baseball,20.0,0.396
2025-12-07 14:00:00,181516,Indonesia,40,981.1,963.59,-17.52,Thailand,871.06,L,1,10,33rd SEA Games 2025 | Men's Baseball,20.0,0.604
2025-12-08 09:30:00,181517,Indonesia,40,963.59,970.21,6.63,Laos,761.81,W,4,3,33rd SEA Games 2025 | Men's Baseball,20.0,0.6845
2025-12-08 09:30:00,181517,Laos,87,761.81,755.18,-6.63,Indonesia,963.59,L,3,4,33rd SEA Games 2025 | Men's Baseball,20.0,0.3155
2025-12-08 10:00:00,181518,Vietnam,84,780.04,765.27,-14.76,Singapore,751.56,L,11,19,33rd SEA Games 2025 | Men's Baseball,20.0,0.5273
2025-12-08 10:00:00,181518,Singapore,90,751.56,766.32,14.76,Vietnam,780.04,W,19,11,33rd SEA Games 2025 | Men's Baseball,20.0,0.4727
2025-12-08 14:00:00,181519,Philippines,24,1175.33,1179.75,4.41,Malaysia,717.26,W,21,0,33rd SEA Games 2025 | Men's Baseball,20.0,0.853
2025-12-08 14:00:00,181519,Malaysia,96,717.26,712.85,-4.41,Philippines,1175.33,L,0,21,33rd SEA Games 2025 | Men's Baseball,20.0,0.147
2025-12-09 09:30:00,181520,Vietnam,87,765.27,760.19,-5.08,Philippines,1179.75,L,1,21,33rd SEA Games 2025 | Men's Baseball,20.0,0.1693
2025-12-09 09:30:00,181520,Philippines,24,1179.75,1184.83,5.08,Vietnam,765.27,W,21,1,33rd SEA Games 2025 | Men's Baseball,20.0,0.8307
2025-12-09 10:00:00,181521,Laos,90,755.18,766.21,11.03,Malaysia,712.85,W,9,5,33rd SEA Games 2025 | Men's Baseball,20.0,0.5405
2025-12-09 10:00:00,181521,Malaysia,96,712.85,701.82,-11.03,Laos,755.18,L,5,9,33rd SEA Games 2025 | Men's Baseball,20.0,0.4595
2025-12-09 14:00:00,181522,Thailand,48,888.58,897.04,8.47,Singapore,766.32,W,6,4,33rd SEA Games 2025 | Men's Baseball,20.0,0.6152
2025-12-09 14:00:00,181522,Singapore,85,766.32,757.86,-8.47,Thailand,888.58,L,4,6,33rd SEA Games 2025 | Men's Baseball,20.0,0.3848
2025-12-10 09:30:00,181523,Malaysia,96,701.82,689.77,-12.05,Singapore,757.86,L,7,14,33rd SEA Games 2025 | Men's Baseball,20.0,0.4464
2025-12-10 09:30:00,181523,Singapore,89,757.86,769.91,12.05,Malaysia,701.82,W,14,7,33rd SEA Games 2025 | Men's Baseball,20.0,0.5536
2025-12-10 10:00:00,181524,Indonesia,40,970.21,979.47,9.26,Vietnam,760.19,W,19,3,33rd SEA Games 2025 | Men's Baseball,20.0,0.6913
2025-12-10 10:00:00,181524,Vietnam,88,760.19,750.93,-9.26,Indonesia,970.21,L,3,19,33rd SEA Games 2025 | Men's Baseball,20.0,0.3087
2025-12-10 14:00:00,181525,Philippines,24,1184.83,1190.05,5.23,Thailand,897.04,W,8,7,33rd SEA Games 2025 | Men's Baseball,20.0,0.7511
2025-12-10 14:00:00,181525,Thailand,47,897.04,891.81,-5.23,Philippines,1184.83,L,7,8,33rd SEA Games 2025 | Men's Baseball,20.0,0.2489
2025-12-11 09:30:00,181526,Singapore,85,769.91,760.64,-9.27,Indonesia,979.47,L,4,15,33rd SEA Games 2025 | Men's Baseball,20.0,0.3091
2025-12-11 09:30:00,181526,Indonesia,40,979.47,988.75,9.27,Singapore,769.91,W,15,4,33rd SEA Games 2025 | Men's Baseball,20.0,0.6909
2025-12-11 10:00:00,181527,Laos,85,766.21,761.28,-4.93,Philippines,1190.05,L,0,12,33rd SEA Games 2025 | Men's Baseball,20.0,0.1643
2025-12-11 10:00:00,181527,Philippines,24,1190.05,1194.98,4.93,Laos,766.21,W,12,0,33rd SEA Games 2025 | Men's Baseball,20.0,0.8357
2025-12-11 14:00:00,181528,Malaysia,96,689.77,680.31,-9.46,Thailand,891.81,L,3,17,33rd SEA Games 2025 | Men's Baseball,20.0,0.3153
2025-12-11 14:00:00,181528,Thailand,47,891.81,901.27,9.46,Malaysia,689.77,W,17,3,33rd SEA Games 2025 | Men's Baseball,20.0,0.6847
2025-12-12 09:30:00,181020,Indonesia,38,988.75,994.93,6.18,Singapore,760.64,W,10,9,33rd SEA Games 2025 | Men's Baseball,20.0,0.7059
2025-12-12 09:30:00,181020,Singapore,87,760.64,754.46,-6.18,Indonesia,988.75,L,9,10,33rd SEA Games 2025 | Men's Baseball,20.0,0.2941
2025-12-12 12:00:00,181529,Philippines,24,1194.98,1200.36,5.38,Thailand,901.27,W,5,3,33rd SEA Games 2025 | Men's Baseball,20.0,0.7553
2025-12-12 12:00:00,181529,Thailand,47,901.27,895.89,-5.38,Philippines,1194.98,L,3,5,33rd SEA Games 2025 | Men's Baseball,20.0,0.2447
2026-03-05,788120,Australia,14,1413.51,1493.23,79.72,Chinese Taipei,1625.89,W,3,0,World Baseball Classic Pool Play,100.0,0.3068
2026-03-05,788120,Chinese Taipei,4,1625.89,1546.17,-79.72,Australia,1413.51,L,0,3,World Baseball Classic Pool Play,100.0,0.6932
2026-03-05,788115,Republic of Korea,3,1640.2,1674.44,34.24,Czechia,1358.95,W,11,4,World Baseball Classic Pool Play,100.0,0.7464
2026-03-05,788115,Czechia,19,1358.95,1324.71,-34.24,Republic of Korea,1640.2,L,4,11,World Baseball Classic Pool Play,100.0,0.2536
2026-03-06,788116,Czechia,20,1324.71,1283.46,-41.25,Australia,1493.23,L,1,5,World Baseball Classic Pool Play,100.0,0.3437
2026-03-06,788116,Australia,9,1493.23,1534.48,41.25,Czechia,1324.71,W,5,1,World Baseball Classic Pool Play,100.0,0.6563
2026-03-06,788114,Chinese Taipei,6,1546.17,1518.5,-27.67,Japan,1933.46,L,0,13,World Baseball Classic Pool Play,100.0,0.1845
2026-03-06,788114,Japan,1,1933.46,1961.13,27.67,Chinese Taipei,1546.17,W,13,0,World Baseball Classic Pool Play,100.0,0.8155
2026-03-06,788139,Panama,10,1488.5,1430.12,-58.38,Cuba,1456.42,L,1,3,World Baseball Classic Pool Play,100.0,0.5307
2026-03-06,788139,Cuba,11,1456.42,1514.8,58.38,Panama,1488.5,W,3,1,World Baseball Classic Pool Play,100.0,0.4693
2026-03-06,788110,Venezuela,4,1563.58,1616.85,53.27,Netherlands,1504.84,W,6,2,World Baseball Classic Pool Play,100.0,0.5561
2026-03-06,788110,Netherlands,9,1504.84,1451.57,-53.27,Venezuela,1563.58,L,2,6,World Baseball Classic Pool Play,100.0,0.4439
2026-03-06,788129,Great Britain,19,1340.56,1300.4,-40.16,Mexico,1550.4,L,2,8,World Baseball Classic Pool Play,100.0,0.3089
2026-03-06,788129,Mexico,5,1550.4,1590.56,40.16,Great Britain,1340.56,W,8,2,World Baseball Classic Pool Play,100.0,0.6911
2026-03-06,788136,Colombia,9,1498.13,1425.08,-73.05,Puerto Rico,1409.3,L,0,5,World Baseball Classic Pool Play,100.0,0.5844
2026-03-06,788136,Puerto Rico,15,1409.3,1482.35,73.05,Colombia,1498.13,W,5,0,World Baseball Classic Pool Play,100.0,0.4156
2026-03-06,788105,Dominican Republic,15,1416.02,1492.63,76.61,Nicaragua,1445.62,W,12,3,World Baseball Classic Pool Play,100.0,0.4716
2026-03-06,788105,Nicaragua,11,1445.62,1369.01,-76.61,Dominican Republic,1416.02,L,3,12,World Baseball Classic Pool Play,100.0,0.5284
2026-03-06,788128,Brazil,17,1369.82,1341.84,-27.97,United States of America,1753.66,L,5,15,World Baseball Classic Pool Play,100.0,0.1865
2026-03-06,788128,United States of America,2,1753.66,1781.63,27.97,Brazil,1369.82,W,15,5,World Baseball Classic Pool Play,100.0,0.8135
2026-03-07,788117,Czechia,20,1283.46,1240.16,-43.3,Chinese Taipei,1518.5,L,0,14,World Baseball Classic Pool Play,100.0,0.2886
2026-03-07,788117,Chinese Taipei,7,1518.5,1561.8,43.3,Czechia,1283.46,W,14,0,World Baseball Classic Pool Play,100.0,0.7114
2026-03-07,788118,Japan,1,1961.13,1988.6,27.47,Republic of Korea,1674.44,W,8,6,World Baseball Classic Pool Play,100.0,0.7503
2026-03-07,788118,Republic of Korea,3,1674.44,1646.97,-27.47,Japan,1961.13,L,6,8,World Baseball Classic Pool Play,100.0,0.2497
2026-03-07,788138,Canada,13,1427.95,1492.59,64.64,Colombia,1425.08,W,8,2,World Baseball Classic Pool Play,100.0,0.5028
2026-03-07,788138,Colombia,14,1425.08,1360.44,-64.64,Canada,1427.95,L,2,8,World Baseball Classic Pool Play,100.0,0.4972
2026-03-07,788108,Netherlands,12,1451.57,1495.82,44.25,Nicaragua,1369.01,W,4,3,World Baseball Classic Pool Play,100.0,0.5786
2026-03-07,788108,Nicaragua,16,1369.01,1324.75,-44.25,Netherlands,1451.57,L,3,4,World Baseball Classic Pool Play,100.0,0.4214
2026-03-07,788126,Italy,15,1391.74,1455.06,63.32,Brazil,1341.84,W,8,0,World Baseball Classic Pool Play,100.0,0.5477
2026-03-07,788126,Brazil,17,1341.84,1278.53,-63.32,Italy,1391.74,L,0,8,World Baseball Classic Pool Play,100.0,0.4523
2026-03-07,788137,Puerto Rico,12,1482.35,1529.61,47.26,Panama,1430.12,W,4,3,World Baseball Classic Pool Play,100.0,0.5499
2026-03-07,788137,Panama,14,1430.12,1382.86,-47.26,Puerto Rico,1482.35,L,3,4,World Baseball Classic Pool Play,100.0,0.4501
2026-03-07,788107,Venezuela,4,1616.85,1640.42,23.58,Israel,1200.73,W,11,3,World Baseball Classic Pool Play,100.0,0.8316
2026-03-07,788107,Israel,23,1200.73,1177.16,-23.58,Venezuela,1616.85,L,3,11,World Baseball Classic Pool Play,100.0,0.1684
2026-03-07,788127,United States of America,2,1781.63,1800.71,19.07,Great Britain,1300.4,W,9,1,World Baseball Classic Pool Play,100.0,0.8638
2026-03-07,788127,Great Britain,18,1300.4,1281.33,-19.07,United States of America,1781.63,L,1,9,World Baseball Classic Pool Play,100.0,0.1362
2026-03-08,788113,Republic of Korea,3,1646.97,1585.97,-61.0,Chinese Taipei,1561.8,L,4,5,World Baseball Classic Pool Play,100.0,0.581
2026-03-08,788113,Chinese Taipei,6,1561.8,1622.8,61.0,Republic of Korea,1646.97,W,5,4,World Baseball Classic Pool Play,100.0,0.419
2026-03-08,788109,Japan,1,1988.6,2004.24,15.64,Australia,1534.48,W,4,3,World Baseball Classic Pool Play,100.0,0.851
2026-03-08,788109,Australia,7,1534.48,1518.83,-15.64,Japan,1988.6,L,3,4,World Baseball Classic Pool Play,100.0,0.149
2026-03-08,788135,Cuba,9,1514.8,1555.75,40.95,Colombia,1360.44,W,7,4,World Baseball Classic Pool Play,100.0,0.6439
2026-03-08,788135,Colombia,16,1360.44,1319.49,-40.95,Cuba,1514.8,L,4,7,World Baseball Classic Pool Play,100.0,0.3561
2026-03-08,788106,Dominican Republic,11,1492.63,1568.09,75.46,Netherlands,1495.82,W,12,1,World Baseball Classic Pool Play,100.0,0.4969
2026-03-08,788106,Netherlands,10,1495.82,1420.36,-75.46,Dominican Republic,1492.63,L,1,12,World Baseball Classic Pool Play,100.0,0.5031
2026-03-08,788124,Italy,12,1455.06,1494.07,39.01,Great Britain,1281.33,W,7,4,World Baseball Classic Pool Play,100.0,0.6608
2026-03-08,788124,Great Britain,18,1281.33,1242.31,-39.01,Italy,1455.06,L,4,7,World Baseball Classic Pool Play,100.0,0.3392
2026-03-08,788104,Israel,24,1177.16,1256.9,79.74,Nicaragua,1324.75,W,5,0,World Baseball Classic Pool Play,100.0,0.3621
2026-03-08,788104,Nicaragua,16,1324.75,1245.01,-79.74,Israel,1177.16,L,0,5,World Baseball Classic Pool Play,100.0,0.6379
2026-03-08,788134,Canada,12,1492.59,1429.2,-63.39,Panama,1382.86,L,3,4,World Baseball Classic Pool Play,100.0,0.6037
2026-03-08,788134,Panama,15,1382.86,1446.26,63.39,Canada,1492.59,W,4,3,World Baseball Classic Pool Play,100.0,0.3963
2026-03-08,788125,Mexico,5,1590.56,1625.35,34.79,Brazil,1278.53,W,16,0,World Baseball Classic Pool Play,100.0,0.7681
2026-03-08,788125,Brazil,17,1278.53,1243.74,-34.79,Mexico,1590.56,L,0,16,World Baseball Classic Pool Play,100.0,0.2319
2026-03-09,788112,Australia,10,1518.83,1464.34,-54.49,Republic of Korea,1585.97,L,2,7,World Baseball Classic Pool Play,100.0,0.4359
2026-03-09,788112,Republic of Korea,6,1585.97,1640.46,54.49,Australia,1518.83,W,7,2,World Baseball Classic Pool Play,100.0,0.5641
2026-03-09,788103,Israel,17,1256.9,1223.19,-33.71,Dominican Republic,1568.09,L,1,10,World Baseball Classic Pool Play,100.0,0.2325
2026-03-09,788103,Dominican Republic,7,1568.09,1601.8,33.71,Israel,1256.9,W,10,1,World Baseball Classic Pool Play,100.0,0.7675
2026-03-09,788133,Panama,12,1446.26,1381.23,-65.02,Colombia,1319.49,L,3,4,World Baseball Classic Pool Play,100.0,0.6193
2026-03-09,788133,Colombia,16,1319.49,1384.51,65.02,Panama,1446.26,W,4,3,World Baseball Classic Pool Play,100.0,0.3807
2026-03-09,788123,Great Britain,19,1242.31,1310.0,67.68,Brazil,1243.74,W,8,1,World Baseball Classic Pool Play,100.0,0.4986
2026-03-09,788123,Brazil,18,1243.74,1176.05,-67.68,Great Britain,1242.31,L,1,8,World Baseball Classic Pool Play,100.0,0.5014
2026-03-09,788131,Puerto Rico,9,1529.61,1589.99,60.38,Cuba,1555.75,W,4,1,World Baseball Classic Pool Play,100.0,0.4749
2026-03-09,788131,Cuba,8,1555.75,1495.37,-60.38,Puerto Rico,1529.61,L,1,4,World Baseball Classic Pool Play,100.0,0.5251
2026-03-09,788099,Nicaragua,18,1245.01,1223.43,-21.58,Venezuela,1640.42,L,0,4,World Baseball Classic Pool Play,100.0,0.1798
2026-03-09,788099,Venezuela,4,1640.42,1662.01,21.58,Nicaragua,1245.01,W,4,0,World Baseball Classic Pool Play,100.0,0.8202
2026-03-09,788122,United States of America,2,1800.71,1837.87,37.16,Mexico,1625.35,W,5,3,World Baseball Classic Pool Play,100.0,0.6622
2026-03-09,788122,Mexico,5,1625.35,1588.18,-37.16,United States of America,1800.71,L,3,5,World Baseball Classic Pool Play,100.0,0.3378
2026-03-10,788111,Japan,1,2004.24,2011.57,7.33,Czechia,1240.16,W,9,0,World Baseball Classic Pool Play,100.0,0.9494
2026-03-10,788111,Czechia,18,1240.16,1232.83,-7.33,Japan,2004.24,L,0,9,World Baseball Classic Pool Play,100.0,0.0506
2026-03-10,788102,Netherlands,13,1420.36,1338.69,-81.68,Israel,1223.19,L,2,6,World Baseball Classic Pool Play,100.0,0.6806
2026-03-10,788102,Israel,22,1223.19,1304.86,81.68,Netherlands,1420.36,W,6,2,World Baseball Classic Pool Play,100.0,0.3194
2026-03-10,788132,Puerto Rico,7,1589.99,1521.79,-68.2,Canada,1429.2,L,2,3,World Baseball Classic Pool Play,100.0,0.6495
2026-03-10,788132,Canada,12,1429.2,1497.4,68.2,Puerto Rico,1589.99,W,3,2,World Baseball Classic Pool Play,100.0,0.3505
2026-03-10,788119,United States of America,2,1837.87,1751.07,-86.8,Italy,1494.07,L,6,8,World Baseball Classic Pool Play,100.0,0.7891
2026-03-10,788119,Italy,11,1494.07,1580.87,86.8,United States of America,1837.87,W,8,6,World Baseball Classic Pool Play,100.0,0.2109
2026-03-11,788130,Cuba,11,1495.37,1433.11,-62.26,Canada,1497.4,L,2,7,World Baseball Classic Pool Play,100.0,0.498
2026-03-11,788130,Canada,10,1497.4,1559.66,62.26,Cuba,1495.37,W,7,2,World Baseball Classic Pool Play,100.0,0.502
2026-03-11,788121,Mexico,7,1588.18,1517.2,-70.98,Italy,1580.87,L,1,9,World Baseball Classic Pool Play,100.0,0.507
2026-03-11,788121,Italy,8,1580.87,1651.85,70.98,Mexico,1588.18,W,9,1,World Baseball Classic Pool Play,100.0,0.493
2026-03-11,788101,Venezuela,3,1662.01,1600.68,-61.33,Dominican Republic,1601.8,L,5,7,World Baseball Classic Pool Play,100.0,0.5575
2026-03-11,788101,Dominican Republic,7,1601.8,1663.13,61.33,Venezuela,1662.01,W,7,5,World Baseball Classic Pool Play,100.0,0.4425
2026-03-13,788095,Dominican Republic,3,1663.13,1734.87,71.74,Republic of Korea,1640.46,W,10,0,World Baseball Classic Quarterfinals,100.0,0.5217
2026-03-13,788095,Republic of Korea,5,1640.46,1568.72,-71.74,Dominican Republic,1663.13,L,0,10,World Baseball Classic Quarterfinals,100.0,0.4783
2026-03-13,788100,Canada,8,1559.66,1524.0,-35.66,United States of America,1751.07,L,3,5,World Baseball Classic Quarterfinals,100.0,0.3242
2026-03-13,788100,United States of America,2,1751.07,1786.73,35.66,Canada,1559.66,W,5,3,World Baseball Classic Quarterfinals,100.0,0.6758
2026-03-14,788098,Italy,4,1651.85,1693.4,41.55,Puerto Rico,1521.79,W,8,6,World Baseball Classic Quarterfinals,100.0,0.6223
2026-03-14,788098,Puerto Rico,9,1521.79,1480.23,-41.55,Italy,1651.85,L,6,8,World Baseball Classic Quarterfinals,100.0,0.3777
2026-03-14,788097,Japan,1,2011.57,1916.27,-95.31,Venezuela,1600.68,L,5,8,World Baseball Classic Quarterfinals,100.0,0.8288
2026-03-14,788097,Venezuela,6,1600.68,1695.99,95.31,Japan,2011.57,W,8,5,World Baseball Classic Quarterfinals,100.0,0.1712
2026-03-15,788096,Dominican Republic,3,1734.87,1687.58,-47.29,United States of America,1786.73,L,1,2,World Baseball Classic Semifinals,100.0,0.4504
2026-03-15,788096,United States of America,2,1786.73,1834.02,47.29,Dominican Republic,1734.87,W,2,1,World Baseball Classic Semifinals,100.0,0.5496
2026-03-16,788093,Italy,4,1693.4,1638.68,-54.73,Venezuela,1695.99,L,2,4,World Baseball Classic Semifinals,100.0,0.4975
2026-03-16,788093,Venezuela,3,1695.99,1750.71,54.73,Italy,1693.4,W,4,2,World Baseball Classic Semifinals,100.0,0.5025
2026-03-17,788094,United States of America,2,1834.02,1773.2,-60.82,Venezuela,1750.71,L,2,3,World Baseball Classic Finals,100.0,0.5793
2026-03-17,788094,Venezuela,3,1750.71,1811.54,60.82,United States of America,1834.02,W,3,2,World Baseball Classic Finals,100.0,0.4207
2026-04-20 08:00:00,199292,Curaçao,38,988.92,989.81,0.89,Argentina,1225.26,W,7,2,IV Juegos Sudamericanos de la Juventud - Panamá 2026 - Beisbol Masculino,1.0,0.2876
2026-04-20 08:00:00,199292,Argentina,21,1225.26,1224.37,-0.89,Curaçao,988.92,L,2,7,IV Juegos Sudamericanos de la Juventud - Panamá 2026 - Beisbol Masculino,1.0,0.7124
2026-04-20 11:00:00,199293,Brazil,24,1176.05,1175.65,-0.4,Colombia,1384.51,L,5,11,IV Juegos Sudamericanos de la Juventud - Panamá 2026 - Beisbol Masculino,1.0,0.31
2026-04-20 11:00:00,199293,Colombia,14,1384.51,1384.91,0.4,Brazil,1176.05,W,11,5,IV Juegos Sudamericanos de la Juventud - Panamá 2026 - Beisbol Masculino,1.0,0.69
2026-04-20 14:00:00,199294,Panama,15,1381.23,1381.43,0.2,Peru,891.12,W,13,2,IV Juegos Sudamericanos de la Juventud - Panamá 2026 - Beisbol Masculino,1.0,0.8677
2026-04-20 14:00:00,199294,Peru,48,891.12,890.92,-0.2,Panama,1381.23,L,2,13,IV Juegos Sudamericanos de la Juventud - Panamá 2026 - Beisbol Masculino,1.0,0.1323
2026-04-21 08:00:00,199295,Curaçao,38,989.81,989.43,-0.38,Brazil,1175.65,L,4,7,IV Juegos Sudamericanos de la Juventud - Panamá 2026 - Beisbol Masculino,1.0,0.3289
2026-04-21 08:00:00,199295,Brazil,24,1175.65,1176.03,0.38,Curaçao,989.81,W,7,4,IV Juegos Sudamericanos de la Juventud - Panamá 2026 - Beisbol Masculino,1.0,0.6711
2026-04-21 11:00:00,199296,Peru,48,890.92,890.72,-0.2,Colombia,1384.91,L,3,17,IV Juegos Sudamericanos de la Juventud - Panamá 2026 - Beisbol Masculino,1.0,0.1306
2026-04-21 11:00:00,199296,Colombia,14,1384.91,1385.11,0.2,Peru,890.92,W,17,3,IV Juegos Sudamericanos de la Juventud - Panamá 2026 - Beisbol Masculino,1.0,0.8694
2026-04-21 14:00:00,199297,Argentina,21,1224.37,1223.89,-0.48,Panama,1381.43,L,0,7,IV Juegos Sudamericanos de la Juventud - Panamá 2026 - Beisbol Masculino,1.0,0.3537
2026-04-21 14:00:00,199297,Panama,15,1381.43,1381.91,0.48,Argentina,1224.37,W,7,0,IV Juegos Sudamericanos de la Juventud - Panamá 2026 - Beisbol Masculino,1.0,0.6463
2026-04-22 08:00:00,199298,Peru,48,890.72,890.11,-0.61,Curaçao,989.43,L,2,12,IV Juegos Sudamericanos de la Juventud - Panamá 2026 - Beisbol Masculino,1.0,0.4064
2026-04-22 08:00:00,199298,Curaçao,38,989.43,990.04,0.61,Peru,890.72,W,12,2,IV Juegos Sudamericanos de la Juventud - Panamá 2026 - Beisbol Masculino,1.0,0.5936
2026-04-22 11:00:00,199299,Brazil,24,1176.03,1176.6,0.57,Argentina,1223.89,W,5,4,IV Juegos Sudamericanos de la Juventud - Panamá 2026 - Beisbol Masculino,1.0,0.4542
2026-04-22 11:00:00,199299,Argentina,21,1223.89,1223.32,-0.57,Brazil,1176.03,L,4,5,IV Juegos Sudamericanos de la Juventud - Panamá 2026 - Beisbol Masculino,1.0,0.5458
2026-04-22 14:00:00,199300,Colombia,14,1385.11,1384.4,-0.7,Panama,1381.91,L,2,10,IV Juegos Sudamericanos de la Juventud - Panamá 2026 - Beisbol Masculino,1.0,0.5031
2026-04-22 14:00:00,199300,Panama,15,1381.91,1382.61,0.7,Colombia,1385.11,W,10,2,IV Juegos Sudamericanos de la Juventud - Panamá 2026 - Beisbol Masculino,1.0,0.4969
2026-04-23 08:00:00,199301,Argentina,22,1223.32,1222.8,-0.53,Colombia,1384.4,L,6,22,IV Juegos Sudamericanos de la Juventud - Panamá 2026 - Beisbol Masculino,1.0,0.3502
2026-04-23 08:00:00,199301,Colombia,14,1384.4,1384.93,0.53,Argentina,1223.32,W,22,6,IV Juegos Sudamericanos de la Juventud - Panamá 2026 - Beisbol Masculino,1.0,0.6498
2026-04-23 11:00:00,199302,Brazil,24,1176.6,1176.98,0.37,Peru,890.11,W,14,2,IV Juegos Sudamericanos de la Juventud - Panamá 2026 - Beisbol Masculino,1.0,0.7502
2026-04-23 11:00:00,199302,Peru,48,890.11,889.74,-0.37,Brazil,1176.6,L,2,14,IV Juegos Sudamericanos de la Juventud - Panamá 2026 - Beisbol Masculino,1.0,0.2498
2026-04-23 14:00:00,199303,Panama,15,1382.61,1382.84,0.23,Curaçao,990.04,W,9,4,IV Juegos Sudamericanos de la Juventud - Panamá 2026 - Beisbol Masculino,1.0,0.8185
2026-04-23 14:00:00,199303,Curaçao,38,990.04,989.82,-0.23,Panama,1382.61,L,4,9,IV Juegos Sudamericanos de la Juventud - Panamá 2026 - Beisbol Masculino,1.0,0.1815
2026-04-24 08:00:00,199304,Colombia,14,1384.93,1385.12,0.19,Curaçao,989.82,W,6,5,IV Juegos Sudamericanos de la Juventud - Panamá 2026 - Beisbol Masculino,1.0,0.82
2026-04-24 08:00:00,199304,Curaçao,38,989.82,989.63,-0.19,Colombia,1384.93,L,5,6,IV Juegos Sudamericanos de la Juventud - Panamá 2026 - Beisbol Masculino,1.0,0.18
2026-04-24 11:00:00,199305,Peru,48,889.74,890.6,0.86,Argentina,1222.8,W,6,4,IV Juegos Sudamericanos de la Juventud - Panamá 2026 - Beisbol Masculino,1.0,0.2179
2026-04-24 11:00:00,199305,Argentina,22,1222.8,1221.93,-0.86,Peru,889.74,L,4,6,IV Juegos Sudamericanos de la Juventud - Panamá 2026 - Beisbol Masculino,1.0,0.7821
2026-04-24 14:00:00,199306,Panama,15,1382.84,1383.2,0.36,Brazil,1176.98,W,6,3,IV Juegos Sudamericanos de la Juventud - Panamá 2026 - Beisbol Masculino,1.0,0.6878
2026-04-24 14:00:00,199306,Brazil,24,1176.98,1176.62,-0.36,Panama,1382.84,L,3,6,IV Juegos Sudamericanos de la Juventud - Panamá 2026 - Beisbol Masculino,1.0,0.3122
2026-04-25 08:00:00,199307,Brazil,24,1176.62,1175.61,-1.01,Curaçao,989.63,L,0,14,IV Juegos Sudamericanos de la Juventud - Panamá 2026 - Beisbol Masculino,1.0,0.6721
2026-04-25 08:00:00,199307,Curaçao,38,989.63,990.63,1.01,Brazil,1176.62,W,14,0,IV Juegos Sudamericanos de la Juventud - Panamá 2026 - Beisbol Masculino,1.0,0.3279
2026-04-25 11:00:00,199308,Panama,15,1383.2,1383.75,0.55,Colombia,1385.12,W,2,0,IV Juegos Sudamericanos de la Juventud - Panamá 2026 - Beisbol Masculino,1.0,0.4982
2026-04-25 11:00:00,199308,Colombia,14,1385.12,1384.57,-0.55,Panama,1383.2,L,0,2,IV Juegos Sudamericanos de la Juventud - Panamá 2026 - Beisbol Masculino,1.0,0.5018
2026-06-11 19:00:00,201840,Guatemala,83,780.6,786.13,5.53,Costa Rica,808.84,W,9,8,Copa Centroamericana de Béisbol Masculino 2026,10.0,0.4729
2026-06-11 19:00:00,201840,Costa Rica,59,808.84,803.31,-5.53,Guatemala,780.6,L,8,9,Copa Centroamericana de Béisbol Masculino 2026,10.0,0.5271
2026-06-12 11:00:00,201839,Honduras,53,831.51,825.53,-5.98,El Salvador,810.82,L,0,3,Copa Centroamericana de Béisbol Masculino 2026,10.0,0.5198
2026-06-12 11:00:00,201839,El Salvador,58,810.82,816.8,5.98,Honduras,831.51,W,3,0,Copa Centroamericana de Béisbol Masculino 2026,10.0,0.4802
2026-06-12 15:00:00,201841,Costa Rica,61,803.31,808.78,5.47,Honduras,825.53,W,2,1,Copa Centroamericana de Béisbol Masculino 2026,10.0,0.4787
2026-06-12 15:00:00,201841,Honduras,53,825.53,820.06,-5.47,Costa Rica,803.31,L,1,2,Copa Centroamericana de Béisbol Masculino 2026,10.0,0.5213
2026-06-12 19:00:00,201846,El Salvador,57,816.8,808.86,-7.94,Guatemala,786.13,L,0,10,Copa Centroamericana de Béisbol Masculino 2026,10.0,0.5294
2026-06-12 19:00:00,201846,Guatemala,81,786.13,794.08,7.94,El Salvador,816.8,W,10,0,Copa Centroamericana de Béisbol Masculino 2026,10.0,0.4706
2026-06-13 15:00:00,201842,El Salvador,58,808.86,814.61,5.75,Costa Rica,808.78,W,6,3,Copa Centroamericana de Béisbol Masculino 2026,10.0,0.5001
2026-06-13 15:00:00,201842,Costa Rica,59,808.78,803.03,-5.75,El Salvador,808.86,L,3,6,Copa Centroamericana de Béisbol Masculino 2026,10.0,0.4999
2026-06-13 19:00:00,201843,Guatemala,80,794.08,799.85,5.77,Honduras,820.06,W,18,16,Copa Centroamericana de Béisbol Masculino 2026,10.0,0.4751
2026-06-13 19:00:00,201843,Honduras,56,820.06,814.29,-5.77,Guatemala,794.08,L,16,18,Copa Centroamericana de Béisbol Masculino 2026,10.0,0.5249
2026-06-14 08:00:00,201844,Costa Rica,61,803.03,797.41,-5.63,Honduras,814.29,L,2,5,Copa Centroamericana de Béisbol Masculino 2026,10.0,0.4892
2026-06-14 08:00:00,201844,Honduras,57,814.29,819.91,5.63,Costa Rica,803.03,W,5,2,Copa Centroamericana de Béisbol Masculino 2026,10.0,0.5108
2026-06-14 11:00:00,201845,Guatemala,76,799.85,805.51,5.66,El Salvador,814.61,W,9,7,Copa Centroamericana de Béisbol Masculino 2026,10.0,0.4858
2026-06-14 11:00:00,201845,El Salvador,57,814.61,808.95,-5.66,Guatemala,799.85,L,7,9,Copa Centroamericana de Béisbol Masculino 2026,10.0,0.5142
2026-07-06 11:00:00,189186,Austria,28,1118.26,1116.9,-1.36,Russia,1168.0,L,2,13,U-12 Baseball European Championship B Pool 2026,2.0,0.4524
2026-07-06 11:00:00,189186,Russia,25,1168.0,1169.36,1.36,Austria,1118.26,W,13,2,U-12 Baseball European Championship B Pool 2026,2.0,0.5476
2026-07-06 15:00:00,199982,Poland,82,784.91,786.95,2.04,Lithuania,981.61,W,17,7,U-12 Baseball European Championship B Pool 2026,2.0,0.3198
2026-07-06 15:00:00,199982,Lithuania,40,981.61,979.57,-2.04,Poland,784.91,L,7,17,U-12 Baseball European Championship B Pool 2026,2.0,0.6802
2026-07-06 18:00:00,199983,Bulgaria,77,799.81,798.41,-1.4,Belarus,800.0,L,8,16,U-12 Baseball European Championship B Pool 2026,2.0,0.4998
2026-07-06 18:00:00,199983,Belarus,65,800.0,801.4,1.4,Bulgaria,799.81,W,16,8,U-12 Baseball European Championship B Pool 2026,2.0,0.5002
2026-07-07 10:30:00,188996,Italy,5,1638.68,1639.18,0.5,Netherlands,1338.69,W,3,2,U-12 Baseball European Championship 2026,2.0,0.7597
2026-07-07 10:30:00,188996,Netherlands,16,1338.69,1338.18,-0.5,Italy,1638.68,L,2,3,U-12 Baseball European Championship 2026,2.0,0.2403
2026-07-07 11:00:00,195950,Lithuania,40,979.57,978.42,-1.14,Ukraine,1105.5,L,16,26,U-12 Baseball European Championship B Pool 2026,2.0,0.3815
2026-07-07 11:00:00,195950,Ukraine,30,1105.5,1106.64,1.14,Lithuania,979.57,W,26,16,U-12 Baseball European Championship B Pool 2026,2.0,0.6185
2026-07-07 13:00:00,188997,Czechia,20,1232.83,1234.14,1.31,Germany,1235.6,W,11,5,U-12 Baseball European Championship 2026,2.0,0.4973
2026-07-07 13:00:00,188997,Germany,19,1235.6,1234.29,-1.31,Czechia,1232.83,L,5,11,U-12 Baseball European Championship 2026,2.0,0.5027
2026-07-07 15:00:00,189191,Belarus,64,801.4,800.71,-0.69,Austria,1116.9,L,4,20,U-12 Baseball European Championship B Pool 2026,2.0,0.2296
2026-07-07 15:00:00,189191,Austria,28,1116.9,1117.59,0.69,Belarus,801.4,W,20,4,U-12 Baseball European Championship B Pool 2026,2.0,0.7704
2026-07-07 15:45:00,188998,France,27,1122.65,1124.67,2.02,Great Britain,1310.0,W,17,6,U-12 Baseball European Championship 2026,2.0,0.3276
2026-07-07 15:45:00,188998,Great Britain,17,1310.0,1307.98,-2.02,France,1122.65,L,6,17,U-12 Baseball European Championship 2026,2.0,0.6724
2026-07-07 18:00:00,199985,Bulgaria,77,798.41,797.83,-0.58,Russia,1169.36,L,2,23,U-12 Baseball European Championship B Pool 2026,2.0,0.1941
2026-07-07 18:00:00,199985,Russia,25,1169.36,1169.94,0.58,Bulgaria,798.41,W,23,2,U-12 Baseball European Championship B Pool 2026,2.0,0.8059
2026-07-07 18:15:00,188999,Belgium,26,1146.1,1147.61,1.51,Spain,1392.41,W,7,6,U-12 Baseball European Championship 2026,2.0,0.2798
2026-07-07 18:15:00,188999,Spain,13,1392.41,1390.9,-1.51,Belgium,1146.1,L,6,7,U-12 Baseball European Championship 2026,2.0,0.7202
2026-07-08 10:30:00,189000,Great Britain,17,1307.98,1306.27,-1.71,Czechia,1234.14,L,0,23,U-12 Baseball European Championship 2026,2.0,0.5704
2026-07-08 10:30:00,189000,Czechia,20,1234.14,1235.85,1.71,Great Britain,1307.98,W,23,0,U-12 Baseball European Championship 2026,2.0,0.4296
2026-07-08 11:00:00,189194,Ukraine,30,1106.64,1107.27,0.63,Poland,786.95,W,14,6,U-12 Baseball European Championship B Pool 2026,2.0,0.7733
2026-07-08 11:00:00,189194,Poland,82,786.95,786.32,-0.63,Ukraine,1106.64,L,6,14,U-12 Baseball European Championship B Pool 2026,2.0,0.2267
2026-07-08 13:00:00,189001,Spain,13,1390.9,1390.26,-0.64,Italy,1639.18,L,5,8,U-12 Baseball European Championship 2026,2.0,0.2783
2026-07-08 13:00:00,189001,Italy,5,1639.18,1639.82,0.64,Spain,1390.9,W,8,5,U-12 Baseball European Championship 2026,2.0,0.7217
2026-07-08 15:00:00,189196,Russia,25,1169.94,1170.52,0.59,Belarus,800.71,W,14,0,U-12 Baseball European Championship B Pool 2026,2.0,0.8049
2026-07-08 15:00:00,189196,Belarus,64,800.71,800.13,-0.59,Russia,1169.94,L,0,14,U-12 Baseball European Championship B Pool 2026,2.0,0.1951
2026-07-08 15:30:00,189002,Netherlands,16,1338.18,1339.16,0.97,Belgium,1147.61,W,10,0,U-12 Baseball European Championship 2026,2.0,0.6751
2026-07-08 15:30:00,189002,Belgium,26,1147.61,1146.63,-0.97,Netherlands,1338.18,L,0,10,U-12 Baseball European Championship 2026,2.0,0.3249
2026-07-08 18:00:00,199987,Austria,28,1117.59,1118.07,0.48,Bulgaria,797.83,W,5,4,U-12 Baseball European Championship B Pool 2026,2.0,0.7733
2026-07-08 18:00:00,199987,Bulgaria,79,797.83,797.35,-0.48,Austria,1117.59,L,4,5,U-12 Baseball European Championship B Pool 2026,2.0,0.2267
2026-07-08 18:00:00,189003,Germany,20,1234.29,1235.28,0.99,France,1124.67,W,5,0,U-12 Baseball European Championship 2026,2.0,0.6036
2026-07-08 18:00:00,189003,France,27,1124.67,1123.68,-0.99,Germany,1234.29,L,0,5,U-12 Baseball European Championship 2026,2.0,0.3964
2026-07-09 10:30:00,189004,Italy,5,1639.82,1640.21,0.39,Belgium,1146.63,W,11,0,U-12 Baseball European Championship 2026,2.0,0.8691
2026-07-09 10:30:00,189004,Belgium,26,1146.63,1146.24,-0.39,Italy,1639.82,L,0,11,U-12 Baseball European Championship 2026,2.0,0.1309
2026-07-09 11:00:00,199988,Lithuania,40,978.42,976.66,-1.76,Poland,786.32,L,10,16,U-12 Baseball European Championship B Pool 2026,2.0,0.6764
2026-07-09 11:00:00,199988,Poland,82,786.32,788.08,1.76,Lithuania,978.42,W,16,10,U-12 Baseball European Championship B Pool 2026,2.0,0.3236
2026-07-09 13:00:00,189005,Germany,20,1235.28,1236.98,1.7,Great Britain,1306.27,W,16,1,U-12 Baseball European Championship 2026,2.0,0.4323
2026-07-09 13:00:00,189005,Great Britain,17,1306.27,1304.57,-1.7,Germany,1235.28,L,1,16,U-12 Baseball European Championship 2026,2.0,0.5677
2026-07-09 15:00:00,189199,Russia,25,1170.52,1171.87,1.35,Austria,1118.07,W,16,6,U-12 Baseball European Championship B Pool 2026,2.0,0.5502
2026-07-09 15:00:00,189199,Austria,28,1118.07,1116.72,-1.35,Russia,1170.52,L,6,16,U-12 Baseball European Championship B Pool 2026,2.0,0.4498
2026-07-09 15:30:00,189006,Netherlands,16,1339.16,1340.31,1.15,Spain,1390.26,W,5,4,U-12 Baseball European Championship 2026,2.0,0.4511
2026-07-09 15:30:00,189006,Spain,13,1390.26,1389.11,-1.15,Netherlands,1339.16,L,4,5,U-12 Baseball European Championship 2026,2.0,0.5489
2026-07-09 18:00:00,199989,Belarus,65,800.13,801.62,1.49,Bulgaria,797.35,W,15,4,U-12 Baseball European Championship B Pool 2026,2.0,0.5027
2026-07-09 18:00:00,199989,Bulgaria,80,797.35,795.86,-1.49,Belarus,800.13,L,4,15,U-12 Baseball European Championship B Pool 2026,2.0,0.4973
2026-07-09 18:00:00,189007,Czechia,20,1235.85,1236.75,0.91,France,1123.68,W,8,5,U-12 Baseball European Championship 2026,2.0,0.606
2026-07-09 18:00:00,189007,France,27,1123.68,1122.77,-0.91,Czechia,1235.85,L,5,8,U-12 Baseball European Championship 2026,2.0,0.394
2026-07-10 10:30:00,189008,Belgium,26,1146.24,1147.79,1.55,Great Britain,1304.57,W,5,1,U-12 Baseball European Championship 2026,2.0,0.3526
2026-07-10 10:30:00,189008,Great Britain,18,1304.57,1303.01,-1.55,Belgium,1146.24,L,1,5,U-12 Baseball European Championship 2026,2.0,0.6474
2026-07-10 11:00:00,189203,Austria,28,1116.72,1117.41,0.69,Belarus,801.62,W,19,1,U-12 Baseball European Championship B Pool 2026,2.0,0.7702
2026-07-10 11:00:00,189203,Belarus,63,801.62,800.93,-0.69,Austria,1116.72,L,1,19,U-12 Baseball European Championship B Pool 2026,2.0,0.2298
2026-07-10 13:00:00,189009,France,27,1122.77,1122.11,-0.66,Spain,1389.11,L,6,11,U-12 Baseball European Championship 2026,2.0,0.2646
2026-07-10 13:00:00,189009,Spain,13,1389.11,1389.77,0.66,France,1122.77,W,11,6,U-12 Baseball European Championship 2026,2.0,0.7354
2026-07-10 15:00:00,199990,Ukraine,30,1107.27,1108.37,1.09,Lithuania,976.66,W,23,14,U-12 Baseball European Championship B Pool 2026,2.0,0.6228
2026-07-10 15:00:00,199990,Lithuania,40,976.66,975.57,-1.09,Ukraine,1107.27,L,14,23,U-12 Baseball European Championship B Pool 2026,2.0,0.3772
2026-07-10 15:30:00,189010,Italy,5,1640.21,1637.9,-2.31,Germany,1236.98,L,3,11,U-12 Baseball European Championship 2026,2.0,0.8245
2026-07-10 15:30:00,189010,Germany,19,1236.98,1239.29,2.31,Italy,1640.21,W,11,3,U-12 Baseball European Championship 2026,2.0,0.1755
2026-07-10 18:00:00,199991,Russia,25,1171.87,1172.45,0.57,Bulgaria,795.86,W,15,0,U-12 Baseball European Championship B Pool 2026,2.0,0.8089
2026-07-10 18:00:00,199991,Bulgaria,80,795.86,795.28,-0.57,Russia,1171.87,L,0,15,U-12 Baseball European Championship B Pool 2026,2.0,0.1911
2026-07-10 18:00:00,189011,Czechia,20,1236.75,1238.43,1.67,Netherlands,1340.31,W,8,0,U-12 Baseball European Championship 2026,2.0,0.4019
2026-07-10 18:00:00,189011,Netherlands,16,1340.31,1338.64,-1.67,Czechia,1236.75,L,0,8,U-12 Baseball European Championship 2026,2.0,0.5981
2026-07-10 20:00:00,189013,Belgium,26,1147.79,1147.74,-0.05,France,1122.11,D,0,0,U-12 Baseball European Championship 2026,2.0,0.5246
2026-07-10 20:00:00,189013,France,27,1122.11,1122.16,0.05,Belgium,1147.79,D,0,0,U-12 Baseball European Championship 2026,2.0,0.4754
2026-07-11 08:00:00,189012,Great Britain,18,1303.01,1303.18,0.16,Spain,1389.77,D,0,0,U-12 Baseball European Championship 2026,2.0,0.4175
2026-07-11 08:00:00,189012,Spain,13,1389.77,1389.6,-0.16,Great Britain,1303.01,D,0,0,U-12 Baseball European Championship 2026,2.0,0.5825
2026-07-11 10:00:00,189015,Germany,19,1239.29,1240.39,1.1,Czechia,1238.43,W,6,4,U-12 Baseball European Championship 2026,2.0,0.5008
2026-07-11 10:00:00,189015,Czechia,20,1238.43,1237.33,-1.1,Germany,1239.29,L,4,6,U-12 Baseball European Championship 2026,2.0,0.4992
2026-07-11 11:00:00,199992,Poland,82,788.08,787.4,-0.68,Ukraine,1108.37,L,4,15,U-12 Baseball European Championship B Pool 2026,2.0,0.2263
2026-07-11 11:00:00,199992,Ukraine,30,1108.37,1109.05,0.68,Poland,788.08,W,15,4,U-12 Baseball European Championship B Pool 2026,2.0,0.7737
2026-07-11 15:00:00,199994,Belarus,64,800.93,800.35,-0.58,Russia,1172.45,L,5,27,U-12 Baseball European Championship B Pool 2026,2.0,0.1938
2026-07-11 15:00:00,199994,Russia,25,1172.45,1173.03,0.58,Belarus,800.93,W,27,5,U-12 Baseball European Championship B Pool 2026,2.0,0.8062
2026-07-11 15:30:00,189014,Italy,5,1637.9,1637.39,-0.52,Netherlands,1338.64,D,0,0,U-12 Baseball European Championship 2026,2.0,0.7592
2026-07-11 15:30:00,189014,Netherlands,16,1338.64,1339.15,0.52,Italy,1637.9,D,0,0,U-12 Baseball European Championship 2026,2.0,0.2408
2026-07-11 18:00:00,199995,Bulgaria,80,795.28,794.61,-0.68,Austria,1117.41,L,0,27,U-12 Baseball European Championship B Pool 2026,2.0,0.2251
2026-07-11 18:00:00,199995,Austria,28,1117.41,1118.08,0.68,Bulgaria,795.28,W,27,0,U-12 Baseball European Championship B Pool 2026,2.0,0.7749
2026-07-13 10:30:00,200671,Belgium,26,1147.74,1146.51,-1.24,Germany,1240.39,L,2,17,U-18 Baseball European Championship 2026,2.0,0.412
2026-07-13 10:30:00,200671,Germany,19,1240.39,1241.63,1.24,Belgium,1147.74,W,17,2,U-18 Baseball European Championship 2026,2.0,0.588
2026-07-13 10:30:00,200672,Austria,28,1118.08,1120.09,2.01,Great Britain,1303.18,W,14,4,U-18 Baseball European Championship 2026,2.0,0.3295
2026-07-13 10:30:00,200672,Great Britain,18,1303.18,1301.17,-2.01,Austria,1118.08,L,4,14,U-18 Baseball European Championship 2026,2.0,0.6705
2026-07-13 14:30:00,200673,Czechia,20,1237.33,1236.32,-1.01,Netherlands,1339.15,L,1,6,U-18 Baseball European Championship 2026,2.0,0.4035
2026-07-13 14:30:00,200673,Netherlands,16,1339.15,1340.16,1.01,Czechia,1237.33,W,6,1,U-18 Baseball European Championship 2026,2.0,0.5965
2026-07-13 14:30:00,200674,France,27,1122.16,1122.73,0.57,Hungary,863.64,W,8,7,U-18 Baseball European Championship 2026,2.0,0.7295
2026-07-13 14:30:00,200674,Hungary,50,863.64,863.07,-0.57,France,1122.16,L,7,8,U-18 Baseball European Championship 2026,2.0,0.2705
2026-07-13 19:30:00,200675,Spain,13,1389.6,1389.82,0.22,Poland,787.4,W,5,1,U-18 Baseball European Championship 2026,2.0,0.9098
2026-07-13 19:30:00,200675,Poland,82,787.4,787.18,-0.22,Spain,1389.6,L,1,5,U-18 Baseball European Championship 2026,2.0,0.0902
2026-07-13 19:30:00,200676,Israel,17,1304.86,1304.21,-0.65,Italy,1637.39,L,0,11,U-18 Baseball European Championship 2026,2.0,0.2182
2026-07-13 19:30:00,200676,Italy,5,1637.39,1638.04,0.65,Israel,1304.86,W,11,0,U-18 Baseball European Championship 2026,2.0,0.7818
2026-07-14 10:30:00,200677,Poland,82,787.18,786.77,-0.41,Czechia,1236.32,L,11,18,U-18 Baseball European Championship 2026,2.0,0.1514
2026-07-14 10:30:00,200677,Czechia,20,1236.32,1236.73,0.41,Poland,787.18,W,18,11,U-18 Baseball European Championship 2026,2.0,0.8486
2026-07-14 10:30:00,200678,Netherlands,16,1340.16,1341.13,0.97,Belgium,1146.51,W,11,1,U-18 Baseball European Championship 2026,2.0,0.6777
2026-07-14 10:30:00,200678,Belgium,26,1146.51,1145.54,-0.97,Netherlands,1340.16,L,1,11,U-18 Baseball European Championship 2026,2.0,0.3223
2026-07-14 14:30:00,200679,Great Britain,18,1301.17,1302.68,1.51,Israel,1304.21,W,14,4,U-18 Baseball European Championship 2026,2.0,0.4971
2026-07-14 14:30:00,200679,Israel,17,1304.21,1302.7,-1.51,Great Britain,1301.17,L,4,14,U-18 Baseball European Championship 2026,2.0,0.5029
2026-07-14 14:30:00,200680,Germany,19,1241.63,1243.16,1.53,Spain,1389.82,W,9,5,U-18 Baseball European Championship 2026,2.0,0.3615
2026-07-14 14:30:00,200680,Spain,13,1389.82,1388.29,-1.53,Germany,1241.63,L,5,9,U-18 Baseball European Championship 2026,2.0,0.6385
2026-07-14 19:30:00,200681,Hungary,50,863.07,864.6,1.53,Austria,1120.09,W,10,9,U-18 Baseball European Championship 2026,2.0,0.2716
2026-07-14 19:30:00,200681,Austria,28,1120.09,1118.56,-1.53,Hungary,863.07,L,9,10,U-18 Baseball European Championship 2026,2.0,0.7284
2026-07-14 19:30:00,200682,Italy,5,1638.04,1638.3,0.26,France,1122.73,W,6,5,U-18 Baseball European Championship 2026,2.0,0.8784
2026-07-14 19:30:00,200682,France,27,1122.73,1122.47,-0.26,Italy,1638.04,L,5,6,U-18 Baseball European Championship 2026,2.0,0.1216
2026-07-15 10:30:00,200683,Germany,19,1243.16,1244.54,1.38,Czechia,1236.73,W,10,2,U-18 Baseball European Championship 2026,2.0,0.5062
2026-07-15 10:30:00,200683,Czechia,20,1236.73,1235.35,-1.38,Germany,1243.16,L,2,10,U-18 Baseball European Championship 2026,2.0,0.4938
2026-07-15 10:30:00,200684,Great Britain,18,1302.68,1303.15,0.47,Hungary,864.6,W,11,1,U-18 Baseball European Championship 2026,2.0,0.8431
2026-07-15 10:30:00,200684,Hungary,50,864.6,864.13,-0.47,Great Britain,1302.68,L,1,11,U-18 Baseball European Championship 2026,2.0,0.1569
2026-07-15 14:30:00,200685,Netherlands,16,1341.13,1341.45,0.32,Poland,786.77,W,12,1,U-18 Baseball European Championship 2026,2.0,0.8935
2026-07-15 14:30:00,200685,Poland,82,786.77,786.45,-0.32,Netherlands,1341.13,L,1,12,U-18 Baseball European Championship 2026,2.0,0.1065
2026-07-15 14:30:00,200686,France,27,1122.47,1124.2,1.73,Israel,1302.7,W,7,1,U-18 Baseball European Championship 2026,2.0,0.3337
2026-07-15 14:30:00,200686,Israel,18,1302.7,1300.97,-1.73,France,1122.47,L,1,7,U-18 Baseball European Championship 2026,2.0,0.6663
2026-07-15 19:30:00,200687,Spain,13,1388.29,1389.13,0.85,Belgium,1145.54,W,10,0,U-18 Baseball European Championship 2026,2.0,0.7174
2026-07-15 19:30:00,200687,Belgium,26,1145.54,1144.69,-0.85,Spain,1388.29,L,0,10,U-18 Baseball European Championship 2026,2.0,0.2826
2026-07-15 19:30:00,200688,Italy,5,1638.3,1638.63,0.34,Austria,1118.56,W,12,4,U-18 Baseball European Championship 2026,2.0,0.8802
2026-07-15 19:30:00,200688,Austria,28,1118.56,1118.23,-0.34,Italy,1638.3,L,4,12,U-18 Baseball European Championship 2026,2.0,0.1198
2026-07-16 10:30:00,200689,Germany,19,1244.54,1245.84,1.3,Netherlands,1341.45,W,5,3,U-18 Baseball European Championship 2026,2.0,0.4081
2026-07-16 10:30:00,200689,Netherlands,16,1341.45,1340.15,-1.3,Germany,1244.54,L,3,5,U-18 Baseball European Championship 2026,2.0,0.5919
2026-07-16 10:30:00,200690,Spain,13,1389.13,1387.2,-1.93,Czechia,1235.35,L,0,15,U-18 Baseball European Championship 2026,2.0,0.6434
2026-07-16 10:30:00,200690,Czechia,20,1235.35,1237.28,1.93,Spain,1389.13,W,15,0,U-18 Baseball European Championship 2026,2.0,0.3566
2026-07-16 14:30:00,200691,France,27,1124.2,1125.69,1.48,Austria,1118.23,W,13,1,U-18 Baseball European Championship 2026,2.0,0.5057
2026-07-16 14:30:00,200691,Austria,28,1118.23,1116.75,-1.48,France,1124.2,L,1,13,U-18 Baseball European Championship 2026,2.0,0.4943
2026-07-16 14:30:00,200692,Belgium,26,1144.69,1145.16,0.46,Poland,786.45,W,5,2,U-18 Baseball European Championship 2026,2.0,0.7982
2026-07-16 14:30:00,200692,Poland,82,786.45,785.99,-0.46,Belgium,1144.69,L,2,5,U-18 Baseball European Championship 2026,2.0,0.2018
2026-07-16 19:30:00,200693,Israel,18,1300.97,1299.11,-1.85,Hungary,864.13,L,3,5,U-18 Baseball European Championship 2026,2.0,0.8424
2026-07-16 19:30:00,200693,Hungary,50,864.13,865.98,1.85,Israel,1300.97,W,5,3,U-18 Baseball European Championship 2026,2.0,0.1576
2026-07-16 19:30:00,200694,Italy,5,1638.63,1639.28,0.65,Great Britain,1303.15,W,16,6,U-18 Baseball European Championship 2026,2.0,0.7837
2026-07-16 19:30:00,200694,Great Britain,17,1303.15,1302.5,-0.65,Italy,1638.63,L,6,16,U-18 Baseball European Championship 2026,2.0,0.2163
2026-07-17 10:30:00,200695,Great Britain,17,1302.5,1300.97,-1.53,France,1125.69,L,9,12,U-18 Baseball European Championship 2026,2.0,0.6634
2026-07-17 10:30:00,200695,France,27,1125.69,1127.21,1.53,Great Britain,1302.5,W,12,9,U-18 Baseball European Championship 2026,2.0,0.3366
2026-07-17 10:30:00,200696,Netherlands,16,1340.15,1341.46,1.31,Spain,1387.2,W,7,3,U-18 Baseball European Championship 2026,2.0,0.455
2026-07-17 10:30:00,200696,Spain,13,1387.2,1385.9,-1.31,Netherlands,1340.15,L,3,7,U-18 Baseball European Championship 2026,2.0,0.545
2026-07-17 14:30:00,200697,Poland,82,785.99,785.55,-0.44,Germany,1245.84,L,2,14,U-18 Baseball European Championship 2026,2.0,0.1462
2026-07-17 14:30:00,200697,Germany,19,1245.84,1246.28,0.44,Poland,785.99,W,14,2,U-18 Baseball European Championship 2026,2.0,0.8538
2026-07-17 14:30:00,200698,Austria,28,1116.75,1118.22,1.47,Israel,1299.11,W,4,2,U-18 Baseball European Championship 2026,2.0,0.3318
2026-07-17 14:30:00,200698,Israel,18,1299.11,1297.64,-1.47,Austria,1116.75,L,2,4,U-18 Baseball European Championship 2026,2.0,0.6682
2026-07-17 19:30:00,200699,Czechia,20,1237.28,1238.31,1.03,Belgium,1145.16,W,11,6,U-18 Baseball European Championship 2026,2.0,0.5875
2026-07-17 19:30:00,200699,Belgium,26,1145.16,1144.13,-1.03,Czechia,1237.28,L,6,11,U-18 Baseball European Championship 2026,2.0,0.4125
2026-07-17 19:30:00,200700,Hungary,50,865.98,865.84,-0.15,Italy,1639.28,L,2,16,U-18 Baseball European Championship 2026,2.0,0.0489
2026-07-17 19:30:00,200700,Italy,5,1639.28,1639.43,0.15,Hungary,865.98,W,16,2,U-18 Baseball European Championship 2026,2.0,0.9511
2026-07-18 10:30:00,200701,Hungary,50,865.84,864.45,-1.38,Poland,785.55,L,6,10,U-18 Baseball European Championship 2026,2.0,0.5764
2026-07-18 10:30:00,200701,Poland,82,785.55,786.93,1.38,Hungary,865.84,W,10,6,U-18 Baseball European Championship 2026,2.0,0.4236
2026-07-18 10:30:00,200702,Belgium,26,1144.13,1146.06,1.93,Israel,1297.64,W,12,2,U-18 Baseball European Championship 2026,2.0,0.3568
2026-07-18 10:30:00,200702,Israel,18,1297.64,1295.71,-1.93,Belgium,1144.13,L,2,12,U-18 Baseball European Championship 2026,2.0,0.6432
2026-07-18 14:30:00,200703,Austria,28,1118.22,1117.42,-0.79,Spain,1385.9,L,0,12,U-18 Baseball European Championship 2026,2.0,0.2636
2026-07-18 14:30:00,200703,Spain,13,1385.9,1386.69,0.79,Austria,1118.22,W,12,0,U-18 Baseball European Championship 2026,2.0,0.7364
2026-07-18 14:30:00,200704,Czechia,20,1238.31,1239.99,1.68,Great Britain,1300.97,W,13,1,U-18 Baseball European Championship 2026,2.0,0.4402
2026-07-18 14:30:00,200704,Great Britain,17,1300.97,1299.29,-1.68,Czechia,1238.31,L,1,13,U-18 Baseball European Championship 2026,2.0,0.5598
2026-07-18 19:30:00,200705,Germany,19,1246.28,1247.33,1.05,France,1127.21,W,8,1,U-18 Baseball European Championship 2026,2.0,0.6123
2026-07-18 19:30:00,200705,France,27,1127.21,1126.16,-1.05,Germany,1246.28,L,1,8,U-18 Baseball European Championship 2026,2.0,0.3877
2026-07-18 19:30:00,200706,Italy,5,1639.43,1639.93,0.51,Netherlands,1341.46,W,4,3,U-18 Baseball European Championship 2026,2.0,0.7583
2026-07-18 19:30:00,200706,Netherlands,16,1341.46,1340.95,-0.51,Italy,1639.43,L,3,4,U-18 Baseball European Championship 2026,2.0,0.2417
2026-07-19 10:00:00,200707,Hungary,50,864.45,864.1,-0.35,Israel,1295.71,L,2,4,U-18 Baseball European Championship 2026,2.0,0.1604
2026-07-19 10:00:00,200707,Israel,18,1295.71,1296.07,0.35,Hungary,864.45,W,4,2,U-18 Baseball European Championship 2026,2.0,0.8396
2026-07-19 10:30:00,200708,Czechia,20,1239.99,1239.19,-0.8,Spain,1386.69,L,7,9,U-18 Baseball European Championship 2026,2.0,0.3629
2026-07-19 10:30:00,200708,Spain,13,1386.69,1387.48,0.8,Czechia,1239.99,W,9,7,U-18 Baseball European Championship 2026,2.0,0.6371
2026-07-19 14:00:00,200709,Poland,82,786.93,786.33,-0.6,Belgium,1146.06,L,7,20,U-18 Baseball European Championship 2026,2.0,0.2013
2026-07-19 14:00:00,200709,Belgium,26,1146.06,1146.66,0.6,Poland,786.93,W,20,7,U-18 Baseball European Championship 2026,2.0,0.7987
2026-07-19 14:30:00,200710,Netherlands,16,1340.95,1341.83,0.88,France,1126.16,W,12,3,U-18 Baseball European Championship 2026,2.0,0.6951
2026-07-19 14:30:00,200710,France,27,1126.16,1125.28,-0.88,Netherlands,1340.95,L,3,12,U-18 Baseball European Championship 2026,2.0,0.3049
2026-07-19 18:00:00,200711,Austria,28,1117.42,1116.46,-0.96,Great Britain,1299.29,L,5,14,U-18 Baseball European Championship 2026,2.0,0.3323
2026-07-19 18:00:00,200711,Great Britain,17,1299.29,1300.26,0.96,Austria,1117.42,W,14,5,U-18 Baseball European Championship 2026,2.0,0.6677
2026-07-19 19:30:00,200712,Germany,19,1247.33,1246.93,-0.4,Italy,1639.93,L,4,6,U-18 Baseball European Championship 2026,2.0,0.1814
2026-07-19 19:30:00,200712,Italy,5,1639.93,1640.33,0.4,Germany,1247.33,W,6,4,U-18 Baseball European Championship 2026,2.0,0.8186
2026-07-20 11:00:00,188956,Slovakia,37,994.7,995.38,0.68,Belarus,800.35,W,5,4,U-15 Baseball European Championship B Pool 2026 - Group Austria,2.0,0.6783
2026-07-20 11:00:00,188956,Belarus,65,800.35,799.67,-0.68,Slovakia,994.7,L,4,5,U-15 Baseball European Championship B Pool 2026 - Group Austria,2.0,0.3217
2026-07-20 15:00:00,188957,Hungary,50,864.1,863.4,-0.7,Russia,1173.03,L,1,17,U-15 Baseball European Championship B Pool 2026 - Group Austria,2.0,0.2341
2026-07-20 15:00:00,188957,Russia,25,1173.03,1173.73,0.7,Hungary,864.1,W,17,1,U-15 Baseball European Championship B Pool 2026 - Group Austria,2.0,0.7659
2026-07-20 19:00:00,188485,Austria,28,1116.46,1117.14,0.68,Bulgaria,794.61,W,23,1,U-15 Baseball European Championship B Pool 2026 - Group Austria,2.0,0.7747
2026-07-20 19:00:00,188485,Bulgaria,80,794.61,793.93,-0.68,Austria,1116.46,L,1,23,U-15 Baseball European Championship B Pool 2026 - Group Austria,2.0,0.2253
2026-07-21 10:00:00,188501,Lithuania,40,975.57,973.55,-2.02,Poland,786.33,L,4,19,U-15 Baseball European Championship B Pool 2026 - Group Belgium,2.0,0.674
2026-07-21 10:00:00,188501,Poland,82,786.33,788.35,2.02,Lithuania,975.57,W,19,4,U-15 Baseball European Championship B Pool 2026 - Group Belgium,2.0,0.326
2026-07-21 11:00:00,188486,Croatia,29,1109.93,1109.17,-0.77,Spain,1387.48,L,0,25,U-15 Baseball European Championship B Pool 2026 - Group Austria,2.0,0.2563
2026-07-21 11:00:00,188486,Spain,13,1387.48,1388.25,0.77,Croatia,1109.93,W,25,0,U-15 Baseball European Championship B Pool 2026 - Group Austria,2.0,0.7437
2026-07-21 13:30:00,188502,Ukraine,30,1109.05,1109.75,0.7,Denmark,800.0,W,18,0,U-15 Baseball European Championship B Pool 2026 - Group Belgium,2.0,0.766
2026-07-21 13:30:00,188502,Denmark,75,800.0,799.3,-0.7,Ukraine,1109.05,L,0,18,U-15 Baseball European Championship B Pool 2026 - Group Belgium,2.0,0.234
2026-07-21 15:00:00,188487,Bulgaria,80,793.93,792.63,-1.3,Hungary,863.4,L,1,15,U-15 Baseball European Championship B Pool 2026 - Group Austria,2.0,0.4337
2026-07-21 15:00:00,188487,Hungary,50,863.4,864.7,1.3,Bulgaria,793.93,W,15,1,U-15 Baseball European Championship B Pool 2026 - Group Austria,2.0,0.5663
2026-07-21 17:00:00,188503,Belgium,26,1146.66,1147.29,0.63,Estonia,800.0,W,25,5,U-15 Baseball European Championship B Pool 2026 - Group Belgium,2.0,0.7909
2026-07-21 17:00:00,188503,Estonia,71,800.0,799.37,-0.63,Belgium,1146.66,L,5,25,U-15 Baseball European Championship B Pool 2026 - Group Belgium,2.0,0.2091
2026-07-21 19:00:00,188488,Austria,28,1117.14,1118.3,1.16,Russia,1173.73,W,6,5,U-15 Baseball European Championship B Pool 2026 - Group Austria,2.0,0.4459
2026-07-21 19:00:00,188488,Russia,25,1173.73,1172.57,-1.16,Austria,1117.14,L,5,6,U-15 Baseball European Championship B Pool 2026 - Group Austria,2.0,0.5541
2026-07-22 10:00:00,188504,Israel,18,1296.07,1296.68,0.61,Sweden,962.47,W,11,3,U-15 Baseball European Championship B Pool 2026 - Group Belgium,2.0,0.7825
2026-07-22 10:00:00,188504,Sweden,41,962.47,961.86,-0.61,Israel,1296.07,L,3,11,U-15 Baseball European Championship B Pool 2026 - Group Belgium,2.0,0.2175
2026-07-22 11:00:00,188489,Spain,13,1388.25,1388.8,0.54,Slovakia,995.38,W,16,4,U-15 Baseball European Championship B Pool 2026 - Group Austria,2.0,0.8187
2026-07-22 11:00:00,188489,Slovakia,36,995.38,994.83,-0.54,Spain,1388.25,L,4,16,U-15 Baseball European Championship B Pool 2026 - Group Austria,2.0,0.1813
2026-07-22 13:30:00,188505,Lithuania,40,973.55,974.26,0.71,Estonia,799.37,W,12,11,U-15 Baseball European Championship B Pool 2026 - Group Belgium,2.0,0.6611
2026-07-22 13:30:00,188505,Estonia,75,799.37,798.66,-0.71,Lithuania,973.55,L,11,12,U-15 Baseball European Championship B Pool 2026 - Group Belgium,2.0,0.3389
2026-07-22 15:00:00,188490,Croatia,30,1109.17,1109.87,0.7,Belarus,799.67,W,16,4,U-15 Baseball European Championship B Pool 2026 - Group Austria,2.0,0.7663
2026-07-22 15:00:00,188490,Belarus,74,799.67,798.97,-0.7,Croatia,1109.17,L,4,16,U-15 Baseball European Championship B Pool 2026 - Group Austria,2.0,0.2337
2026-07-22 17:00:00,188506,Poland,82,788.35,787.83,-0.52,Belgium,1147.29,L,3,9,U-15 Baseball European Championship B Pool 2026 - Group Belgium,2.0,0.2014
2026-07-22 17:00:00,188506,Belgium,26,1147.29,1147.81,0.52,Poland,788.35,W,9,3,U-15 Baseball European Championship B Pool 2026 - Group Belgium,2.0,0.7986
2026-07-22 19:00:00,188491,Hungary,50,864.7,863.88,-0.82,Austria,1118.3,L,1,23,U-15 Baseball European Championship B Pool 2026 - Group Austria,2.0,0.2742
2026-07-22 19:00:00,188491,Austria,28,1118.3,1119.12,0.82,Hungary,864.7,W,23,1,U-15 Baseball European Championship B Pool 2026 - Group Austria,2.0,0.7258
2026-07-23 10:00:00,188507,Ukraine,30,1109.75,1111.77,2.02,Israel,1296.68,W,16,2,U-15 Baseball European Championship B Pool 2026 - Group Belgium,2.0,0.328
2026-07-23 10:00:00,188507,Israel,18,1296.68,1294.66,-2.02,Ukraine,1109.75,L,2,16,U-15 Baseball European Championship B Pool 2026 - Group Belgium,2.0,0.672
2026-07-23 11:00:00,188492,Slovakia,37,994.83,996.11,1.28,Croatia,1109.87,W,16,15,U-15 Baseball European Championship B Pool 2026 - Group Austria,2.0,0.3914
2026-07-23 11:00:00,188492,Croatia,30,1109.87,1108.59,-1.28,Slovakia,994.83,L,15,16,U-15 Baseball European Championship B Pool 2026 - Group Austria,2.0,0.6086
2026-07-23 13:30:00,188508,Estonia,76,798.66,797.13,-1.53,Poland,787.83,L,2,20,U-15 Baseball European Championship B Pool 2026 - Group Belgium,2.0,0.5104
2026-07-23 13:30:00,188508,Poland,82,787.83,789.36,1.53,Estonia,798.66,W,20,2,U-15 Baseball European Championship B Pool 2026 - Group Belgium,2.0,0.4896
2026-07-23 15:00:00,188493,Russia,25,1172.57,1173.13,0.57,Bulgaria,792.63,W,19,9,U-15 Baseball European Championship B Pool 2026 - Group Austria,2.0,0.8112
2026-07-23 15:00:00,188493,Bulgaria,80,792.63,792.07,-0.57,Russia,1172.57,L,9,19,U-15 Baseball European Championship B Pool 2026 - Group Austria,2.0,0.1888
2026-07-23 17:00:00,188509,Denmark,74,799.3,798.25,-1.05,Sweden,961.86,L,11,25,U-15 Baseball European Championship B Pool 2026 - Group Belgium,2.0,0.3489
2026-07-23 17:00:00,188509,Sweden,41,961.86,962.91,1.05,Denmark,799.3,W,25,11,U-15 Baseball European Championship B Pool 2026 - Group Belgium,2.0,0.6511
2026-07-23 19:00:00,188494,Belarus,74,798.97,798.69,-0.28,Spain,1388.8,L,0,22,U-15 Baseball European Championship B Pool 2026 - Group Austria,2.0,0.0942
2026-07-23 19:00:00,188494,Spain,13,1388.8,1389.08,0.28,Belarus,798.97,W,22,0,U-15 Baseball European Championship B Pool 2026 - Group Austria,2.0,0.9058
2026-07-24 10:00:00,188510,Sweden,41,962.91,961.83,-1.08,Ukraine,1111.77,L,3,23,U-15 Baseball European Championship B Pool 2026 - Group Belgium,2.0,0.3609
2026-07-24 10:00:00,188510,Ukraine,29,1111.77,1112.85,1.08,Sweden,962.91,W,23,3,U-15 Baseball European Championship B Pool 2026 - Group Belgium,2.0,0.6391
2026-07-24 11:00:00,188495,Bulgaria,80,792.07,790.59,-1.48,Belarus,798.69,L,2,17,U-15 Baseball European Championship B Pool 2026 - Group Austria,2.0,0.4936
2026-07-24 11:00:00,188495,Belarus,74,798.69,800.17,1.48,Bulgaria,792.07,W,17,2,U-15 Baseball European Championship B Pool 2026 - Group Austria,2.0,0.5064
2026-07-24 13:30:00,188511,Israel,18,1294.66,1295.05,0.39,Denmark,798.25,W,18,3,U-15 Baseball European Championship B Pool 2026 - Group Belgium,2.0,0.8705
2026-07-24 13:30:00,188511,Denmark,75,798.25,797.86,-0.39,Israel,1294.66,L,3,18,U-15 Baseball European Championship B Pool 2026 - Group Belgium,2.0,0.1295
2026-07-24 15:00:00,188497,Spain,13,1389.08,1389.72,0.64,Russia,1173.13,W,9,8,U-15 Baseball European Championship B Pool 2026 - Group Austria,2.0,0.6961
2026-07-24 15:00:00,188497,Russia,25,1173.13,1172.49,-0.64,Spain,1389.08,L,8,9,U-15 Baseball European Championship B Pool 2026 - Group Austria,2.0,0.3039
2026-07-24 17:00:00,188512,Belgium,26,1147.81,1148.83,1.02,Lithuania,974.26,W,14,4,U-15 Baseball European Championship B Pool 2026 - Group Belgium,2.0,0.6606
2026-07-24 17:00:00,188512,Lithuania,40,974.26,973.24,-1.02,Belgium,1147.81,L,4,14,U-15 Baseball European Championship B Pool 2026 - Group Belgium,2.0,0.3394
2026-07-24 19:00:00,188496,Austria,28,1119.12,1120.04,0.92,Slovakia,996.11,W,7,3,U-15 Baseball European Championship B Pool 2026 - Group Austria,2.0,0.6159
2026-07-24 19:00:00,188496,Slovakia,36,996.11,995.19,-0.92,Austria,1119.12,L,3,7,U-15 Baseball European Championship B Pool 2026 - Group Austria,2.0,0.3841
